"record_type","model_name","data_name","model_class","formula","created_at","bundle_created_at","n","r","r_squared","adj_r_squared","see","ss_regression","ss_residual","ss_total","df_regression","df_residual","df_total","ms_regression","ms_residual","f","significance","sigma","aic","bic","rmse","mae","term","estimate","std_error","t_value","p_value"
"model","cod_mod_time_23_25","data","lm","ln_sppsf ~ single_family1story + smallest + small + large + two_plus_baths + powder_room + good + fair + poor + very_poor_unsound + qabove_avg + qbelow_avg + yb_pre_1929 + yb_1946_to_1960 + yb_post_1961 + ln_garagespaces + fireplace + hot_water + wall + central_air + months_1to9 + months_10to16","2026-02-18 21:45:55 UTC","2026-02-18 21:45:55 UTC",9309,0.357254,0.12763,0.125564,0.510429,353.95843,2419.350651,2773.309081,22,9286,9308,16.08902,0.260537,61.753196,0,0.510429,13922.083056,14093.412742,0.509798,0.412258,NA,NA,NA,NA,NA
"model","cod_mod_ln_price_no_ecf_23_25","data","lm","ln_price ~ ln_landratio + ln_base_bldgsize_ratio + single_family1story + half_duplex1story + large + largest + two_plus_baths + powder_room + good + fair + poor + very_poor_unsound + qabove_avg + qbelow_avg + yb_pre_1929 + yb_1946_to_1960 + fireplace + hot_water + elec_baseboard + wall + central_air + months_1to9 + months_10to16","2026-02-18 21:45:55 UTC","2026-02-18 21:45:55 UTC",13831,0.580252,0.336693,0.335588,0.526755,1944.627724,3831.046537,5775.674261,23,13807,13830,84.549031,0.277471,304.712685,0,0.526755,21544.793474,21733.160167,0.526298,0.422814,NA,NA,NA,NA,NA
"model","cod_mod_base_23_25","data","lm","ln_price ~ ln_landratio + ln_base_bldgsize_ratio + half_duplex1story + half_duplex2story + largest + two_plus_baths + good + fair + poor + very_poor_unsound + qabove_avg + qbelow_avg + yb_pre_1929 + yb_1946_to_1960 + yb_post_1961 + slab + ln_garagespaces + fireplace + hot_water + wall + central_air + ecf_1R103 + ecf_1R105 + ecf_1R106 + ecf_1R108 + ecf_1R113 + ecf_1R114 + ecf_1R115 + ecf_1R116 + ecf_1R119 + ecf_1R122 + ecf_1R124 + ecf_1R126 + ecf_1R127 + ecf_1R128 + ecf_1R130 + ecf_1R132 + ecf_1R133 + ecf_1R134 + ecf_1R136 + ecf_1R137 + ecf_2R201 + ecf_2R203 + ecf_2R204 + ecf_2R208 + ecf_2R209 + ecf_2R210 + ecf_2R211 + ecf_2R213 + ecf_2R214 + ecf_2R215 + ecf_2R216 + ecf_2R218 + ecf_2R219 + ecf_2R220 + ecf_2R222 + ecf_2R224 + ecf_2R226 + ecf_2R228 + ecf_2R229 + ecf_2R230 + ecf_3R301 + ecf_3R303 + ecf_3R304 + ecf_3R305 + ecf_3R306 + ecf_3R307 + ecf_3R308 + ecf_3R309 + ecf_3R310 + ecf_3R311 + ecf_3R312 + ecf_3R313 + ecf_3R314 + ecf_3R315 + ecf_3R316 + ecf_3R317 + ecf_3R319 + ecf_3R320 + ecf_3R321 + ecf_3R322 + ecf_3R323 + ecf_3R324 + ecf_3R325 + ecf_3R326 + ecf_4R401 + ecf_4R402 + ecf_4R403 + ecf_4R404 + ecf_4R405 + ecf_4R406 + ecf_4R407 + ecf_4R408 + ecf_4R409 + ecf_4R411 + ecf_4R412 + ecf_4R413 + ecf_4R414 + ecf_4R415 + ecf_4R416 + ecf_4R419 + ecf_4R421 + ecf_4R422 + ecf_5R501 + ecf_5R502 + ecf_5R503 + ecf_5R504 + ecf_5R505 + ecf_5R506 + ecf_5R508 + ecf_5R509 + ecf_5R512 + ecf_5R514 + ecf_5R517 + ecf_5R521 + ecf_5R523 + ecf_5R524 + ecf_5R528 + ecf_5R529 + ecf_5R530 + ecf_5R531 + ecf_5R532 + ecf_5R533 + ecf_5r538 + ecf_6R601 + ecf_6R602 + ecf_6R603 + ecf_6R604 + ecf_6R606 + ecf_6R608 + ecf_6R609 + ecf_6R614 + ecf_6R618 + ecf_6R620 + ecf_7R701 + ecf_7R702 + ecf_7R703 + ecf_7R704 + ecf_7R705 + ecf_7R706 + ecf_7R707 + ecf_7R708 + ecf_7R709 + ecf_7R711 + ecf_7R712 + ecf_7R713 + ecf_7R714 + ecf_7R715 + ecf_7R716 + ecf_7R717 + ecf_7R718 + ecf_7R719 + ecf_7R720 + ecf_7R722 + ecf_7R724 + ecf_CGRS6 + months_1to9 + months_10to16","2026-02-18 21:45:55 UTC","2026-02-18 21:45:55 UTC",9309,0.711461,0.506176,0.497924,0.446213,1868.414592,1822.817416,3691.232008,153,9155,9308,12.21186,0.199106,61.333394,0,0.446213,11548.557671,12655.061898,0.442507,0.361057,NA,NA,NA,NA,NA
"model","cod_mod_base_inliers_23_25","data","lm","ln_price ~ ln_landratio + ln_base_bldgsize_ratio + half_duplex1story + half_duplex2story + largest + good + fair + poor + very_poor_unsound + qabove_avg + qbelow_avg + yb_pre_1929 + yb_1946_to_1960 + yb_post_1961 + slab + fireplace + hot_water + central_air + ecf_1R102 + ecf_1R103 + ecf_1R105 + ecf_1R106 + ecf_1R108 + ecf_1R109 + ecf_1R113 + ecf_1R114 + ecf_1R115 + ecf_1R116 + ecf_1R117 + ecf_1R118 + ecf_1R119 + ecf_1R121 + ecf_1R122 + ecf_1R123 + ecf_1R124 + ecf_1R126 + ecf_1R127 + ecf_1R128 + ecf_1R129 + ecf_1R130 + ecf_1R131 + ecf_1R133 + ecf_1R134 + ecf_1R135 + ecf_1R136 + ecf_1R137 + ecf_2R201 + ecf_2R202 + ecf_2R205 + ecf_2R208 + ecf_2R209 + ecf_2R210 + ecf_2R211 + ecf_2R212 + ecf_2R214 + ecf_2R215 + ecf_2R216 + ecf_2R218 + ecf_2R219 + ecf_2R220 + ecf_2R221 + ecf_2R222 + ecf_2R223 + ecf_2R224 + ecf_2R225 + ecf_2R226 + ecf_2R228 + ecf_2R229 + ecf_2R230 + ecf_3R301 + ecf_3R303 + ecf_3R304 + ecf_3R305 + ecf_3R306 + ecf_3R307 + ecf_3R308 + ecf_3R309 + ecf_3R310 + ecf_3R311 + ecf_3R312 + ecf_3R313 + ecf_3R314 + ecf_3R315 + ecf_3R316 + ecf_3R317 + ecf_3R318 + ecf_3R319 + ecf_3R320 + ecf_3R321 + ecf_3R322 + ecf_3R323 + ecf_3R324 + ecf_3R325 + ecf_3R326 + ecf_4R401 + ecf_4R402 + ecf_4R403 + ecf_4R404 + ecf_4R405 + ecf_4R406 + ecf_4R407 + ecf_4R408 + ecf_4R409 + ecf_4R410 + ecf_4R411 + ecf_4R412 + ecf_4R413 + ecf_4R414 + ecf_4R415 + ecf_4R416 + ecf_4R417 + ecf_4R419 + ecf_4R421 + ecf_4R422 + ecf_5R501 + ecf_5R502 + ecf_5R503 + ecf_5R504 + ecf_5R505 + ecf_5R506 + ecf_5R508 + ecf_5R509 + ecf_5R511 + ecf_5R512 + ecf_5R514 + ecf_5R517 + ecf_5R521 + ecf_5R523 + ecf_5R524 + ecf_5R528 + ecf_5R529 + ecf_5R530 + ecf_5R533 + ecf_5r538 + ecf_6R601 + ecf_6R602 + ecf_6R603 + ecf_6R604 + ecf_6R606 + ecf_6R608 + ecf_6R609 + ecf_6R611 + ecf_6R612 + ecf_6R614 + ecf_6R615 + ecf_6R618 + ecf_6R620 + ecf_7R701 + ecf_7R702 + ecf_7R703 + ecf_7R704 + ecf_7R705 + ecf_7R706 + ecf_7R707 + ecf_7R708 + ecf_7R709 + ecf_7R710 + ecf_7R711 + ecf_7R712 + ecf_7R713 + ecf_7R714 + ecf_7R715 + ecf_7R716 + ecf_7R717 + ecf_7R718 + ecf_7R719 + ecf_7R720 + ecf_7R722 + ecf_7R724 + ecf_CGRS6 + months_1to9 + months_10to16","2026-02-18 21:45:55 UTC","2026-02-18 21:45:55 UTC",8441,0.754668,0.569524,0.561576,0.382118,1600.862418,1210.017232,2810.87965,153,8287,8440,10.463153,0.146014,71.658607,0,0.382118,7868.163254,8959.495944,0.378616,0.316881,NA,NA,NA,NA,NA
"model","cod_mod_tasp_23_25","data","lm","ln_tasp_re ~ ln_landratio + ln_base_bldgsize_ratio + half_duplex1story + half_duplex2story + largest + good + fair + poor + very_poor_unsound + qabove_avg + qbelow_avg + yb_pre_1929 + yb_1946_to_1960 + yb_post_1961 + slab + fireplace + hot_water + central_air + ecf_1R102 + ecf_1R103 + ecf_1R105 + ecf_1R106 + ecf_1R108 + ecf_1R109 + ecf_1R110 + ecf_1R113 + ecf_1R114 + ecf_1R115 + ecf_1R116 + ecf_1R117 + ecf_1R118 + ecf_1R119 + ecf_1R121 + ecf_1R122 + ecf_1R123 + ecf_1R124 + ecf_1R126 + ecf_1R127 + ecf_1R128 + ecf_1R129 + ecf_1R130 + ecf_1R131 + ecf_1R133 + ecf_1R134 + ecf_1R135 + ecf_1R136 + ecf_1R137 + ecf_2R201 + ecf_2R202 + ecf_2R205 + ecf_2R208 + ecf_2R209 + ecf_2R210 + ecf_2R211 + ecf_2R212 + ecf_2R214 + ecf_2R215 + ecf_2R216 + ecf_2R218 + ecf_2R219 + ecf_2R220 + ecf_2R221 + ecf_2R222 + ecf_2R223 + ecf_2R224 + ecf_2R225 + ecf_2R226 + ecf_2R228 + ecf_2R229 + ecf_2R230 + ecf_3R301 + ecf_3R303 + ecf_3R304 + ecf_3R305 + ecf_3R306 + ecf_3R307 + ecf_3R308 + ecf_3R309 + ecf_3R310 + ecf_3R311 + ecf_3R312 + ecf_3R313 + ecf_3R314 + ecf_3R315 + ecf_3R316 + ecf_3R317 + ecf_3R318 + ecf_3R319 + ecf_3R320 + ecf_3R321 + ecf_3R322 + ecf_3R323 + ecf_3R324 + ecf_3R325 + ecf_3R326 + ecf_4R401 + ecf_4R402 + ecf_4R403 + ecf_4R404 + ecf_4R405 + ecf_4R406 + ecf_4R407 + ecf_4R408 + ecf_4R409 + ecf_4R410 + ecf_4R411 + ecf_4R412 + ecf_4R413 + ecf_4R414 + ecf_4R415 + ecf_4R416 + ecf_4R417 + ecf_4R419 + ecf_4R421 + ecf_4R422 + ecf_5R501 + ecf_5R502 + ecf_5R503 + ecf_5R504 + ecf_5R505 + ecf_5R506 + ecf_5R508 + ecf_5R509 + ecf_5R511 + ecf_5R512 + ecf_5R514 + ecf_5R517 + ecf_5R523 + ecf_5R524 + ecf_5R528 + ecf_5R529 + ecf_5R533 + ecf_5r538 + ecf_6R601 + ecf_6R602 + ecf_6R603 + ecf_6R604 + ecf_6R606 + ecf_6R608 + ecf_6R609 + ecf_6R611 + ecf_6R612 + ecf_6R614 + ecf_6R615 + ecf_6R618 + ecf_6R620 + ecf_7R701 + ecf_7R702 + ecf_7R703 + ecf_7R704 + ecf_7R705 + ecf_7R706 + ecf_7R707 + ecf_7R708 + ecf_7R709 + ecf_7R710 + ecf_7R711 + ecf_7R712 + ecf_7R713 + ecf_7R714 + ecf_7R715 + ecf_7R716 + ecf_7R717 + ecf_7R718 + ecf_7R719 + ecf_7R720 + ecf_7R722 + ecf_7R724 + ecf_CGRS6","2026-02-18 21:45:55 UTC","2026-02-18 21:45:55 UTC",8441,0.750315,0.562972,0.555064,0.382166,1559.68306,1210.762366,2770.445426,150,8290,8440,10.397887,0.146051,71.193561,0,0.382166,7867.359663,8937.569784,0.378732,0.317132,NA,NA,NA,NA,NA
"model","cod_mod_alt_23_25","data","lm","ln_tasp_re ~ ln_landratio + lnsbldsfint + half_duplex1story + largest + two_plus_baths + powder_room + good + fair + poor + very_poor_unsound + qabove_avg + qbelow_avg + yb_pre_1929 + yb_1946_to_1960 + yb_post_1961 + slab + garage + fireplace + hot_water + central_air + ecf_1R102 + ecf_1R104 + ecf_1R105 + ecf_1R106 + ecf_1R107 + ecf_1R108 + ecf_1R109 + ecf_1R110 + ecf_1R112 + ecf_1R113 + ecf_1R114 + ecf_1R116 + ecf_1R117 + ecf_1R118 + ecf_1R119 + ecf_1R120 + ecf_1R121 + ecf_1R122 + ecf_1R123 + ecf_1R124 + ecf_1R125 + ecf_1R126 + ecf_1R127 + ecf_1R128 + ecf_1R129 + ecf_1R130 + ecf_1R131 + ecf_1R132 + ecf_1R133 + ecf_1R135 + ecf_1R136 + ecf_1R137 + ecf_2R201 + ecf_2R202 + ecf_2R203 + ecf_2R205 + ecf_2R207 + ecf_2R208 + ecf_2R210 + ecf_2R211 + ecf_2R212 + ecf_2R213 + ecf_2R215 + ecf_2R216 + ecf_2R218 + ecf_2R219 + ecf_2R220 + ecf_2R221 + ecf_2R222 + ecf_2R223 + ecf_2R224 + ecf_2R225 + ecf_2R226 + ecf_2R228 + ecf_2R229 + ecf_2R230 + ecf_3R301 + ecf_3R303 + ecf_3R304 + ecf_3R305 + ecf_3R307 + ecf_3R308 + ecf_3R309 + ecf_3R310 + ecf_3R311 + ecf_3R312 + ecf_3R313 + ecf_3R314 + ecf_3R315 + ecf_3R316 + ecf_3R317 + ecf_3R318 + ecf_3R319 + ecf_3R320 + ecf_3R321 + ecf_3R322 + ecf_3R323 + ecf_3R324 + ecf_3R325 + ecf_3R326 + ecf_4R401 + ecf_4R402 + ecf_4R403 + ecf_4R404 + ecf_4R405 + ecf_4R406 + ecf_4R407 + ecf_4R408 + ecf_4R409 + ecf_4R410 + ecf_4R411 + ecf_4R412 + ecf_4R413 + ecf_4R416 + ecf_4R417 + ecf_4R419 + ecf_4R421 + ecf_5R501 + ecf_5R502 + ecf_5R503 + ecf_5R504 + ecf_5R505 + ecf_5R506 + ecf_5R508 + ecf_5R509 + ecf_5R511 + ecf_5R512 + ecf_5R514 + ecf_5R517 + ecf_5R523 + ecf_5R524 + ecf_5R528 + ecf_5R529 + ecf_5R533 + ecf_5R534 + ecf_5r538 + ecf_5R539 + ecf_6R601 + ecf_6R602 + ecf_6R603 + ecf_6R604 + ecf_6R605 + ecf_6R606 + ecf_6R609 + ecf_6R611 + ecf_6R612 + ecf_6R614 + ecf_6R615 + ecf_6R618 + ecf_6R620 + ecf_7R701 + ecf_7R703 + ecf_7R704 + ecf_7R705 + ecf_7R706 + ecf_7R707 + ecf_7R708 + ecf_7R709 + ecf_7R710 + ecf_7R711 + ecf_7R712 + ecf_7R713 + ecf_7R714 + ecf_7R715 + ecf_7R716 + ecf_7R717 + ecf_7R718 + ecf_7R719 + ecf_7R720 + ecf_7R721 + ecf_7R722 + ecf_7R723 + ecf_7R724 + ecf_CGRS6","2026-02-18 21:45:55 UTC","2026-02-18 21:45:55 UTC",8441,0.750745,0.563618,0.555508,0.381976,1561.473151,1208.972276,2770.445426,154,8286,8440,10.139436,0.145905,69.493212,0,0.381976,7862.870561,8961.244107,0.378452,0.31667,NA,NA,NA,NA,NA
"coefficient","cod_mod_time_23_25","data",NA,NA,"2026-02-18 21:45:55 UTC",NA,9309,0.357254,0.12763,0.125564,0.510429,353.95843,2419.350651,2773.309081,22,9286,9308,16.08902,0.260537,61.753196,0,0.510429,13922.083056,14093.412742,0.509798,0.412258,"(Intercept)",4.029811,0.021478,187.628077,0
"coefficient","cod_mod_time_23_25","data",NA,NA,"2026-02-18 21:45:55 UTC",NA,9309,0.357254,0.12763,0.125564,0.510429,353.95843,2419.350651,2773.309081,22,9286,9308,16.08902,0.260537,61.753196,0,0.510429,13922.083056,14093.412742,0.509798,0.412258,"single_family1story",0.040347,0.015357,2.627309,0.00862
"coefficient","cod_mod_time_23_25","data",NA,NA,"2026-02-18 21:45:55 UTC",NA,9309,0.357254,0.12763,0.125564,0.510429,353.95843,2419.350651,2773.309081,22,9286,9308,16.08902,0.260537,61.753196,0,0.510429,13922.083056,14093.412742,0.509798,0.412258,"smallest",0.137617,0.022058,6.238735,0
"coefficient","cod_mod_time_23_25","data",NA,NA,"2026-02-18 21:45:55 UTC",NA,9309,0.357254,0.12763,0.125564,0.510429,353.95843,2419.350651,2773.309081,22,9286,9308,16.08902,0.260537,61.753196,0,0.510429,13922.083056,14093.412742,0.509798,0.412258,"small",0.055776,0.015234,3.661226,0.000252
"coefficient","cod_mod_time_23_25","data",NA,NA,"2026-02-18 21:45:55 UTC",NA,9309,0.357254,0.12763,0.125564,0.510429,353.95843,2419.350651,2773.309081,22,9286,9308,16.08902,0.260537,61.753196,0,0.510429,13922.083056,14093.412742,0.509798,0.412258,"large",-0.024746,0.014701,-1.683312,0.092348
"coefficient","cod_mod_time_23_25","data",NA,NA,"2026-02-18 21:45:55 UTC",NA,9309,0.357254,0.12763,0.125564,0.510429,353.95843,2419.350651,2773.309081,22,9286,9308,16.08902,0.260537,61.753196,0,0.510429,13922.083056,14093.412742,0.509798,0.412258,"two_plus_baths",0.097368,0.032086,3.034602,0.002415
"coefficient","cod_mod_time_23_25","data",NA,NA,"2026-02-18 21:45:55 UTC",NA,9309,0.357254,0.12763,0.125564,0.510429,353.95843,2419.350651,2773.309081,22,9286,9308,16.08902,0.260537,61.753196,0,0.510429,13922.083056,14093.412742,0.509798,0.412258,"powder_room",0.036673,0.017244,2.12672,0.03347
"coefficient","cod_mod_time_23_25","data",NA,NA,"2026-02-18 21:45:55 UTC",NA,9309,0.357254,0.12763,0.125564,0.510429,353.95843,2419.350651,2773.309081,22,9286,9308,16.08902,0.260537,61.753196,0,0.510429,13922.083056,14093.412742,0.509798,0.412258,"good",0.281384,0.040503,6.947285,0
"coefficient","cod_mod_time_23_25","data",NA,NA,"2026-02-18 21:45:55 UTC",NA,9309,0.357254,0.12763,0.125564,0.510429,353.95843,2419.350651,2773.309081,22,9286,9308,16.08902,0.260537,61.753196,0,0.510429,13922.083056,14093.412742,0.509798,0.412258,"fair",-0.204713,0.01349,-15.175571,0
"coefficient","cod_mod_time_23_25","data",NA,NA,"2026-02-18 21:45:55 UTC",NA,9309,0.357254,0.12763,0.125564,0.510429,353.95843,2419.350651,2773.309081,22,9286,9308,16.08902,0.260537,61.753196,0,0.510429,13922.083056,14093.412742,0.509798,0.412258,"poor",-0.332933,0.03261,-10.209593,0
"coefficient","cod_mod_time_23_25","data",NA,NA,"2026-02-18 21:45:55 UTC",NA,9309,0.357254,0.12763,0.125564,0.510429,353.95843,2419.350651,2773.309081,22,9286,9308,16.08902,0.260537,61.753196,0,0.510429,13922.083056,14093.412742,0.509798,0.412258,"very_poor_unsound",-0.40026,0.079263,-5.049785,0
"coefficient","cod_mod_time_23_25","data",NA,NA,"2026-02-18 21:45:55 UTC",NA,9309,0.357254,0.12763,0.125564,0.510429,353.95843,2419.350651,2773.309081,22,9286,9308,16.08902,0.260537,61.753196,0,0.510429,13922.083056,14093.412742,0.509798,0.412258,"qabove_avg",0.396797,0.03859,10.282332,0
"coefficient","cod_mod_time_23_25","data",NA,NA,"2026-02-18 21:45:55 UTC",NA,9309,0.357254,0.12763,0.125564,0.510429,353.95843,2419.350651,2773.309081,22,9286,9308,16.08902,0.260537,61.753196,0,0.510429,13922.083056,14093.412742,0.509798,0.412258,"qbelow_avg",-0.034643,0.013711,-2.526676,0.011531
"coefficient","cod_mod_time_23_25","data",NA,NA,"2026-02-18 21:45:55 UTC",NA,9309,0.357254,0.12763,0.125564,0.510429,353.95843,2419.350651,2773.309081,22,9286,9308,16.08902,0.260537,61.753196,0,0.510429,13922.083056,14093.412742,0.509798,0.412258,"yb_pre_1929",-0.149022,0.017134,-8.697597,0
"coefficient","cod_mod_time_23_25","data",NA,NA,"2026-02-18 21:45:55 UTC",NA,9309,0.357254,0.12763,0.125564,0.510429,353.95843,2419.350651,2773.309081,22,9286,9308,16.08902,0.260537,61.753196,0,0.510429,13922.083056,14093.412742,0.509798,0.412258,"yb_1946_to_1960",0.071,0.012806,5.544326,0
"coefficient","cod_mod_time_23_25","data",NA,NA,"2026-02-18 21:45:55 UTC",NA,9309,0.357254,0.12763,0.125564,0.510429,353.95843,2419.350651,2773.309081,22,9286,9308,16.08902,0.260537,61.753196,0,0.510429,13922.083056,14093.412742,0.509798,0.412258,"yb_post_1961",-0.070574,0.037047,-1.904988,0.056812
"coefficient","cod_mod_time_23_25","data",NA,NA,"2026-02-18 21:45:55 UTC",NA,9309,0.357254,0.12763,0.125564,0.510429,353.95843,2419.350651,2773.309081,22,9286,9308,16.08902,0.260537,61.753196,0,0.510429,13922.083056,14093.412742,0.509798,0.412258,"ln_garagespaces",0.047612,0.017301,2.751945,0.005936
"coefficient","cod_mod_time_23_25","data",NA,NA,"2026-02-18 21:45:55 UTC",NA,9309,0.357254,0.12763,0.125564,0.510429,353.95843,2419.350651,2773.309081,22,9286,9308,16.08902,0.260537,61.753196,0,0.510429,13922.083056,14093.412742,0.509798,0.412258,"fireplace",0.115698,0.013203,8.762889,0
"coefficient","cod_mod_time_23_25","data",NA,NA,"2026-02-18 21:45:55 UTC",NA,9309,0.357254,0.12763,0.125564,0.510429,353.95843,2419.350651,2773.309081,22,9286,9308,16.08902,0.260537,61.753196,0,0.510429,13922.083056,14093.412742,0.509798,0.412258,"hot_water",0.075688,0.021589,3.505793,0.000457
"coefficient","cod_mod_time_23_25","data",NA,NA,"2026-02-18 21:45:55 UTC",NA,9309,0.357254,0.12763,0.125564,0.510429,353.95843,2419.350651,2773.309081,22,9286,9308,16.08902,0.260537,61.753196,0,0.510429,13922.083056,14093.412742,0.509798,0.412258,"wall",-0.148806,0.081824,-1.818625,0.069001
"coefficient","cod_mod_time_23_25","data",NA,NA,"2026-02-18 21:45:55 UTC",NA,9309,0.357254,0.12763,0.125564,0.510429,353.95843,2419.350651,2773.309081,22,9286,9308,16.08902,0.260537,61.753196,0,0.510429,13922.083056,14093.412742,0.509798,0.412258,"central_air",0.107675,0.013785,7.810752,0
"coefficient","cod_mod_time_23_25","data",NA,NA,"2026-02-18 21:45:55 UTC",NA,9309,0.357254,0.12763,0.125564,0.510429,353.95843,2419.350651,2773.309081,22,9286,9308,16.08902,0.260537,61.753196,0,0.510429,13922.083056,14093.412742,0.509798,0.412258,"months_1to9",0.007369,0.002169,3.397845,0.000682
"coefficient","cod_mod_time_23_25","data",NA,NA,"2026-02-18 21:45:55 UTC",NA,9309,0.357254,0.12763,0.125564,0.510429,353.95843,2419.350651,2773.309081,22,9286,9308,16.08902,0.260537,61.753196,0,0.510429,13922.083056,14093.412742,0.509798,0.412258,"months_10to16",0.016143,0.002279,7.083253,0
"coefficient","cod_mod_ln_price_no_ecf_23_25","data",NA,NA,"2026-02-18 21:45:55 UTC",NA,13831,0.580252,0.336693,0.335588,0.526755,1944.627724,3831.046537,5775.674261,23,13807,13830,84.549031,0.277471,304.712685,0,0.526755,21544.793474,21733.160167,0.526298,0.422814,"(Intercept)",10.979707,0.017678,621.107174,0
"coefficient","cod_mod_ln_price_no_ecf_23_25","data",NA,NA,"2026-02-18 21:45:55 UTC",NA,13831,0.580252,0.336693,0.335588,0.526755,1944.627724,3831.046537,5775.674261,23,13807,13830,84.549031,0.277471,304.712685,0,0.526755,21544.793474,21733.160167,0.526298,0.422814,"ln_landratio",0.24038,0.020756,11.581107,0
"coefficient","cod_mod_ln_price_no_ecf_23_25","data",NA,NA,"2026-02-18 21:45:55 UTC",NA,13831,0.580252,0.336693,0.335588,0.526755,1944.627724,3831.046537,5775.674261,23,13807,13830,84.549031,0.277471,304.712685,0,0.526755,21544.793474,21733.160167,0.526298,0.422814,"ln_base_bldgsize_ratio",0.69297,0.037261,18.59748,0
"coefficient","cod_mod_ln_price_no_ecf_23_25","data",NA,NA,"2026-02-18 21:45:55 UTC",NA,13831,0.580252,0.336693,0.335588,0.526755,1944.627724,3831.046537,5775.674261,23,13807,13830,84.549031,0.277471,304.712685,0,0.526755,21544.793474,21733.160167,0.526298,0.422814,"single_family1story",0.040685,0.013472,3.019885,0.002533
"coefficient","cod_mod_ln_price_no_ecf_23_25","data",NA,NA,"2026-02-18 21:45:55 UTC",NA,13831,0.580252,0.336693,0.335588,0.526755,1944.627724,3831.046537,5775.674261,23,13807,13830,84.549031,0.277471,304.712685,0,0.526755,21544.793474,21733.160167,0.526298,0.422814,"half_duplex1story",-0.120379,0.049128,-2.4503,0.014286
"coefficient","cod_mod_ln_price_no_ecf_23_25","data",NA,NA,"2026-02-18 21:45:55 UTC",NA,13831,0.580252,0.336693,0.335588,0.526755,1944.627724,3831.046537,5775.674261,23,13807,13830,84.549031,0.277471,304.712685,0,0.526755,21544.793474,21733.160167,0.526298,0.422814,"large",0.030549,0.016661,1.833544,0.066743
"coefficient","cod_mod_ln_price_no_ecf_23_25","data",NA,NA,"2026-02-18 21:45:55 UTC",NA,13831,0.580252,0.336693,0.335588,0.526755,1944.627724,3831.046537,5775.674261,23,13807,13830,84.549031,0.277471,304.712685,0,0.526755,21544.793474,21733.160167,0.526298,0.422814,"largest",0.099929,0.030167,3.31255,0.000927
"coefficient","cod_mod_ln_price_no_ecf_23_25","data",NA,NA,"2026-02-18 21:45:55 UTC",NA,13831,0.580252,0.336693,0.335588,0.526755,1944.627724,3831.046537,5775.674261,23,13807,13830,84.549031,0.277471,304.712685,0,0.526755,21544.793474,21733.160167,0.526298,0.422814,"two_plus_baths",0.182854,0.03495,5.231876,0
"coefficient","cod_mod_ln_price_no_ecf_23_25","data",NA,NA,"2026-02-18 21:45:55 UTC",NA,13831,0.580252,0.336693,0.335588,0.526755,1944.627724,3831.046537,5775.674261,23,13807,13830,84.549031,0.277471,304.712685,0,0.526755,21544.793474,21733.160167,0.526298,0.422814,"powder_room",0.073478,0.019032,3.860729,0.000114
"coefficient","cod_mod_ln_price_no_ecf_23_25","data",NA,NA,"2026-02-18 21:45:55 UTC",NA,13831,0.580252,0.336693,0.335588,0.526755,1944.627724,3831.046537,5775.674261,23,13807,13830,84.549031,0.277471,304.712685,0,0.526755,21544.793474,21733.160167,0.526298,0.422814,"good",0.367,0.034193,10.733214,0
"coefficient","cod_mod_ln_price_no_ecf_23_25","data",NA,NA,"2026-02-18 21:45:55 UTC",NA,13831,0.580252,0.336693,0.335588,0.526755,1944.627724,3831.046537,5775.674261,23,13807,13830,84.549031,0.277471,304.712685,0,0.526755,21544.793474,21733.160167,0.526298,0.422814,"fair",-0.217688,0.010987,-19.812591,0
"coefficient","cod_mod_ln_price_no_ecf_23_25","data",NA,NA,"2026-02-18 21:45:55 UTC",NA,13831,0.580252,0.336693,0.335588,0.526755,1944.627724,3831.046537,5775.674261,23,13807,13830,84.549031,0.277471,304.712685,0,0.526755,21544.793474,21733.160167,0.526298,0.422814,"poor",-0.366588,0.025563,-14.340652,0
"coefficient","cod_mod_ln_price_no_ecf_23_25","data",NA,NA,"2026-02-18 21:45:55 UTC",NA,13831,0.580252,0.336693,0.335588,0.526755,1944.627724,3831.046537,5775.674261,23,13807,13830,84.549031,0.277471,304.712685,0,0.526755,21544.793474,21733.160167,0.526298,0.422814,"very_poor_unsound",-0.384909,0.058374,-6.593886,0
"coefficient","cod_mod_ln_price_no_ecf_23_25","data",NA,NA,"2026-02-18 21:45:55 UTC",NA,13831,0.580252,0.336693,0.335588,0.526755,1944.627724,3831.046537,5775.674261,23,13807,13830,84.549031,0.277471,304.712685,0,0.526755,21544.793474,21733.160167,0.526298,0.422814,"qabove_avg",0.390778,0.035975,10.862572,0
"coefficient","cod_mod_ln_price_no_ecf_23_25","data",NA,NA,"2026-02-18 21:45:55 UTC",NA,13831,0.580252,0.336693,0.335588,0.526755,1944.627724,3831.046537,5775.674261,23,13807,13830,84.549031,0.277471,304.712685,0,0.526755,21544.793474,21733.160167,0.526298,0.422814,"qbelow_avg",-0.043662,0.011707,-3.729444,0.000193
"coefficient","cod_mod_ln_price_no_ecf_23_25","data",NA,NA,"2026-02-18 21:45:55 UTC",NA,13831,0.580252,0.336693,0.335588,0.526755,1944.627724,3831.046537,5775.674261,23,13807,13830,84.549031,0.277471,304.712685,0,0.526755,21544.793474,21733.160167,0.526298,0.422814,"yb_pre_1929",-0.14252,0.013632,-10.454824,0
"coefficient","cod_mod_ln_price_no_ecf_23_25","data",NA,NA,"2026-02-18 21:45:55 UTC",NA,13831,0.580252,0.336693,0.335588,0.526755,1944.627724,3831.046537,5775.674261,23,13807,13830,84.549031,0.277471,304.712685,0,0.526755,21544.793474,21733.160167,0.526298,0.422814,"yb_1946_to_1960",0.062898,0.010967,5.734963,0
"coefficient","cod_mod_ln_price_no_ecf_23_25","data",NA,NA,"2026-02-18 21:45:55 UTC",NA,13831,0.580252,0.336693,0.335588,0.526755,1944.627724,3831.046537,5775.674261,23,13807,13830,84.549031,0.277471,304.712685,0,0.526755,21544.793474,21733.160167,0.526298,0.422814,"fireplace",0.105058,0.011138,9.432098,0
"coefficient","cod_mod_ln_price_no_ecf_23_25","data",NA,NA,"2026-02-18 21:45:55 UTC",NA,13831,0.580252,0.336693,0.335588,0.526755,1944.627724,3831.046537,5775.674261,23,13807,13830,84.549031,0.277471,304.712685,0,0.526755,21544.793474,21733.160167,0.526298,0.422814,"hot_water",0.075325,0.017715,4.252128,2.1e-05
"coefficient","cod_mod_ln_price_no_ecf_23_25","data",NA,NA,"2026-02-18 21:45:55 UTC",NA,13831,0.580252,0.336693,0.335588,0.526755,1944.627724,3831.046537,5775.674261,23,13807,13830,84.549031,0.277471,304.712685,0,0.526755,21544.793474,21733.160167,0.526298,0.422814,"elec_baseboard",-0.324301,0.18819,-1.723261,0.084864
"coefficient","cod_mod_ln_price_no_ecf_23_25","data",NA,NA,"2026-02-18 21:45:55 UTC",NA,13831,0.580252,0.336693,0.335588,0.526755,1944.627724,3831.046537,5775.674261,23,13807,13830,84.549031,0.277471,304.712685,0,0.526755,21544.793474,21733.160167,0.526298,0.422814,"wall",-0.132921,0.055956,-2.375459,0.017541
"coefficient","cod_mod_ln_price_no_ecf_23_25","data",NA,NA,"2026-02-18 21:45:55 UTC",NA,13831,0.580252,0.336693,0.335588,0.526755,1944.627724,3831.046537,5775.674261,23,13807,13830,84.549031,0.277471,304.712685,0,0.526755,21544.793474,21733.160167,0.526298,0.422814,"central_air",0.114111,0.012625,9.038747,0
"coefficient","cod_mod_ln_price_no_ecf_23_25","data",NA,NA,"2026-02-18 21:45:55 UTC",NA,13831,0.580252,0.336693,0.335588,0.526755,1944.627724,3831.046537,5775.674261,23,13807,13830,84.549031,0.277471,304.712685,0,0.526755,21544.793474,21733.160167,0.526298,0.422814,"months_1to9",0.008413,0.001867,4.506383,7e-06
"coefficient","cod_mod_ln_price_no_ecf_23_25","data",NA,NA,"2026-02-18 21:45:55 UTC",NA,13831,0.580252,0.336693,0.335588,0.526755,1944.627724,3831.046537,5775.674261,23,13807,13830,84.549031,0.277471,304.712685,0,0.526755,21544.793474,21733.160167,0.526298,0.422814,"months_10to16",0.01863,0.001933,9.637007,0
"coefficient","cod_mod_base_23_25","data",NA,NA,"2026-02-18 21:45:55 UTC",NA,9309,0.711461,0.506176,0.497924,0.446213,1868.414592,1822.817416,3691.232008,153,9155,9308,12.21186,0.199106,61.333394,0,0.446213,11548.557671,12655.061898,0.442507,0.361057,"(Intercept)",11.251364,0.018606,604.702199,0
"coefficient","cod_mod_base_23_25","data",NA,NA,"2026-02-18 21:45:55 UTC",NA,9309,0.711461,0.506176,0.497924,0.446213,1868.414592,1822.817416,3691.232008,153,9155,9308,12.21186,0.199106,61.333394,0,0.446213,11548.557671,12655.061898,0.442507,0.361057,"ln_landratio",0.125844,0.024873,5.059527,0
"coefficient","cod_mod_base_23_25","data",NA,NA,"2026-02-18 21:45:55 UTC",NA,9309,0.711461,0.506176,0.497924,0.446213,1868.414592,1822.817416,3691.232008,153,9155,9308,12.21186,0.199106,61.333394,0,0.446213,11548.557671,12655.061898,0.442507,0.361057,"ln_base_bldgsize_ratio",0.561555,0.032215,17.431624,0
"coefficient","cod_mod_base_23_25","data",NA,NA,"2026-02-18 21:45:55 UTC",NA,9309,0.711461,0.506176,0.497924,0.446213,1868.414592,1822.817416,3691.232008,153,9155,9308,12.21186,0.199106,61.333394,0,0.446213,11548.557671,12655.061898,0.442507,0.361057,"half_duplex1story",-0.250951,0.060843,-4.124595,3.7e-05
"coefficient","cod_mod_base_23_25","data",NA,NA,"2026-02-18 21:45:55 UTC",NA,9309,0.711461,0.506176,0.497924,0.446213,1868.414592,1822.817416,3691.232008,153,9155,9308,12.21186,0.199106,61.333394,0,0.446213,11548.557671,12655.061898,0.442507,0.361057,"half_duplex2story",-0.143014,0.08047,-1.777243,0.075561
"coefficient","cod_mod_base_23_25","data",NA,NA,"2026-02-18 21:45:55 UTC",NA,9309,0.711461,0.506176,0.497924,0.446213,1868.414592,1822.817416,3691.232008,153,9155,9308,12.21186,0.199106,61.333394,0,0.446213,11548.557671,12655.061898,0.442507,0.361057,"largest",0.048065,0.02186,2.198794,0.027918
"coefficient","cod_mod_base_23_25","data",NA,NA,"2026-02-18 21:45:55 UTC",NA,9309,0.711461,0.506176,0.497924,0.446213,1868.414592,1822.817416,3691.232008,153,9155,9308,12.21186,0.199106,61.333394,0,0.446213,11548.557671,12655.061898,0.442507,0.361057,"two_plus_baths",0.051817,0.031294,1.65579,0.097799
"coefficient","cod_mod_base_23_25","data",NA,NA,"2026-02-18 21:45:55 UTC",NA,9309,0.711461,0.506176,0.497924,0.446213,1868.414592,1822.817416,3691.232008,153,9155,9308,12.21186,0.199106,61.333394,0,0.446213,11548.557671,12655.061898,0.442507,0.361057,"good",0.233508,0.036111,6.466371,0
"coefficient","cod_mod_base_23_25","data",NA,NA,"2026-02-18 21:45:55 UTC",NA,9309,0.711461,0.506176,0.497924,0.446213,1868.414592,1822.817416,3691.232008,153,9155,9308,12.21186,0.199106,61.333394,0,0.446213,11548.557671,12655.061898,0.442507,0.361057,"fair",-0.168152,0.012069,-13.933029,0
"coefficient","cod_mod_base_23_25","data",NA,NA,"2026-02-18 21:45:55 UTC",NA,9309,0.711461,0.506176,0.497924,0.446213,1868.414592,1822.817416,3691.232008,153,9155,9308,12.21186,0.199106,61.333394,0,0.446213,11548.557671,12655.061898,0.442507,0.361057,"poor",-0.273122,0.029099,-9.385879,0
"coefficient","cod_mod_base_23_25","data",NA,NA,"2026-02-18 21:45:55 UTC",NA,9309,0.711461,0.506176,0.497924,0.446213,1868.414592,1822.817416,3691.232008,153,9155,9308,12.21186,0.199106,61.333394,0,0.446213,11548.557671,12655.061898,0.442507,0.361057,"very_poor_unsound",-0.231485,0.069942,-3.309691,0.000938
"coefficient","cod_mod_base_23_25","data",NA,NA,"2026-02-18 21:45:55 UTC",NA,9309,0.711461,0.506176,0.497924,0.446213,1868.414592,1822.817416,3691.232008,153,9155,9308,12.21186,0.199106,61.333394,0,0.446213,11548.557671,12655.061898,0.442507,0.361057,"qabove_avg",0.191621,0.040456,4.736479,2e-06
"coefficient","cod_mod_base_23_25","data",NA,NA,"2026-02-18 21:45:55 UTC",NA,9309,0.711461,0.506176,0.497924,0.446213,1868.414592,1822.817416,3691.232008,153,9155,9308,12.21186,0.199106,61.333394,0,0.446213,11548.557671,12655.061898,0.442507,0.361057,"qbelow_avg",-0.072165,0.013181,-5.475037,0
"coefficient","cod_mod_base_23_25","data",NA,NA,"2026-02-18 21:45:55 UTC",NA,9309,0.711461,0.506176,0.497924,0.446213,1868.414592,1822.817416,3691.232008,153,9155,9308,12.21186,0.199106,61.333394,0,0.446213,11548.557671,12655.061898,0.442507,0.361057,"yb_pre_1929",-0.063703,0.01681,-3.789588,0.000152
"coefficient","cod_mod_base_23_25","data",NA,NA,"2026-02-18 21:45:55 UTC",NA,9309,0.711461,0.506176,0.497924,0.446213,1868.414592,1822.817416,3691.232008,153,9155,9308,12.21186,0.199106,61.333394,0,0.446213,11548.557671,12655.061898,0.442507,0.361057,"yb_1946_to_1960",0.045621,0.011754,3.881352,0.000105
"coefficient","cod_mod_base_23_25","data",NA,NA,"2026-02-18 21:45:55 UTC",NA,9309,0.711461,0.506176,0.497924,0.446213,1868.414592,1822.817416,3691.232008,153,9155,9308,12.21186,0.199106,61.333394,0,0.446213,11548.557671,12655.061898,0.442507,0.361057,"yb_post_1961",0.118529,0.037103,3.194611,0.001405
"coefficient","cod_mod_base_23_25","data",NA,NA,"2026-02-18 21:45:55 UTC",NA,9309,0.711461,0.506176,0.497924,0.446213,1868.414592,1822.817416,3691.232008,153,9155,9308,12.21186,0.199106,61.333394,0,0.446213,11548.557671,12655.061898,0.442507,0.361057,"slab",-0.159367,0.045503,-3.50236,0.000463
"coefficient","cod_mod_base_23_25","data",NA,NA,"2026-02-18 21:45:55 UTC",NA,9309,0.711461,0.506176,0.497924,0.446213,1868.414592,1822.817416,3691.232008,153,9155,9308,12.21186,0.199106,61.333394,0,0.446213,11548.557671,12655.061898,0.442507,0.361057,"ln_garagespaces",0.032345,0.015641,2.067894,0.038678
"coefficient","cod_mod_base_23_25","data",NA,NA,"2026-02-18 21:45:55 UTC",NA,9309,0.711461,0.506176,0.497924,0.446213,1868.414592,1822.817416,3691.232008,153,9155,9308,12.21186,0.199106,61.333394,0,0.446213,11548.557671,12655.061898,0.442507,0.361057,"fireplace",0.06139,0.012492,4.91415,1e-06
"coefficient","cod_mod_base_23_25","data",NA,NA,"2026-02-18 21:45:55 UTC",NA,9309,0.711461,0.506176,0.497924,0.446213,1868.414592,1822.817416,3691.232008,153,9155,9308,12.21186,0.199106,61.333394,0,0.446213,11548.557671,12655.061898,0.442507,0.361057,"hot_water",0.055588,0.01928,2.883158,0.003946
"coefficient","cod_mod_base_23_25","data",NA,NA,"2026-02-18 21:45:55 UTC",NA,9309,0.711461,0.506176,0.497924,0.446213,1868.414592,1822.817416,3691.232008,153,9155,9308,12.21186,0.199106,61.333394,0,0.446213,11548.557671,12655.061898,0.442507,0.361057,"wall",-0.189874,0.075585,-2.512072,0.01202
"coefficient","cod_mod_base_23_25","data",NA,NA,"2026-02-18 21:45:55 UTC",NA,9309,0.711461,0.506176,0.497924,0.446213,1868.414592,1822.817416,3691.232008,153,9155,9308,12.21186,0.199106,61.333394,0,0.446213,11548.557671,12655.061898,0.442507,0.361057,"central_air",0.069915,0.012242,5.711298,0
"coefficient","cod_mod_base_23_25","data",NA,NA,"2026-02-18 21:45:55 UTC",NA,9309,0.711461,0.506176,0.497924,0.446213,1868.414592,1822.817416,3691.232008,153,9155,9308,12.21186,0.199106,61.333394,0,0.446213,11548.557671,12655.061898,0.442507,0.361057,"ecf_1R103",0.167276,0.059729,2.800595,0.005112
"coefficient","cod_mod_base_23_25","data",NA,NA,"2026-02-18 21:45:55 UTC",NA,9309,0.711461,0.506176,0.497924,0.446213,1868.414592,1822.817416,3691.232008,153,9155,9308,12.21186,0.199106,61.333394,0,0.446213,11548.557671,12655.061898,0.442507,0.361057,"ecf_1R105",-0.147311,0.046345,-3.178581,0.001485
"coefficient","cod_mod_base_23_25","data",NA,NA,"2026-02-18 21:45:55 UTC",NA,9309,0.711461,0.506176,0.497924,0.446213,1868.414592,1822.817416,3691.232008,153,9155,9308,12.21186,0.199106,61.333394,0,0.446213,11548.557671,12655.061898,0.442507,0.361057,"ecf_1R106",-0.13524,0.061274,-2.207141,0.027329
"coefficient","cod_mod_base_23_25","data",NA,NA,"2026-02-18 21:45:55 UTC",NA,9309,0.711461,0.506176,0.497924,0.446213,1868.414592,1822.817416,3691.232008,153,9155,9308,12.21186,0.199106,61.333394,0,0.446213,11548.557671,12655.061898,0.442507,0.361057,"ecf_1R108",-0.234127,0.047177,-4.962682,1e-06
"coefficient","cod_mod_base_23_25","data",NA,NA,"2026-02-18 21:45:55 UTC",NA,9309,0.711461,0.506176,0.497924,0.446213,1868.414592,1822.817416,3691.232008,153,9155,9308,12.21186,0.199106,61.333394,0,0.446213,11548.557671,12655.061898,0.442507,0.361057,"ecf_1R113",-0.471745,0.079939,-5.901281,0
"coefficient","cod_mod_base_23_25","data",NA,NA,"2026-02-18 21:45:55 UTC",NA,9309,0.711461,0.506176,0.497924,0.446213,1868.414592,1822.817416,3691.232008,153,9155,9308,12.21186,0.199106,61.333394,0,0.446213,11548.557671,12655.061898,0.442507,0.361057,"ecf_1R114",-0.165709,0.065374,-2.534766,0.011269
"coefficient","cod_mod_base_23_25","data",NA,NA,"2026-02-18 21:45:55 UTC",NA,9309,0.711461,0.506176,0.497924,0.446213,1868.414592,1822.817416,3691.232008,153,9155,9308,12.21186,0.199106,61.333394,0,0.446213,11548.557671,12655.061898,0.442507,0.361057,"ecf_1R115",0.224255,0.076422,2.934415,0.00335
"coefficient","cod_mod_base_23_25","data",NA,NA,"2026-02-18 21:45:55 UTC",NA,9309,0.711461,0.506176,0.497924,0.446213,1868.414592,1822.817416,3691.232008,153,9155,9308,12.21186,0.199106,61.333394,0,0.446213,11548.557671,12655.061898,0.442507,0.361057,"ecf_1R116",0.351684,0.052062,6.755054,0
"coefficient","cod_mod_base_23_25","data",NA,NA,"2026-02-18 21:45:55 UTC",NA,9309,0.711461,0.506176,0.497924,0.446213,1868.414592,1822.817416,3691.232008,153,9155,9308,12.21186,0.199106,61.333394,0,0.446213,11548.557671,12655.061898,0.442507,0.361057,"ecf_1R119",-0.21851,0.064717,-3.376385,0.000738
"coefficient","cod_mod_base_23_25","data",NA,NA,"2026-02-18 21:45:55 UTC",NA,9309,0.711461,0.506176,0.497924,0.446213,1868.414592,1822.817416,3691.232008,153,9155,9308,12.21186,0.199106,61.333394,0,0.446213,11548.557671,12655.061898,0.442507,0.361057,"ecf_1R122",-0.229641,0.051212,-4.484152,7e-06
"coefficient","cod_mod_base_23_25","data",NA,NA,"2026-02-18 21:45:55 UTC",NA,9309,0.711461,0.506176,0.497924,0.446213,1868.414592,1822.817416,3691.232008,153,9155,9308,12.21186,0.199106,61.333394,0,0.446213,11548.557671,12655.061898,0.442507,0.361057,"ecf_1R124",-0.543369,0.110521,-4.916448,1e-06
"coefficient","cod_mod_base_23_25","data",NA,NA,"2026-02-18 21:45:55 UTC",NA,9309,0.711461,0.506176,0.497924,0.446213,1868.414592,1822.817416,3691.232008,153,9155,9308,12.21186,0.199106,61.333394,0,0.446213,11548.557671,12655.061898,0.442507,0.361057,"ecf_1R126",0.410874,0.051644,7.955954,0
"coefficient","cod_mod_base_23_25","data",NA,NA,"2026-02-18 21:45:55 UTC",NA,9309,0.711461,0.506176,0.497924,0.446213,1868.414592,1822.817416,3691.232008,153,9155,9308,12.21186,0.199106,61.333394,0,0.446213,11548.557671,12655.061898,0.442507,0.361057,"ecf_1R127",-0.190448,0.079848,-2.385127,0.017093
"coefficient","cod_mod_base_23_25","data",NA,NA,"2026-02-18 21:45:55 UTC",NA,9309,0.711461,0.506176,0.497924,0.446213,1868.414592,1822.817416,3691.232008,153,9155,9308,12.21186,0.199106,61.333394,0,0.446213,11548.557671,12655.061898,0.442507,0.361057,"ecf_1R128",-0.354042,0.052432,-6.752464,0
"coefficient","cod_mod_base_23_25","data",NA,NA,"2026-02-18 21:45:55 UTC",NA,9309,0.711461,0.506176,0.497924,0.446213,1868.414592,1822.817416,3691.232008,153,9155,9308,12.21186,0.199106,61.333394,0,0.446213,11548.557671,12655.061898,0.442507,0.361057,"ecf_1R130",-0.596962,0.324525,-1.839495,0.065875
"coefficient","cod_mod_base_23_25","data",NA,NA,"2026-02-18 21:45:55 UTC",NA,9309,0.711461,0.506176,0.497924,0.446213,1868.414592,1822.817416,3691.232008,153,9155,9308,12.21186,0.199106,61.333394,0,0.446213,11548.557671,12655.061898,0.442507,0.361057,"ecf_1R132",0.167335,0.071546,2.338835,0.019365
"coefficient","cod_mod_base_23_25","data",NA,NA,"2026-02-18 21:45:55 UTC",NA,9309,0.711461,0.506176,0.497924,0.446213,1868.414592,1822.817416,3691.232008,153,9155,9308,12.21186,0.199106,61.333394,0,0.446213,11548.557671,12655.061898,0.442507,0.361057,"ecf_1R133",-0.210243,0.100628,-2.089316,0.036707
"coefficient","cod_mod_base_23_25","data",NA,NA,"2026-02-18 21:45:55 UTC",NA,9309,0.711461,0.506176,0.497924,0.446213,1868.414592,1822.817416,3691.232008,153,9155,9308,12.21186,0.199106,61.333394,0,0.446213,11548.557671,12655.061898,0.442507,0.361057,"ecf_1R134",0.276994,0.084129,3.292507,0.000997
"coefficient","cod_mod_base_23_25","data",NA,NA,"2026-02-18 21:45:55 UTC",NA,9309,0.711461,0.506176,0.497924,0.446213,1868.414592,1822.817416,3691.232008,153,9155,9308,12.21186,0.199106,61.333394,0,0.446213,11548.557671,12655.061898,0.442507,0.361057,"ecf_1R136",-0.090722,0.047402,-1.913874,0.055667
"coefficient","cod_mod_base_23_25","data",NA,NA,"2026-02-18 21:45:55 UTC",NA,9309,0.711461,0.506176,0.497924,0.446213,1868.414592,1822.817416,3691.232008,153,9155,9308,12.21186,0.199106,61.333394,0,0.446213,11548.557671,12655.061898,0.442507,0.361057,"ecf_1R137",-0.66306,0.102987,-6.438303,0
"coefficient","cod_mod_base_23_25","data",NA,NA,"2026-02-18 21:45:55 UTC",NA,9309,0.711461,0.506176,0.497924,0.446213,1868.414592,1822.817416,3691.232008,153,9155,9308,12.21186,0.199106,61.333394,0,0.446213,11548.557671,12655.061898,0.442507,0.361057,"ecf_2R201",-0.078769,0.039138,-2.01259,0.044187
"coefficient","cod_mod_base_23_25","data",NA,NA,"2026-02-18 21:45:55 UTC",NA,9309,0.711461,0.506176,0.497924,0.446213,1868.414592,1822.817416,3691.232008,153,9155,9308,12.21186,0.199106,61.333394,0,0.446213,11548.557671,12655.061898,0.442507,0.361057,"ecf_2R203",0.133322,0.040613,3.282738,0.001032
"coefficient","cod_mod_base_23_25","data",NA,NA,"2026-02-18 21:45:55 UTC",NA,9309,0.711461,0.506176,0.497924,0.446213,1868.414592,1822.817416,3691.232008,153,9155,9308,12.21186,0.199106,61.333394,0,0.446213,11548.557671,12655.061898,0.442507,0.361057,"ecf_2R204",0.344609,0.14255,2.417454,0.015649
"coefficient","cod_mod_base_23_25","data",NA,NA,"2026-02-18 21:45:55 UTC",NA,9309,0.711461,0.506176,0.497924,0.446213,1868.414592,1822.817416,3691.232008,153,9155,9308,12.21186,0.199106,61.333394,0,0.446213,11548.557671,12655.061898,0.442507,0.361057,"ecf_2R208",0.679055,0.098672,6.881931,0
"coefficient","cod_mod_base_23_25","data",NA,NA,"2026-02-18 21:45:55 UTC",NA,9309,0.711461,0.506176,0.497924,0.446213,1868.414592,1822.817416,3691.232008,153,9155,9308,12.21186,0.199106,61.333394,0,0.446213,11548.557671,12655.061898,0.442507,0.361057,"ecf_2R209",0.411466,0.163143,2.522113,0.011682
"coefficient","cod_mod_base_23_25","data",NA,NA,"2026-02-18 21:45:55 UTC",NA,9309,0.711461,0.506176,0.497924,0.446213,1868.414592,1822.817416,3691.232008,153,9155,9308,12.21186,0.199106,61.333394,0,0.446213,11548.557671,12655.061898,0.442507,0.361057,"ecf_2R210",0.801467,0.189893,4.220633,2.5e-05
"coefficient","cod_mod_base_23_25","data",NA,NA,"2026-02-18 21:45:55 UTC",NA,9309,0.711461,0.506176,0.497924,0.446213,1868.414592,1822.817416,3691.232008,153,9155,9308,12.21186,0.199106,61.333394,0,0.446213,11548.557671,12655.061898,0.442507,0.361057,"ecf_2R213",0.12323,0.042468,2.901721,0.00372
"coefficient","cod_mod_base_23_25","data",NA,NA,"2026-02-18 21:45:55 UTC",NA,9309,0.711461,0.506176,0.497924,0.446213,1868.414592,1822.817416,3691.232008,153,9155,9308,12.21186,0.199106,61.333394,0,0.446213,11548.557671,12655.061898,0.442507,0.361057,"ecf_2R214",0.242882,0.026473,9.174591,0
"coefficient","cod_mod_base_23_25","data",NA,NA,"2026-02-18 21:45:55 UTC",NA,9309,0.711461,0.506176,0.497924,0.446213,1868.414592,1822.817416,3691.232008,153,9155,9308,12.21186,0.199106,61.333394,0,0.446213,11548.557671,12655.061898,0.442507,0.361057,"ecf_2R215",0.495697,0.080613,6.14907,0
"coefficient","cod_mod_base_23_25","data",NA,NA,"2026-02-18 21:45:55 UTC",NA,9309,0.711461,0.506176,0.497924,0.446213,1868.414592,1822.817416,3691.232008,153,9155,9308,12.21186,0.199106,61.333394,0,0.446213,11548.557671,12655.061898,0.442507,0.361057,"ecf_2R216",0.532788,0.206171,2.584201,0.009776
"coefficient","cod_mod_base_23_25","data",NA,NA,"2026-02-18 21:45:55 UTC",NA,9309,0.711461,0.506176,0.497924,0.446213,1868.414592,1822.817416,3691.232008,153,9155,9308,12.21186,0.199106,61.333394,0,0.446213,11548.557671,12655.061898,0.442507,0.361057,"ecf_2R218",-0.635759,0.124665,-5.099725,0
"coefficient","cod_mod_base_23_25","data",NA,NA,"2026-02-18 21:45:55 UTC",NA,9309,0.711461,0.506176,0.497924,0.446213,1868.414592,1822.817416,3691.232008,153,9155,9308,12.21186,0.199106,61.333394,0,0.446213,11548.557671,12655.061898,0.442507,0.361057,"ecf_2R219",0.623119,0.159135,3.915672,9.1e-05
"coefficient","cod_mod_base_23_25","data",NA,NA,"2026-02-18 21:45:55 UTC",NA,9309,0.711461,0.506176,0.497924,0.446213,1868.414592,1822.817416,3691.232008,153,9155,9308,12.21186,0.199106,61.333394,0,0.446213,11548.557671,12655.061898,0.442507,0.361057,"ecf_2R220",-0.115502,0.051872,-2.22666,0.025994
"coefficient","cod_mod_base_23_25","data",NA,NA,"2026-02-18 21:45:55 UTC",NA,9309,0.711461,0.506176,0.497924,0.446213,1868.414592,1822.817416,3691.232008,153,9155,9308,12.21186,0.199106,61.333394,0,0.446213,11548.557671,12655.061898,0.442507,0.361057,"ecf_2R222",-0.296851,0.04874,-6.090519,0
"coefficient","cod_mod_base_23_25","data",NA,NA,"2026-02-18 21:45:55 UTC",NA,9309,0.711461,0.506176,0.497924,0.446213,1868.414592,1822.817416,3691.232008,153,9155,9308,12.21186,0.199106,61.333394,0,0.446213,11548.557671,12655.061898,0.442507,0.361057,"ecf_2R224",-0.344625,0.059034,-5.837735,0
"coefficient","cod_mod_base_23_25","data",NA,NA,"2026-02-18 21:45:55 UTC",NA,9309,0.711461,0.506176,0.497924,0.446213,1868.414592,1822.817416,3691.232008,153,9155,9308,12.21186,0.199106,61.333394,0,0.446213,11548.557671,12655.061898,0.442507,0.361057,"ecf_2R226",-0.480157,0.200055,-2.400121,0.016409
"coefficient","cod_mod_base_23_25","data",NA,NA,"2026-02-18 21:45:55 UTC",NA,9309,0.711461,0.506176,0.497924,0.446213,1868.414592,1822.817416,3691.232008,153,9155,9308,12.21186,0.199106,61.333394,0,0.446213,11548.557671,12655.061898,0.442507,0.361057,"ecf_2R228",-0.580408,0.158654,-3.65832,0.000255
"coefficient","cod_mod_base_23_25","data",NA,NA,"2026-02-18 21:45:55 UTC",NA,9309,0.711461,0.506176,0.497924,0.446213,1868.414592,1822.817416,3691.232008,153,9155,9308,12.21186,0.199106,61.333394,0,0.446213,11548.557671,12655.061898,0.442507,0.361057,"ecf_2R229",-0.733757,0.182957,-4.010551,6.1e-05
"coefficient","cod_mod_base_23_25","data",NA,NA,"2026-02-18 21:45:55 UTC",NA,9309,0.711461,0.506176,0.497924,0.446213,1868.414592,1822.817416,3691.232008,153,9155,9308,12.21186,0.199106,61.333394,0,0.446213,11548.557671,12655.061898,0.442507,0.361057,"ecf_2R230",-0.708397,0.258268,-2.742872,0.006102
"coefficient","cod_mod_base_23_25","data",NA,NA,"2026-02-18 21:45:55 UTC",NA,9309,0.711461,0.506176,0.497924,0.446213,1868.414592,1822.817416,3691.232008,153,9155,9308,12.21186,0.199106,61.333394,0,0.446213,11548.557671,12655.061898,0.442507,0.361057,"ecf_3R301",-0.665988,0.109294,-6.093537,0
"coefficient","cod_mod_base_23_25","data",NA,NA,"2026-02-18 21:45:55 UTC",NA,9309,0.711461,0.506176,0.497924,0.446213,1868.414592,1822.817416,3691.232008,153,9155,9308,12.21186,0.199106,61.333394,0,0.446213,11548.557671,12655.061898,0.442507,0.361057,"ecf_3R303",-0.446396,0.046603,-9.578695,0
"coefficient","cod_mod_base_23_25","data",NA,NA,"2026-02-18 21:45:55 UTC",NA,9309,0.711461,0.506176,0.497924,0.446213,1868.414592,1822.817416,3691.232008,153,9155,9308,12.21186,0.199106,61.333394,0,0.446213,11548.557671,12655.061898,0.442507,0.361057,"ecf_3R304",-0.567186,0.088926,-6.378203,0
"coefficient","cod_mod_base_23_25","data",NA,NA,"2026-02-18 21:45:55 UTC",NA,9309,0.711461,0.506176,0.497924,0.446213,1868.414592,1822.817416,3691.232008,153,9155,9308,12.21186,0.199106,61.333394,0,0.446213,11548.557671,12655.061898,0.442507,0.361057,"ecf_3R306",0.281655,0.083567,3.37042,0.000754
"coefficient","cod_mod_base_23_25","data",NA,NA,"2026-02-18 21:45:55 UTC",NA,9309,0.711461,0.506176,0.497924,0.446213,1868.414592,1822.817416,3691.232008,153,9155,9308,12.21186,0.199106,61.333394,0,0.446213,11548.557671,12655.061898,0.442507,0.361057,"ecf_3R307",-0.287248,0.040299,-7.127909,0
"coefficient","cod_mod_base_23_25","data",NA,NA,"2026-02-18 21:45:55 UTC",NA,9309,0.711461,0.506176,0.497924,0.446213,1868.414592,1822.817416,3691.232008,153,9155,9308,12.21186,0.199106,61.333394,0,0.446213,11548.557671,12655.061898,0.442507,0.361057,"ecf_3R308",-0.55528,0.09828,-5.649972,0
"coefficient","cod_mod_base_23_25","data",NA,NA,"2026-02-18 21:45:55 UTC",NA,9309,0.711461,0.506176,0.497924,0.446213,1868.414592,1822.817416,3691.232008,153,9155,9308,12.21186,0.199106,61.333394,0,0.446213,11548.557671,12655.061898,0.442507,0.361057,"ecf_3R309",-0.689136,0.124557,-5.532703,0
"coefficient","cod_mod_base_23_25","data",NA,NA,"2026-02-18 21:45:55 UTC",NA,9309,0.711461,0.506176,0.497924,0.446213,1868.414592,1822.817416,3691.232008,153,9155,9308,12.21186,0.199106,61.333394,0,0.446213,11548.557671,12655.061898,0.442507,0.361057,"ecf_3R310",0.440065,0.064679,6.803816,0
"coefficient","cod_mod_base_23_25","data",NA,NA,"2026-02-18 21:45:55 UTC",NA,9309,0.711461,0.506176,0.497924,0.446213,1868.414592,1822.817416,3691.232008,153,9155,9308,12.21186,0.199106,61.333394,0,0.446213,11548.557671,12655.061898,0.442507,0.361057,"ecf_3R311",-0.336954,0.098244,-3.429784,0.000607
"coefficient","cod_mod_base_23_25","data",NA,NA,"2026-02-18 21:45:55 UTC",NA,9309,0.711461,0.506176,0.497924,0.446213,1868.414592,1822.817416,3691.232008,153,9155,9308,12.21186,0.199106,61.333394,0,0.446213,11548.557671,12655.061898,0.442507,0.361057,"ecf_3R312",-0.526729,0.056893,-9.258214,0
"coefficient","cod_mod_base_23_25","data",NA,NA,"2026-02-18 21:45:55 UTC",NA,9309,0.711461,0.506176,0.497924,0.446213,1868.414592,1822.817416,3691.232008,153,9155,9308,12.21186,0.199106,61.333394,0,0.446213,11548.557671,12655.061898,0.442507,0.361057,"ecf_3R313",-0.450452,0.069124,-6.516616,0
"coefficient","cod_mod_base_23_25","data",NA,NA,"2026-02-18 21:45:55 UTC",NA,9309,0.711461,0.506176,0.497924,0.446213,1868.414592,1822.817416,3691.232008,153,9155,9308,12.21186,0.199106,61.333394,0,0.446213,11548.557671,12655.061898,0.442507,0.361057,"ecf_3R314",-0.219817,0.065356,-3.363375,0.000773
"coefficient","cod_mod_base_23_25","data",NA,NA,"2026-02-18 21:45:55 UTC",NA,9309,0.711461,0.506176,0.497924,0.446213,1868.414592,1822.817416,3691.232008,153,9155,9308,12.21186,0.199106,61.333394,0,0.446213,11548.557671,12655.061898,0.442507,0.361057,"ecf_3R315",-0.197309,0.056493,-3.49262,0.000481
"coefficient","cod_mod_base_23_25","data",NA,NA,"2026-02-18 21:45:55 UTC",NA,9309,0.711461,0.506176,0.497924,0.446213,1868.414592,1822.817416,3691.232008,153,9155,9308,12.21186,0.199106,61.333394,0,0.446213,11548.557671,12655.061898,0.442507,0.361057,"ecf_3R316",-0.57368,0.076328,-7.516031,0
"coefficient","cod_mod_base_23_25","data",NA,NA,"2026-02-18 21:45:55 UTC",NA,9309,0.711461,0.506176,0.497924,0.446213,1868.414592,1822.817416,3691.232008,153,9155,9308,12.21186,0.199106,61.333394,0,0.446213,11548.557671,12655.061898,0.442507,0.361057,"ecf_3R317",-0.780248,0.149356,-5.224091,0
"coefficient","cod_mod_base_23_25","data",NA,NA,"2026-02-18 21:45:55 UTC",NA,9309,0.711461,0.506176,0.497924,0.446213,1868.414592,1822.817416,3691.232008,153,9155,9308,12.21186,0.199106,61.333394,0,0.446213,11548.557671,12655.061898,0.442507,0.361057,"ecf_3R319",-0.427985,0.032615,-13.122362,0
"coefficient","cod_mod_base_23_25","data",NA,NA,"2026-02-18 21:45:55 UTC",NA,9309,0.711461,0.506176,0.497924,0.446213,1868.414592,1822.817416,3691.232008,153,9155,9308,12.21186,0.199106,61.333394,0,0.446213,11548.557671,12655.061898,0.442507,0.361057,"ecf_3R320",-0.317486,0.040363,-7.865783,0
"coefficient","cod_mod_base_23_25","data",NA,NA,"2026-02-18 21:45:55 UTC",NA,9309,0.711461,0.506176,0.497924,0.446213,1868.414592,1822.817416,3691.232008,153,9155,9308,12.21186,0.199106,61.333394,0,0.446213,11548.557671,12655.061898,0.442507,0.361057,"ecf_3R321",-0.777101,0.082241,-9.449067,0
"coefficient","cod_mod_base_23_25","data",NA,NA,"2026-02-18 21:45:55 UTC",NA,9309,0.711461,0.506176,0.497924,0.446213,1868.414592,1822.817416,3691.232008,153,9155,9308,12.21186,0.199106,61.333394,0,0.446213,11548.557671,12655.061898,0.442507,0.361057,"ecf_3R322",-0.120849,0.050216,-2.406582,0.016122
"coefficient","cod_mod_base_23_25","data",NA,NA,"2026-02-18 21:45:55 UTC",NA,9309,0.711461,0.506176,0.497924,0.446213,1868.414592,1822.817416,3691.232008,153,9155,9308,12.21186,0.199106,61.333394,0,0.446213,11548.557671,12655.061898,0.442507,0.361057,"ecf_3R323",-0.256117,0.038264,-6.693345,0
"coefficient","cod_mod_base_23_25","data",NA,NA,"2026-02-18 21:45:55 UTC",NA,9309,0.711461,0.506176,0.497924,0.446213,1868.414592,1822.817416,3691.232008,153,9155,9308,12.21186,0.199106,61.333394,0,0.446213,11548.557671,12655.061898,0.442507,0.361057,"ecf_3R324",-0.66741,0.085147,-7.838317,0
"coefficient","cod_mod_base_23_25","data",NA,NA,"2026-02-18 21:45:55 UTC",NA,9309,0.711461,0.506176,0.497924,0.446213,1868.414592,1822.817416,3691.232008,153,9155,9308,12.21186,0.199106,61.333394,0,0.446213,11548.557671,12655.061898,0.442507,0.361057,"ecf_3R325",-0.342038,0.057358,-5.963228,0
"coefficient","cod_mod_base_23_25","data",NA,NA,"2026-02-18 21:45:55 UTC",NA,9309,0.711461,0.506176,0.497924,0.446213,1868.414592,1822.817416,3691.232008,153,9155,9308,12.21186,0.199106,61.333394,0,0.446213,11548.557671,12655.061898,0.442507,0.361057,"ecf_3R326",-0.886432,0.124777,-7.10412,0
"coefficient","cod_mod_base_23_25","data",NA,NA,"2026-02-18 21:45:55 UTC",NA,9309,0.711461,0.506176,0.497924,0.446213,1868.414592,1822.817416,3691.232008,153,9155,9308,12.21186,0.199106,61.333394,0,0.446213,11548.557671,12655.061898,0.442507,0.361057,"ecf_4R401",-0.451859,0.048803,-9.25892,0
"coefficient","cod_mod_base_23_25","data",NA,NA,"2026-02-18 21:45:55 UTC",NA,9309,0.711461,0.506176,0.497924,0.446213,1868.414592,1822.817416,3691.232008,153,9155,9308,12.21186,0.199106,61.333394,0,0.446213,11548.557671,12655.061898,0.442507,0.361057,"ecf_4R402",-1.021263,0.084428,-12.096273,0
"coefficient","cod_mod_base_23_25","data",NA,NA,"2026-02-18 21:45:55 UTC",NA,9309,0.711461,0.506176,0.497924,0.446213,1868.414592,1822.817416,3691.232008,153,9155,9308,12.21186,0.199106,61.333394,0,0.446213,11548.557671,12655.061898,0.442507,0.361057,"ecf_4R403",-0.313201,0.056745,-5.51949,0
"coefficient","cod_mod_base_23_25","data",NA,NA,"2026-02-18 21:45:55 UTC",NA,9309,0.711461,0.506176,0.497924,0.446213,1868.414592,1822.817416,3691.232008,153,9155,9308,12.21186,0.199106,61.333394,0,0.446213,11548.557671,12655.061898,0.442507,0.361057,"ecf_4R404",-0.249487,0.05614,-4.443975,9e-06
"coefficient","cod_mod_base_23_25","data",NA,NA,"2026-02-18 21:45:55 UTC",NA,9309,0.711461,0.506176,0.497924,0.446213,1868.414592,1822.817416,3691.232008,153,9155,9308,12.21186,0.199106,61.333394,0,0.446213,11548.557671,12655.061898,0.442507,0.361057,"ecf_4R405",-0.235189,0.035526,-6.620182,0
"coefficient","cod_mod_base_23_25","data",NA,NA,"2026-02-18 21:45:55 UTC",NA,9309,0.711461,0.506176,0.497924,0.446213,1868.414592,1822.817416,3691.232008,153,9155,9308,12.21186,0.199106,61.333394,0,0.446213,11548.557671,12655.061898,0.442507,0.361057,"ecf_4R406",-0.27326,0.034475,-7.926327,0
"coefficient","cod_mod_base_23_25","data",NA,NA,"2026-02-18 21:45:55 UTC",NA,9309,0.711461,0.506176,0.497924,0.446213,1868.414592,1822.817416,3691.232008,153,9155,9308,12.21186,0.199106,61.333394,0,0.446213,11548.557671,12655.061898,0.442507,0.361057,"ecf_4R407",-0.388317,0.068218,-5.692278,0
"coefficient","cod_mod_base_23_25","data",NA,NA,"2026-02-18 21:45:55 UTC",NA,9309,0.711461,0.506176,0.497924,0.446213,1868.414592,1822.817416,3691.232008,153,9155,9308,12.21186,0.199106,61.333394,0,0.446213,11548.557671,12655.061898,0.442507,0.361057,"ecf_4R408",-0.409294,0.041382,-9.890674,0
"coefficient","cod_mod_base_23_25","data",NA,NA,"2026-02-18 21:45:55 UTC",NA,9309,0.711461,0.506176,0.497924,0.446213,1868.414592,1822.817416,3691.232008,153,9155,9308,12.21186,0.199106,61.333394,0,0.446213,11548.557671,12655.061898,0.442507,0.361057,"ecf_4R409",-0.293459,0.06813,-4.307331,1.7e-05
"coefficient","cod_mod_base_23_25","data",NA,NA,"2026-02-18 21:45:55 UTC",NA,9309,0.711461,0.506176,0.497924,0.446213,1868.414592,1822.817416,3691.232008,153,9155,9308,12.21186,0.199106,61.333394,0,0.446213,11548.557671,12655.061898,0.442507,0.361057,"ecf_4R411",-0.464476,0.042305,-10.979205,0
"coefficient","cod_mod_base_23_25","data",NA,NA,"2026-02-18 21:45:55 UTC",NA,9309,0.711461,0.506176,0.497924,0.446213,1868.414592,1822.817416,3691.232008,153,9155,9308,12.21186,0.199106,61.333394,0,0.446213,11548.557671,12655.061898,0.442507,0.361057,"ecf_4R412",-0.452745,0.081092,-5.583072,0
"coefficient","cod_mod_base_23_25","data",NA,NA,"2026-02-18 21:45:55 UTC",NA,9309,0.711461,0.506176,0.497924,0.446213,1868.414592,1822.817416,3691.232008,153,9155,9308,12.21186,0.199106,61.333394,0,0.446213,11548.557671,12655.061898,0.442507,0.361057,"ecf_4R413",-0.157372,0.040687,-3.867824,0.000111
"coefficient","cod_mod_base_23_25","data",NA,NA,"2026-02-18 21:45:55 UTC",NA,9309,0.711461,0.506176,0.497924,0.446213,1868.414592,1822.817416,3691.232008,153,9155,9308,12.21186,0.199106,61.333394,0,0.446213,11548.557671,12655.061898,0.442507,0.361057,"ecf_4R414",0.19683,0.057133,3.445119,0.000573
"coefficient","cod_mod_base_23_25","data",NA,NA,"2026-02-18 21:45:55 UTC",NA,9309,0.711461,0.506176,0.497924,0.446213,1868.414592,1822.817416,3691.232008,153,9155,9308,12.21186,0.199106,61.333394,0,0.446213,11548.557671,12655.061898,0.442507,0.361057,"ecf_4R415",0.296308,0.064968,4.560851,5e-06
"coefficient","cod_mod_base_23_25","data",NA,NA,"2026-02-18 21:45:55 UTC",NA,9309,0.711461,0.506176,0.497924,0.446213,1868.414592,1822.817416,3691.232008,153,9155,9308,12.21186,0.199106,61.333394,0,0.446213,11548.557671,12655.061898,0.442507,0.361057,"ecf_4R416",-0.635337,0.129496,-4.906237,1e-06
"coefficient","cod_mod_base_23_25","data",NA,NA,"2026-02-18 21:45:55 UTC",NA,9309,0.711461,0.506176,0.497924,0.446213,1868.414592,1822.817416,3691.232008,153,9155,9308,12.21186,0.199106,61.333394,0,0.446213,11548.557671,12655.061898,0.442507,0.361057,"ecf_4R419",-0.70249,0.077991,-9.007355,0
"coefficient","cod_mod_base_23_25","data",NA,NA,"2026-02-18 21:45:55 UTC",NA,9309,0.711461,0.506176,0.497924,0.446213,1868.414592,1822.817416,3691.232008,153,9155,9308,12.21186,0.199106,61.333394,0,0.446213,11548.557671,12655.061898,0.442507,0.361057,"ecf_4R421",-0.667876,0.08854,-7.543179,0
"coefficient","cod_mod_base_23_25","data",NA,NA,"2026-02-18 21:45:55 UTC",NA,9309,0.711461,0.506176,0.497924,0.446213,1868.414592,1822.817416,3691.232008,153,9155,9308,12.21186,0.199106,61.333394,0,0.446213,11548.557671,12655.061898,0.442507,0.361057,"ecf_4R422",0.279126,0.066997,4.166222,3.1e-05
"coefficient","cod_mod_base_23_25","data",NA,NA,"2026-02-18 21:45:55 UTC",NA,9309,0.711461,0.506176,0.497924,0.446213,1868.414592,1822.817416,3691.232008,153,9155,9308,12.21186,0.199106,61.333394,0,0.446213,11548.557671,12655.061898,0.442507,0.361057,"ecf_5R501",-0.460686,0.060939,-7.559785,0
"coefficient","cod_mod_base_23_25","data",NA,NA,"2026-02-18 21:45:55 UTC",NA,9309,0.711461,0.506176,0.497924,0.446213,1868.414592,1822.817416,3691.232008,153,9155,9308,12.21186,0.199106,61.333394,0,0.446213,11548.557671,12655.061898,0.442507,0.361057,"ecf_5R502",-0.369434,0.061617,-5.995631,0
"coefficient","cod_mod_base_23_25","data",NA,NA,"2026-02-18 21:45:55 UTC",NA,9309,0.711461,0.506176,0.497924,0.446213,1868.414592,1822.817416,3691.232008,153,9155,9308,12.21186,0.199106,61.333394,0,0.446213,11548.557671,12655.061898,0.442507,0.361057,"ecf_5R503",0.602321,0.14741,4.086035,4.4e-05
"coefficient","cod_mod_base_23_25","data",NA,NA,"2026-02-18 21:45:55 UTC",NA,9309,0.711461,0.506176,0.497924,0.446213,1868.414592,1822.817416,3691.232008,153,9155,9308,12.21186,0.199106,61.333394,0,0.446213,11548.557671,12655.061898,0.442507,0.361057,"ecf_5R504",0.386271,0.092313,4.184357,2.9e-05
"coefficient","cod_mod_base_23_25","data",NA,NA,"2026-02-18 21:45:55 UTC",NA,9309,0.711461,0.506176,0.497924,0.446213,1868.414592,1822.817416,3691.232008,153,9155,9308,12.21186,0.199106,61.333394,0,0.446213,11548.557671,12655.061898,0.442507,0.361057,"ecf_5R505",-0.741184,0.448521,-1.652507,0.098466
"coefficient","cod_mod_base_23_25","data",NA,NA,"2026-02-18 21:45:55 UTC",NA,9309,0.711461,0.506176,0.497924,0.446213,1868.414592,1822.817416,3691.232008,153,9155,9308,12.21186,0.199106,61.333394,0,0.446213,11548.557671,12655.061898,0.442507,0.361057,"ecf_5R506",0.471745,0.204037,2.312062,0.020796
"coefficient","cod_mod_base_23_25","data",NA,NA,"2026-02-18 21:45:55 UTC",NA,9309,0.711461,0.506176,0.497924,0.446213,1868.414592,1822.817416,3691.232008,153,9155,9308,12.21186,0.199106,61.333394,0,0.446213,11548.557671,12655.061898,0.442507,0.361057,"ecf_5R508",0.599647,0.261476,2.293313,0.021853
"coefficient","cod_mod_base_23_25","data",NA,NA,"2026-02-18 21:45:55 UTC",NA,9309,0.711461,0.506176,0.497924,0.446213,1868.414592,1822.817416,3691.232008,153,9155,9308,12.21186,0.199106,61.333394,0,0.446213,11548.557671,12655.061898,0.442507,0.361057,"ecf_5R509",0.576738,0.201859,2.857138,0.004284
"coefficient","cod_mod_base_23_25","data",NA,NA,"2026-02-18 21:45:55 UTC",NA,9309,0.711461,0.506176,0.497924,0.446213,1868.414592,1822.817416,3691.232008,153,9155,9308,12.21186,0.199106,61.333394,0,0.446213,11548.557671,12655.061898,0.442507,0.361057,"ecf_5R512",0.465666,0.258409,1.802051,0.07157
"coefficient","cod_mod_base_23_25","data",NA,NA,"2026-02-18 21:45:55 UTC",NA,9309,0.711461,0.506176,0.497924,0.446213,1868.414592,1822.817416,3691.232008,153,9155,9308,12.21186,0.199106,61.333394,0,0.446213,11548.557671,12655.061898,0.442507,0.361057,"ecf_5R514",0.542174,0.113335,4.783824,2e-06
"coefficient","cod_mod_base_23_25","data",NA,NA,"2026-02-18 21:45:55 UTC",NA,9309,0.711461,0.506176,0.497924,0.446213,1868.414592,1822.817416,3691.232008,153,9155,9308,12.21186,0.199106,61.333394,0,0.446213,11548.557671,12655.061898,0.442507,0.361057,"ecf_5R517",0.835819,0.317497,2.632531,0.008489
"coefficient","cod_mod_base_23_25","data",NA,NA,"2026-02-18 21:45:55 UTC",NA,9309,0.711461,0.506176,0.497924,0.446213,1868.414592,1822.817416,3691.232008,153,9155,9308,12.21186,0.199106,61.333394,0,0.446213,11548.557671,12655.061898,0.442507,0.361057,"ecf_5R521",0.660518,0.200491,3.294496,0.00099
"coefficient","cod_mod_base_23_25","data",NA,NA,"2026-02-18 21:45:55 UTC",NA,9309,0.711461,0.506176,0.497924,0.446213,1868.414592,1822.817416,3691.232008,153,9155,9308,12.21186,0.199106,61.333394,0,0.446213,11548.557671,12655.061898,0.442507,0.361057,"ecf_5R523",-0.51147,0.169507,-3.017392,0.002557
"coefficient","cod_mod_base_23_25","data",NA,NA,"2026-02-18 21:45:55 UTC",NA,9309,0.711461,0.506176,0.497924,0.446213,1868.414592,1822.817416,3691.232008,153,9155,9308,12.21186,0.199106,61.333394,0,0.446213,11548.557671,12655.061898,0.442507,0.361057,"ecf_5R528",-0.430411,0.223777,-1.923387,0.054462
"coefficient","cod_mod_base_23_25","data",NA,NA,"2026-02-18 21:45:55 UTC",NA,9309,0.711461,0.506176,0.497924,0.446213,1868.414592,1822.817416,3691.232008,153,9155,9308,12.21186,0.199106,61.333394,0,0.446213,11548.557671,12655.061898,0.442507,0.361057,"ecf_5R529",0.459435,0.109879,4.181264,2.9e-05
"coefficient","cod_mod_base_23_25","data",NA,NA,"2026-02-18 21:45:55 UTC",NA,9309,0.711461,0.506176,0.497924,0.446213,1868.414592,1822.817416,3691.232008,153,9155,9308,12.21186,0.199106,61.333394,0,0.446213,11548.557671,12655.061898,0.442507,0.361057,"ecf_5R530",0.538661,0.224213,2.402448,0.016306
"coefficient","cod_mod_base_23_25","data",NA,NA,"2026-02-18 21:45:55 UTC",NA,9309,0.711461,0.506176,0.497924,0.446213,1868.414592,1822.817416,3691.232008,153,9155,9308,12.21186,0.199106,61.333394,0,0.446213,11548.557671,12655.061898,0.442507,0.361057,"ecf_5R531",0.176844,0.103812,1.703509,0.088507
"coefficient","cod_mod_base_23_25","data",NA,NA,"2026-02-18 21:45:55 UTC",NA,9309,0.711461,0.506176,0.497924,0.446213,1868.414592,1822.817416,3691.232008,153,9155,9308,12.21186,0.199106,61.333394,0,0.446213,11548.557671,12655.061898,0.442507,0.361057,"ecf_5R532",0.563592,0.204973,2.749596,0.005979
"coefficient","cod_mod_base_23_25","data",NA,NA,"2026-02-18 21:45:55 UTC",NA,9309,0.711461,0.506176,0.497924,0.446213,1868.414592,1822.817416,3691.232008,153,9155,9308,12.21186,0.199106,61.333394,0,0.446213,11548.557671,12655.061898,0.442507,0.361057,"ecf_5R533",-0.903388,0.151855,-5.949002,0
"coefficient","cod_mod_base_23_25","data",NA,NA,"2026-02-18 21:45:55 UTC",NA,9309,0.711461,0.506176,0.497924,0.446213,1868.414592,1822.817416,3691.232008,153,9155,9308,12.21186,0.199106,61.333394,0,0.446213,11548.557671,12655.061898,0.442507,0.361057,"ecf_5r538",-1.513718,0.44688,-3.387299,0.000709
"coefficient","cod_mod_base_23_25","data",NA,NA,"2026-02-18 21:45:55 UTC",NA,9309,0.711461,0.506176,0.497924,0.446213,1868.414592,1822.817416,3691.232008,153,9155,9308,12.21186,0.199106,61.333394,0,0.446213,11548.557671,12655.061898,0.442507,0.361057,"ecf_6R601",-0.918165,0.120268,-7.634344,0
"coefficient","cod_mod_base_23_25","data",NA,NA,"2026-02-18 21:45:55 UTC",NA,9309,0.711461,0.506176,0.497924,0.446213,1868.414592,1822.817416,3691.232008,153,9155,9308,12.21186,0.199106,61.333394,0,0.446213,11548.557671,12655.061898,0.442507,0.361057,"ecf_6R602",-0.639806,0.103501,-6.181617,0
"coefficient","cod_mod_base_23_25","data",NA,NA,"2026-02-18 21:45:55 UTC",NA,9309,0.711461,0.506176,0.497924,0.446213,1868.414592,1822.817416,3691.232008,153,9155,9308,12.21186,0.199106,61.333394,0,0.446213,11548.557671,12655.061898,0.442507,0.361057,"ecf_6R603",-0.739514,0.106404,-6.95008,0
"coefficient","cod_mod_base_23_25","data",NA,NA,"2026-02-18 21:45:55 UTC",NA,9309,0.711461,0.506176,0.497924,0.446213,1868.414592,1822.817416,3691.232008,153,9155,9308,12.21186,0.199106,61.333394,0,0.446213,11548.557671,12655.061898,0.442507,0.361057,"ecf_6R604",-0.197087,0.07538,-2.614562,0.008949
"coefficient","cod_mod_base_23_25","data",NA,NA,"2026-02-18 21:45:55 UTC",NA,9309,0.711461,0.506176,0.497924,0.446213,1868.414592,1822.817416,3691.232008,153,9155,9308,12.21186,0.199106,61.333394,0,0.446213,11548.557671,12655.061898,0.442507,0.361057,"ecf_6R606",-0.257292,0.142491,-1.805667,0.071003
"coefficient","cod_mod_base_23_25","data",NA,NA,"2026-02-18 21:45:55 UTC",NA,9309,0.711461,0.506176,0.497924,0.446213,1868.414592,1822.817416,3691.232008,153,9155,9308,12.21186,0.199106,61.333394,0,0.446213,11548.557671,12655.061898,0.442507,0.361057,"ecf_6R608",0.923843,0.224725,4.110995,4e-05
"coefficient","cod_mod_base_23_25","data",NA,NA,"2026-02-18 21:45:55 UTC",NA,9309,0.711461,0.506176,0.497924,0.446213,1868.414592,1822.817416,3691.232008,153,9155,9308,12.21186,0.199106,61.333394,0,0.446213,11548.557671,12655.061898,0.442507,0.361057,"ecf_6R609",1.659054,0.448588,3.69839,0.000218
"coefficient","cod_mod_base_23_25","data",NA,NA,"2026-02-18 21:45:55 UTC",NA,9309,0.711461,0.506176,0.497924,0.446213,1868.414592,1822.817416,3691.232008,153,9155,9308,12.21186,0.199106,61.333394,0,0.446213,11548.557671,12655.061898,0.442507,0.361057,"ecf_6R614",1.367448,0.320427,4.267577,2e-05
"coefficient","cod_mod_base_23_25","data",NA,NA,"2026-02-18 21:45:55 UTC",NA,9309,0.711461,0.506176,0.497924,0.446213,1868.414592,1822.817416,3691.232008,153,9155,9308,12.21186,0.199106,61.333394,0,0.446213,11548.557671,12655.061898,0.442507,0.361057,"ecf_6R618",-0.542927,0.258745,-2.098305,0.035906
"coefficient","cod_mod_base_23_25","data",NA,NA,"2026-02-18 21:45:55 UTC",NA,9309,0.711461,0.506176,0.497924,0.446213,1868.414592,1822.817416,3691.232008,153,9155,9308,12.21186,0.199106,61.333394,0,0.446213,11548.557671,12655.061898,0.442507,0.361057,"ecf_6R620",-0.499545,0.051361,-9.726115,0
"coefficient","cod_mod_base_23_25","data",NA,NA,"2026-02-18 21:45:55 UTC",NA,9309,0.711461,0.506176,0.497924,0.446213,1868.414592,1822.817416,3691.232008,153,9155,9308,12.21186,0.199106,61.333394,0,0.446213,11548.557671,12655.061898,0.442507,0.361057,"ecf_7R701",0.287397,0.057039,5.038603,0
"coefficient","cod_mod_base_23_25","data",NA,NA,"2026-02-18 21:45:55 UTC",NA,9309,0.711461,0.506176,0.497924,0.446213,1868.414592,1822.817416,3691.232008,153,9155,9308,12.21186,0.199106,61.333394,0,0.446213,11548.557671,12655.061898,0.442507,0.361057,"ecf_7R702",0.178763,0.047201,3.787297,0.000153
"coefficient","cod_mod_base_23_25","data",NA,NA,"2026-02-18 21:45:55 UTC",NA,9309,0.711461,0.506176,0.497924,0.446213,1868.414592,1822.817416,3691.232008,153,9155,9308,12.21186,0.199106,61.333394,0,0.446213,11548.557671,12655.061898,0.442507,0.361057,"ecf_7R703",-0.356498,0.07352,-4.849018,1e-06
"coefficient","cod_mod_base_23_25","data",NA,NA,"2026-02-18 21:45:55 UTC",NA,9309,0.711461,0.506176,0.497924,0.446213,1868.414592,1822.817416,3691.232008,153,9155,9308,12.21186,0.199106,61.333394,0,0.446213,11548.557671,12655.061898,0.442507,0.361057,"ecf_7R704",-0.194941,0.032914,-5.922661,0
"coefficient","cod_mod_base_23_25","data",NA,NA,"2026-02-18 21:45:55 UTC",NA,9309,0.711461,0.506176,0.497924,0.446213,1868.414592,1822.817416,3691.232008,153,9155,9308,12.21186,0.199106,61.333394,0,0.446213,11548.557671,12655.061898,0.442507,0.361057,"ecf_7R705",-0.191375,0.022747,-8.41335,0
"coefficient","cod_mod_base_23_25","data",NA,NA,"2026-02-18 21:45:55 UTC",NA,9309,0.711461,0.506176,0.497924,0.446213,1868.414592,1822.817416,3691.232008,153,9155,9308,12.21186,0.199106,61.333394,0,0.446213,11548.557671,12655.061898,0.442507,0.361057,"ecf_7R706",-0.291618,0.105921,-2.753175,0.005914
"coefficient","cod_mod_base_23_25","data",NA,NA,"2026-02-18 21:45:55 UTC",NA,9309,0.711461,0.506176,0.497924,0.446213,1868.414592,1822.817416,3691.232008,153,9155,9308,12.21186,0.199106,61.333394,0,0.446213,11548.557671,12655.061898,0.442507,0.361057,"ecf_7R707",-0.366384,0.112151,-3.266885,0.001091
"coefficient","cod_mod_base_23_25","data",NA,NA,"2026-02-18 21:45:55 UTC",NA,9309,0.711461,0.506176,0.497924,0.446213,1868.414592,1822.817416,3691.232008,153,9155,9308,12.21186,0.199106,61.333394,0,0.446213,11548.557671,12655.061898,0.442507,0.361057,"ecf_7R708",-0.293368,0.055316,-5.303526,0
"coefficient","cod_mod_base_23_25","data",NA,NA,"2026-02-18 21:45:55 UTC",NA,9309,0.711461,0.506176,0.497924,0.446213,1868.414592,1822.817416,3691.232008,153,9155,9308,12.21186,0.199106,61.333394,0,0.446213,11548.557671,12655.061898,0.442507,0.361057,"ecf_7R709",-0.243066,0.046224,-5.258465,0
"coefficient","cod_mod_base_23_25","data",NA,NA,"2026-02-18 21:45:55 UTC",NA,9309,0.711461,0.506176,0.497924,0.446213,1868.414592,1822.817416,3691.232008,153,9155,9308,12.21186,0.199106,61.333394,0,0.446213,11548.557671,12655.061898,0.442507,0.361057,"ecf_7R711",-0.34543,0.046163,-7.482821,0
"coefficient","cod_mod_base_23_25","data",NA,NA,"2026-02-18 21:45:55 UTC",NA,9309,0.711461,0.506176,0.497924,0.446213,1868.414592,1822.817416,3691.232008,153,9155,9308,12.21186,0.199106,61.333394,0,0.446213,11548.557671,12655.061898,0.442507,0.361057,"ecf_7R712",-0.230039,0.090291,-2.547758,0.010858
"coefficient","cod_mod_base_23_25","data",NA,NA,"2026-02-18 21:45:55 UTC",NA,9309,0.711461,0.506176,0.497924,0.446213,1868.414592,1822.817416,3691.232008,153,9155,9308,12.21186,0.199106,61.333394,0,0.446213,11548.557671,12655.061898,0.442507,0.361057,"ecf_7R713",-0.22202,0.064324,-3.451577,0.00056
"coefficient","cod_mod_base_23_25","data",NA,NA,"2026-02-18 21:45:55 UTC",NA,9309,0.711461,0.506176,0.497924,0.446213,1868.414592,1822.817416,3691.232008,153,9155,9308,12.21186,0.199106,61.333394,0,0.446213,11548.557671,12655.061898,0.442507,0.361057,"ecf_7R715",-0.647248,0.149395,-4.332471,1.5e-05
"coefficient","cod_mod_base_23_25","data",NA,NA,"2026-02-18 21:45:55 UTC",NA,9309,0.711461,0.506176,0.497924,0.446213,1868.414592,1822.817416,3691.232008,153,9155,9308,12.21186,0.199106,61.333394,0,0.446213,11548.557671,12655.061898,0.442507,0.361057,"ecf_7R716",-0.702499,0.08387,-8.376013,0
"coefficient","cod_mod_base_23_25","data",NA,NA,"2026-02-18 21:45:55 UTC",NA,9309,0.711461,0.506176,0.497924,0.446213,1868.414592,1822.817416,3691.232008,153,9155,9308,12.21186,0.199106,61.333394,0,0.446213,11548.557671,12655.061898,0.442507,0.361057,"ecf_7R717",-0.791079,0.068981,-11.468065,0
"coefficient","cod_mod_base_23_25","data",NA,NA,"2026-02-18 21:45:55 UTC",NA,9309,0.711461,0.506176,0.497924,0.446213,1868.414592,1822.817416,3691.232008,153,9155,9308,12.21186,0.199106,61.333394,0,0.446213,11548.557671,12655.061898,0.442507,0.361057,"ecf_7R718",-0.559735,0.059169,-9.459919,0
"coefficient","cod_mod_base_23_25","data",NA,NA,"2026-02-18 21:45:55 UTC",NA,9309,0.711461,0.506176,0.497924,0.446213,1868.414592,1822.817416,3691.232008,153,9155,9308,12.21186,0.199106,61.333394,0,0.446213,11548.557671,12655.061898,0.442507,0.361057,"ecf_7R719",-0.136361,0.032974,-4.135445,3.6e-05
"coefficient","cod_mod_base_23_25","data",NA,NA,"2026-02-18 21:45:55 UTC",NA,9309,0.711461,0.506176,0.497924,0.446213,1868.414592,1822.817416,3691.232008,153,9155,9308,12.21186,0.199106,61.333394,0,0.446213,11548.557671,12655.061898,0.442507,0.361057,"ecf_7R720",-0.535438,0.170977,-3.131644,0.001744
"coefficient","cod_mod_base_23_25","data",NA,NA,"2026-02-18 21:45:55 UTC",NA,9309,0.711461,0.506176,0.497924,0.446213,1868.414592,1822.817416,3691.232008,153,9155,9308,12.21186,0.199106,61.333394,0,0.446213,11548.557671,12655.061898,0.442507,0.361057,"ecf_7R722",-0.678059,0.142111,-4.771336,2e-06
"coefficient","cod_mod_base_23_25","data",NA,NA,"2026-02-18 21:45:55 UTC",NA,9309,0.711461,0.506176,0.497924,0.446213,1868.414592,1822.817416,3691.232008,153,9155,9308,12.21186,0.199106,61.333394,0,0.446213,11548.557671,12655.061898,0.442507,0.361057,"ecf_7R724",-0.365881,0.10905,-3.35516,0.000796
"coefficient","cod_mod_base_23_25","data",NA,NA,"2026-02-18 21:45:55 UTC",NA,9309,0.711461,0.506176,0.497924,0.446213,1868.414592,1822.817416,3691.232008,153,9155,9308,12.21186,0.199106,61.333394,0,0.446213,11548.557671,12655.061898,0.442507,0.361057,"months_1to9",0.007279,0.001871,3.891105,1e-04
"coefficient","cod_mod_base_23_25","data",NA,NA,"2026-02-18 21:45:55 UTC",NA,9309,0.711461,0.506176,0.497924,0.446213,1868.414592,1822.817416,3691.232008,153,9155,9308,12.21186,0.199106,61.333394,0,0.446213,11548.557671,12655.061898,0.442507,0.361057,"months_10to16",0.018563,0.002007,9.24917,0
"coefficient","cod_mod_base_inliers_23_25","data",NA,NA,"2026-02-18 21:45:55 UTC",NA,8441,0.754668,0.569524,0.561576,0.382118,1600.862418,1210.017232,2810.87965,153,8287,8440,10.463153,0.146014,71.658607,0,0.382118,7868.163254,8959.495944,0.378616,0.316881,"(Intercept)",11.360771,0.020558,552.608601,0
"coefficient","cod_mod_base_inliers_23_25","data",NA,NA,"2026-02-18 21:45:55 UTC",NA,8441,0.754668,0.569524,0.561576,0.382118,1600.862418,1210.017232,2810.87965,153,8287,8440,10.463153,0.146014,71.658607,0,0.382118,7868.163254,8959.495944,0.378616,0.316881,"ln_landratio",0.121369,0.023184,5.235143,0
"coefficient","cod_mod_base_inliers_23_25","data",NA,NA,"2026-02-18 21:45:55 UTC",NA,8441,0.754668,0.569524,0.561576,0.382118,1600.862418,1210.017232,2810.87965,153,8287,8440,10.463153,0.146014,71.658607,0,0.382118,7868.163254,8959.495944,0.378616,0.316881,"ln_base_bldgsize_ratio",0.640209,0.028764,22.257554,0
"coefficient","cod_mod_base_inliers_23_25","data",NA,NA,"2026-02-18 21:45:55 UTC",NA,8441,0.754668,0.569524,0.561576,0.382118,1600.862418,1210.017232,2810.87965,153,8287,8440,10.463153,0.146014,71.658607,0,0.382118,7868.163254,8959.495944,0.378616,0.316881,"half_duplex1story",-0.306872,0.060427,-5.078409,0
"coefficient","cod_mod_base_inliers_23_25","data",NA,NA,"2026-02-18 21:45:55 UTC",NA,8441,0.754668,0.569524,0.561576,0.382118,1600.862418,1210.017232,2810.87965,153,8287,8440,10.463153,0.146014,71.658607,0,0.382118,7868.163254,8959.495944,0.378616,0.316881,"half_duplex2story",-0.186128,0.081088,-2.295397,0.021735
"coefficient","cod_mod_base_inliers_23_25","data",NA,NA,"2026-02-18 21:45:55 UTC",NA,8441,0.754668,0.569524,0.561576,0.382118,1600.862418,1210.017232,2810.87965,153,8287,8440,10.463153,0.146014,71.658607,0,0.382118,7868.163254,8959.495944,0.378616,0.316881,"largest",0.036465,0.01938,1.881561,0.059931
"coefficient","cod_mod_base_inliers_23_25","data",NA,NA,"2026-02-18 21:45:55 UTC",NA,8441,0.754668,0.569524,0.561576,0.382118,1600.862418,1210.017232,2810.87965,153,8287,8440,10.463153,0.146014,71.658607,0,0.382118,7868.163254,8959.495944,0.378616,0.316881,"good",0.231358,0.033449,6.916703,0
"coefficient","cod_mod_base_inliers_23_25","data",NA,NA,"2026-02-18 21:45:55 UTC",NA,8441,0.754668,0.569524,0.561576,0.382118,1600.862418,1210.017232,2810.87965,153,8287,8440,10.463153,0.146014,71.658607,0,0.382118,7868.163254,8959.495944,0.378616,0.316881,"fair",-0.170199,0.01102,-15.444907,0
"coefficient","cod_mod_base_inliers_23_25","data",NA,NA,"2026-02-18 21:45:55 UTC",NA,8441,0.754668,0.569524,0.561576,0.382118,1600.862418,1210.017232,2810.87965,153,8287,8440,10.463153,0.146014,71.658607,0,0.382118,7868.163254,8959.495944,0.378616,0.316881,"poor",-0.274884,0.029226,-9.40538,0
"coefficient","cod_mod_base_inliers_23_25","data",NA,NA,"2026-02-18 21:45:55 UTC",NA,8441,0.754668,0.569524,0.561576,0.382118,1600.862418,1210.017232,2810.87965,153,8287,8440,10.463153,0.146014,71.658607,0,0.382118,7868.163254,8959.495944,0.378616,0.316881,"very_poor_unsound",-0.319349,0.084452,-3.781414,0.000157
"coefficient","cod_mod_base_inliers_23_25","data",NA,NA,"2026-02-18 21:45:55 UTC",NA,8441,0.754668,0.569524,0.561576,0.382118,1600.862418,1210.017232,2810.87965,153,8287,8440,10.463153,0.146014,71.658607,0,0.382118,7868.163254,8959.495944,0.378616,0.316881,"qabove_avg",0.192305,0.036647,5.24746,0
"coefficient","cod_mod_base_inliers_23_25","data",NA,NA,"2026-02-18 21:45:55 UTC",NA,8441,0.754668,0.569524,0.561576,0.382118,1600.862418,1210.017232,2810.87965,153,8287,8440,10.463153,0.146014,71.658607,0,0.382118,7868.163254,8959.495944,0.378616,0.316881,"qbelow_avg",-0.070519,0.011954,-5.899313,0
"coefficient","cod_mod_base_inliers_23_25","data",NA,NA,"2026-02-18 21:45:55 UTC",NA,8441,0.754668,0.569524,0.561576,0.382118,1600.862418,1210.017232,2810.87965,153,8287,8440,10.463153,0.146014,71.658607,0,0.382118,7868.163254,8959.495944,0.378616,0.316881,"yb_pre_1929",-0.07067,0.015685,-4.505492,7e-06
"coefficient","cod_mod_base_inliers_23_25","data",NA,NA,"2026-02-18 21:45:55 UTC",NA,8441,0.754668,0.569524,0.561576,0.382118,1600.862418,1210.017232,2810.87965,153,8287,8440,10.463153,0.146014,71.658607,0,0.382118,7868.163254,8959.495944,0.378616,0.316881,"yb_1946_to_1960",0.038907,0.010505,3.703671,0.000214
"coefficient","cod_mod_base_inliers_23_25","data",NA,NA,"2026-02-18 21:45:55 UTC",NA,8441,0.754668,0.569524,0.561576,0.382118,1600.862418,1210.017232,2810.87965,153,8287,8440,10.463153,0.146014,71.658607,0,0.382118,7868.163254,8959.495944,0.378616,0.316881,"yb_post_1961",0.147332,0.034994,4.210218,2.6e-05
"coefficient","cod_mod_base_inliers_23_25","data",NA,NA,"2026-02-18 21:45:55 UTC",NA,8441,0.754668,0.569524,0.561576,0.382118,1600.862418,1210.017232,2810.87965,153,8287,8440,10.463153,0.146014,71.658607,0,0.382118,7868.163254,8959.495944,0.378616,0.316881,"slab",-0.288767,0.044343,-6.512143,0
"coefficient","cod_mod_base_inliers_23_25","data",NA,NA,"2026-02-18 21:45:55 UTC",NA,8441,0.754668,0.569524,0.561576,0.382118,1600.862418,1210.017232,2810.87965,153,8287,8440,10.463153,0.146014,71.658607,0,0.382118,7868.163254,8959.495944,0.378616,0.316881,"fireplace",0.064341,0.01129,5.698695,0
"coefficient","cod_mod_base_inliers_23_25","data",NA,NA,"2026-02-18 21:45:55 UTC",NA,8441,0.754668,0.569524,0.561576,0.382118,1600.862418,1210.017232,2810.87965,153,8287,8440,10.463153,0.146014,71.658607,0,0.382118,7868.163254,8959.495944,0.378616,0.316881,"hot_water",0.051858,0.018142,2.858503,0.004267
"coefficient","cod_mod_base_inliers_23_25","data",NA,NA,"2026-02-18 21:45:55 UTC",NA,8441,0.754668,0.569524,0.561576,0.382118,1600.862418,1210.017232,2810.87965,153,8287,8440,10.463153,0.146014,71.658607,0,0.382118,7868.163254,8959.495944,0.378616,0.316881,"central_air",0.071776,0.010837,6.623434,0
"coefficient","cod_mod_base_inliers_23_25","data",NA,NA,"2026-02-18 21:45:55 UTC",NA,8441,0.754668,0.569524,0.561576,0.382118,1600.862418,1210.017232,2810.87965,153,8287,8440,10.463153,0.146014,71.658607,0,0.382118,7868.163254,8959.495944,0.378616,0.316881,"ecf_1R102",-0.134912,0.076591,-1.761458,0.078198
"coefficient","cod_mod_base_inliers_23_25","data",NA,NA,"2026-02-18 21:45:55 UTC",NA,8441,0.754668,0.569524,0.561576,0.382118,1600.862418,1210.017232,2810.87965,153,8287,8440,10.463153,0.146014,71.658607,0,0.382118,7868.163254,8959.495944,0.378616,0.316881,"ecf_1R103",0.097341,0.052593,1.850818,0.064231
"coefficient","cod_mod_base_inliers_23_25","data",NA,NA,"2026-02-18 21:45:55 UTC",NA,8441,0.754668,0.569524,0.561576,0.382118,1600.862418,1210.017232,2810.87965,153,8287,8440,10.463153,0.146014,71.658607,0,0.382118,7868.163254,8959.495944,0.378616,0.316881,"ecf_1R105",-0.220495,0.041521,-5.310511,0
"coefficient","cod_mod_base_inliers_23_25","data",NA,NA,"2026-02-18 21:45:55 UTC",NA,8441,0.754668,0.569524,0.561576,0.382118,1600.862418,1210.017232,2810.87965,153,8287,8440,10.463153,0.146014,71.658607,0,0.382118,7868.163254,8959.495944,0.378616,0.316881,"ecf_1R106",-0.20383,0.05609,-3.633987,0.000281
"coefficient","cod_mod_base_inliers_23_25","data",NA,NA,"2026-02-18 21:45:55 UTC",NA,8441,0.754668,0.569524,0.561576,0.382118,1600.862418,1210.017232,2810.87965,153,8287,8440,10.463153,0.146014,71.658607,0,0.382118,7868.163254,8959.495944,0.378616,0.316881,"ecf_1R108",-0.299754,0.043512,-6.889062,0
"coefficient","cod_mod_base_inliers_23_25","data",NA,NA,"2026-02-18 21:45:55 UTC",NA,8441,0.754668,0.569524,0.561576,0.382118,1600.862418,1210.017232,2810.87965,153,8287,8440,10.463153,0.146014,71.658607,0,0.382118,7868.163254,8959.495944,0.378616,0.316881,"ecf_1R109",-0.079621,0.032874,-2.421984,0.015457
"coefficient","cod_mod_base_inliers_23_25","data",NA,NA,"2026-02-18 21:45:55 UTC",NA,8441,0.754668,0.569524,0.561576,0.382118,1600.862418,1210.017232,2810.87965,153,8287,8440,10.463153,0.146014,71.658607,0,0.382118,7868.163254,8959.495944,0.378616,0.316881,"ecf_1R113",-0.55898,0.091388,-6.116565,0
"coefficient","cod_mod_base_inliers_23_25","data",NA,NA,"2026-02-18 21:45:55 UTC",NA,8441,0.754668,0.569524,0.561576,0.382118,1600.862418,1210.017232,2810.87965,153,8287,8440,10.463153,0.146014,71.658607,0,0.382118,7868.163254,8959.495944,0.378616,0.316881,"ecf_1R114",-0.23686,0.067085,-3.530733,0.000417
"coefficient","cod_mod_base_inliers_23_25","data",NA,NA,"2026-02-18 21:45:55 UTC",NA,8441,0.754668,0.569524,0.561576,0.382118,1600.862418,1210.017232,2810.87965,153,8287,8440,10.463153,0.146014,71.658607,0,0.382118,7868.163254,8959.495944,0.378616,0.316881,"ecf_1R115",0.244032,0.075257,3.242641,0.001189
"coefficient","cod_mod_base_inliers_23_25","data",NA,NA,"2026-02-18 21:45:55 UTC",NA,8441,0.754668,0.569524,0.561576,0.382118,1600.862418,1210.017232,2810.87965,153,8287,8440,10.463153,0.146014,71.658607,0,0.382118,7868.163254,8959.495944,0.378616,0.316881,"ecf_1R116",0.250275,0.045688,5.477919,0
"coefficient","cod_mod_base_inliers_23_25","data",NA,NA,"2026-02-18 21:45:55 UTC",NA,8441,0.754668,0.569524,0.561576,0.382118,1600.862418,1210.017232,2810.87965,153,8287,8440,10.463153,0.146014,71.658607,0,0.382118,7868.163254,8959.495944,0.378616,0.316881,"ecf_1R117",-0.064071,0.03892,-1.646237,0.099753
"coefficient","cod_mod_base_inliers_23_25","data",NA,NA,"2026-02-18 21:45:55 UTC",NA,8441,0.754668,0.569524,0.561576,0.382118,1600.862418,1210.017232,2810.87965,153,8287,8440,10.463153,0.146014,71.658607,0,0.382118,7868.163254,8959.495944,0.378616,0.316881,"ecf_1R118",-0.156633,0.044698,-3.504293,0.00046
"coefficient","cod_mod_base_inliers_23_25","data",NA,NA,"2026-02-18 21:45:55 UTC",NA,8441,0.754668,0.569524,0.561576,0.382118,1600.862418,1210.017232,2810.87965,153,8287,8440,10.463153,0.146014,71.658607,0,0.382118,7868.163254,8959.495944,0.378616,0.316881,"ecf_1R119",-0.345199,0.06376,-5.414033,0
"coefficient","cod_mod_base_inliers_23_25","data",NA,NA,"2026-02-18 21:45:55 UTC",NA,8441,0.754668,0.569524,0.561576,0.382118,1600.862418,1210.017232,2810.87965,153,8287,8440,10.463153,0.146014,71.658607,0,0.382118,7868.163254,8959.495944,0.378616,0.316881,"ecf_1R121",-0.098386,0.040295,-2.441658,0.014641
"coefficient","cod_mod_base_inliers_23_25","data",NA,NA,"2026-02-18 21:45:55 UTC",NA,8441,0.754668,0.569524,0.561576,0.382118,1600.862418,1210.017232,2810.87965,153,8287,8440,10.463153,0.146014,71.658607,0,0.382118,7868.163254,8959.495944,0.378616,0.316881,"ecf_1R122",-0.33466,0.046931,-7.130952,0
"coefficient","cod_mod_base_inliers_23_25","data",NA,NA,"2026-02-18 21:45:55 UTC",NA,8441,0.754668,0.569524,0.561576,0.382118,1600.862418,1210.017232,2810.87965,153,8287,8440,10.463153,0.146014,71.658607,0,0.382118,7868.163254,8959.495944,0.378616,0.316881,"ecf_1R123",-0.126259,0.062393,-2.023594,0.043044
"coefficient","cod_mod_base_inliers_23_25","data",NA,NA,"2026-02-18 21:45:55 UTC",NA,8441,0.754668,0.569524,0.561576,0.382118,1600.862418,1210.017232,2810.87965,153,8287,8440,10.463153,0.146014,71.658607,0,0.382118,7868.163254,8959.495944,0.378616,0.316881,"ecf_1R124",-0.548231,0.122267,-4.483881,7e-06
"coefficient","cod_mod_base_inliers_23_25","data",NA,NA,"2026-02-18 21:45:55 UTC",NA,8441,0.754668,0.569524,0.561576,0.382118,1600.862418,1210.017232,2810.87965,153,8287,8440,10.463153,0.146014,71.658607,0,0.382118,7868.163254,8959.495944,0.378616,0.316881,"ecf_1R126",0.313894,0.045789,6.855213,0
"coefficient","cod_mod_base_inliers_23_25","data",NA,NA,"2026-02-18 21:45:55 UTC",NA,8441,0.754668,0.569524,0.561576,0.382118,1600.862418,1210.017232,2810.87965,153,8287,8440,10.463153,0.146014,71.658607,0,0.382118,7868.163254,8959.495944,0.378616,0.316881,"ecf_1R127",-0.332665,0.079521,-4.183374,2.9e-05
"coefficient","cod_mod_base_inliers_23_25","data",NA,NA,"2026-02-18 21:45:55 UTC",NA,8441,0.754668,0.569524,0.561576,0.382118,1600.862418,1210.017232,2810.87965,153,8287,8440,10.463153,0.146014,71.658607,0,0.382118,7868.163254,8959.495944,0.378616,0.316881,"ecf_1R128",-0.466682,0.047665,-9.790808,0
"coefficient","cod_mod_base_inliers_23_25","data",NA,NA,"2026-02-18 21:45:55 UTC",NA,8441,0.754668,0.569524,0.561576,0.382118,1600.862418,1210.017232,2810.87965,153,8287,8440,10.463153,0.146014,71.658607,0,0.382118,7868.163254,8959.495944,0.378616,0.316881,"ecf_1R129",-0.11936,0.05955,-2.004366,0.045063
"coefficient","cod_mod_base_inliers_23_25","data",NA,NA,"2026-02-18 21:45:55 UTC",NA,8441,0.754668,0.569524,0.561576,0.382118,1600.862418,1210.017232,2810.87965,153,8287,8440,10.463153,0.146014,71.658607,0,0.382118,7868.163254,8959.495944,0.378616,0.316881,"ecf_1R131",-0.25499,0.136298,-1.870823,0.061405
"coefficient","cod_mod_base_inliers_23_25","data",NA,NA,"2026-02-18 21:45:55 UTC",NA,8441,0.754668,0.569524,0.561576,0.382118,1600.862418,1210.017232,2810.87965,153,8287,8440,10.463153,0.146014,71.658607,0,0.382118,7868.163254,8959.495944,0.378616,0.316881,"ecf_1R133",-0.33159,0.121999,-2.717974,0.006582
"coefficient","cod_mod_base_inliers_23_25","data",NA,NA,"2026-02-18 21:45:55 UTC",NA,8441,0.754668,0.569524,0.561576,0.382118,1600.862418,1210.017232,2810.87965,153,8287,8440,10.463153,0.146014,71.658607,0,0.382118,7868.163254,8959.495944,0.378616,0.316881,"ecf_1R134",0.21188,0.076681,2.763143,0.005737
"coefficient","cod_mod_base_inliers_23_25","data",NA,NA,"2026-02-18 21:45:55 UTC",NA,8441,0.754668,0.569524,0.561576,0.382118,1600.862418,1210.017232,2810.87965,153,8287,8440,10.463153,0.146014,71.658607,0,0.382118,7868.163254,8959.495944,0.378616,0.316881,"ecf_1R135",-0.176672,0.049206,-3.590475,0.000332
"coefficient","cod_mod_base_inliers_23_25","data",NA,NA,"2026-02-18 21:45:55 UTC",NA,8441,0.754668,0.569524,0.561576,0.382118,1600.862418,1210.017232,2810.87965,153,8287,8440,10.463153,0.146014,71.658607,0,0.382118,7868.163254,8959.495944,0.378616,0.316881,"ecf_1R136",-0.17973,0.042215,-4.257449,2.1e-05
"coefficient","cod_mod_base_inliers_23_25","data",NA,NA,"2026-02-18 21:45:55 UTC",NA,8441,0.754668,0.569524,0.561576,0.382118,1600.862418,1210.017232,2810.87965,153,8287,8440,10.463153,0.146014,71.658607,0,0.382118,7868.163254,8959.495944,0.378616,0.316881,"ecf_1R137",-0.779339,0.111326,-7.000485,0
"coefficient","cod_mod_base_inliers_23_25","data",NA,NA,"2026-02-18 21:45:55 UTC",NA,8441,0.754668,0.569524,0.561576,0.382118,1600.862418,1210.017232,2810.87965,153,8287,8440,10.463153,0.146014,71.658607,0,0.382118,7868.163254,8959.495944,0.378616,0.316881,"ecf_2R201",-0.179319,0.035481,-5.053964,0
"coefficient","cod_mod_base_inliers_23_25","data",NA,NA,"2026-02-18 21:45:55 UTC",NA,8441,0.754668,0.569524,0.561576,0.382118,1600.862418,1210.017232,2810.87965,153,8287,8440,10.463153,0.146014,71.658607,0,0.382118,7868.163254,8959.495944,0.378616,0.316881,"ecf_2R202",-0.125992,0.059917,-2.102789,0.035514
"coefficient","cod_mod_base_inliers_23_25","data",NA,NA,"2026-02-18 21:45:55 UTC",NA,8441,0.754668,0.569524,0.561576,0.382118,1600.862418,1210.017232,2810.87965,153,8287,8440,10.463153,0.146014,71.658607,0,0.382118,7868.163254,8959.495944,0.378616,0.316881,"ecf_2R205",-0.095249,0.045922,-2.074147,0.038096
"coefficient","cod_mod_base_inliers_23_25","data",NA,NA,"2026-02-18 21:45:55 UTC",NA,8441,0.754668,0.569524,0.561576,0.382118,1600.862418,1210.017232,2810.87965,153,8287,8440,10.463153,0.146014,71.658607,0,0.382118,7868.163254,8959.495944,0.378616,0.316881,"ecf_2R208",0.578802,0.100254,5.773327,0
"coefficient","cod_mod_base_inliers_23_25","data",NA,NA,"2026-02-18 21:45:55 UTC",NA,8441,0.754668,0.569524,0.561576,0.382118,1600.862418,1210.017232,2810.87965,153,8287,8440,10.463153,0.146014,71.658607,0,0.382118,7868.163254,8959.495944,0.378616,0.316881,"ecf_2R209",0.305617,0.140238,2.17927,0.02934
"coefficient","cod_mod_base_inliers_23_25","data",NA,NA,"2026-02-18 21:45:55 UTC",NA,8441,0.754668,0.569524,0.561576,0.382118,1600.862418,1210.017232,2810.87965,153,8287,8440,10.463153,0.146014,71.658607,0,0.382118,7868.163254,8959.495944,0.378616,0.316881,"ecf_2R210",0.583036,0.226382,2.575457,0.010028
"coefficient","cod_mod_base_inliers_23_25","data",NA,NA,"2026-02-18 21:45:55 UTC",NA,8441,0.754668,0.569524,0.561576,0.382118,1600.862418,1210.017232,2810.87965,153,8287,8440,10.463153,0.146014,71.658607,0,0.382118,7868.163254,8959.495944,0.378616,0.316881,"ecf_2R212",-0.110076,0.032834,-3.352504,0.000804
"coefficient","cod_mod_base_inliers_23_25","data",NA,NA,"2026-02-18 21:45:55 UTC",NA,8441,0.754668,0.569524,0.561576,0.382118,1600.862418,1210.017232,2810.87965,153,8287,8440,10.463153,0.146014,71.658607,0,0.382118,7868.163254,8959.495944,0.378616,0.316881,"ecf_2R214",0.128208,0.025546,5.018759,1e-06
"coefficient","cod_mod_base_inliers_23_25","data",NA,NA,"2026-02-18 21:45:55 UTC",NA,8441,0.754668,0.569524,0.561576,0.382118,1600.862418,1210.017232,2810.87965,153,8287,8440,10.463153,0.146014,71.658607,0,0.382118,7868.163254,8959.495944,0.378616,0.316881,"ecf_2R215",0.381442,0.070632,5.400448,0
"coefficient","cod_mod_base_inliers_23_25","data",NA,NA,"2026-02-18 21:45:55 UTC",NA,8441,0.754668,0.569524,0.561576,0.382118,1600.862418,1210.017232,2810.87965,153,8287,8440,10.463153,0.146014,71.658607,0,0.382118,7868.163254,8959.495944,0.378616,0.316881,"ecf_2R216",0.543679,0.225755,2.40827,0.01605
"coefficient","cod_mod_base_inliers_23_25","data",NA,NA,"2026-02-18 21:45:55 UTC",NA,8441,0.754668,0.569524,0.561576,0.382118,1600.862418,1210.017232,2810.87965,153,8287,8440,10.463153,0.146014,71.658607,0,0.382118,7868.163254,8959.495944,0.378616,0.316881,"ecf_2R218",-0.750123,0.145957,-5.139349,0
"coefficient","cod_mod_base_inliers_23_25","data",NA,NA,"2026-02-18 21:45:55 UTC",NA,8441,0.754668,0.569524,0.561576,0.382118,1600.862418,1210.017232,2810.87965,153,8287,8440,10.463153,0.146014,71.658607,0,0.382118,7868.163254,8959.495944,0.378616,0.316881,"ecf_2R219",0.588911,0.146031,4.032791,5.6e-05
"coefficient","cod_mod_base_inliers_23_25","data",NA,NA,"2026-02-18 21:45:55 UTC",NA,8441,0.754668,0.569524,0.561576,0.382118,1600.862418,1210.017232,2810.87965,153,8287,8440,10.463153,0.146014,71.658607,0,0.382118,7868.163254,8959.495944,0.378616,0.316881,"ecf_2R220",-0.185577,0.047308,-3.922763,8.8e-05
"coefficient","cod_mod_base_inliers_23_25","data",NA,NA,"2026-02-18 21:45:55 UTC",NA,8441,0.754668,0.569524,0.561576,0.382118,1600.862418,1210.017232,2810.87965,153,8287,8440,10.463153,0.146014,71.658607,0,0.382118,7868.163254,8959.495944,0.378616,0.316881,"ecf_2R221",-0.164692,0.038973,-4.225844,2.4e-05
"coefficient","cod_mod_base_inliers_23_25","data",NA,NA,"2026-02-18 21:45:55 UTC",NA,8441,0.754668,0.569524,0.561576,0.382118,1600.862418,1210.017232,2810.87965,153,8287,8440,10.463153,0.146014,71.658607,0,0.382118,7868.163254,8959.495944,0.378616,0.316881,"ecf_2R222",-0.44524,0.044584,-9.986431,0
"coefficient","cod_mod_base_inliers_23_25","data",NA,NA,"2026-02-18 21:45:55 UTC",NA,8441,0.754668,0.569524,0.561576,0.382118,1600.862418,1210.017232,2810.87965,153,8287,8440,10.463153,0.146014,71.658607,0,0.382118,7868.163254,8959.495944,0.378616,0.316881,"ecf_2R223",-0.131875,0.053834,-2.449665,0.014319
"coefficient","cod_mod_base_inliers_23_25","data",NA,NA,"2026-02-18 21:45:55 UTC",NA,8441,0.754668,0.569524,0.561576,0.382118,1600.862418,1210.017232,2810.87965,153,8287,8440,10.463153,0.146014,71.658607,0,0.382118,7868.163254,8959.495944,0.378616,0.316881,"ecf_2R224",-0.508353,0.055731,-9.121594,0
"coefficient","cod_mod_base_inliers_23_25","data",NA,NA,"2026-02-18 21:45:55 UTC",NA,8441,0.754668,0.569524,0.561576,0.382118,1600.862418,1210.017232,2810.87965,153,8287,8440,10.463153,0.146014,71.658607,0,0.382118,7868.163254,8959.495944,0.378616,0.316881,"ecf_2R225",-0.107203,0.045683,-2.346669,0.018966
"coefficient","cod_mod_base_inliers_23_25","data",NA,NA,"2026-02-18 21:45:55 UTC",NA,8441,0.754668,0.569524,0.561576,0.382118,1600.862418,1210.017232,2810.87965,153,8287,8440,10.463153,0.146014,71.658607,0,0.382118,7868.163254,8959.495944,0.378616,0.316881,"ecf_2R228",-0.777612,0.222061,-3.501804,0.000465
"coefficient","cod_mod_base_inliers_23_25","data",NA,NA,"2026-02-18 21:45:55 UTC",NA,8441,0.754668,0.569524,0.561576,0.382118,1600.862418,1210.017232,2810.87965,153,8287,8440,10.463153,0.146014,71.658607,0,0.382118,7868.163254,8959.495944,0.378616,0.316881,"ecf_3R301",-0.766785,0.192151,-3.990542,6.6e-05
"coefficient","cod_mod_base_inliers_23_25","data",NA,NA,"2026-02-18 21:45:55 UTC",NA,8441,0.754668,0.569524,0.561576,0.382118,1600.862418,1210.017232,2810.87965,153,8287,8440,10.463153,0.146014,71.658607,0,0.382118,7868.163254,8959.495944,0.378616,0.316881,"ecf_3R303",-0.51842,0.042235,-12.274579,0
"coefficient","cod_mod_base_inliers_23_25","data",NA,NA,"2026-02-18 21:45:55 UTC",NA,8441,0.754668,0.569524,0.561576,0.382118,1600.862418,1210.017232,2810.87965,153,8287,8440,10.463153,0.146014,71.658607,0,0.382118,7868.163254,8959.495944,0.378616,0.316881,"ecf_3R304",-0.663148,0.116613,-5.686748,0
"coefficient","cod_mod_base_inliers_23_25","data",NA,NA,"2026-02-18 21:45:55 UTC",NA,8441,0.754668,0.569524,0.561576,0.382118,1600.862418,1210.017232,2810.87965,153,8287,8440,10.463153,0.146014,71.658607,0,0.382118,7868.163254,8959.495944,0.378616,0.316881,"ecf_3R306",0.264328,0.128839,2.05161,0.040239
"coefficient","cod_mod_base_inliers_23_25","data",NA,NA,"2026-02-18 21:45:55 UTC",NA,8441,0.754668,0.569524,0.561576,0.382118,1600.862418,1210.017232,2810.87965,153,8287,8440,10.463153,0.146014,71.658607,0,0.382118,7868.163254,8959.495944,0.378616,0.316881,"ecf_3R307",-0.387824,0.036648,-10.58248,0
"coefficient","cod_mod_base_inliers_23_25","data",NA,NA,"2026-02-18 21:45:55 UTC",NA,8441,0.754668,0.569524,0.561576,0.382118,1600.862418,1210.017232,2810.87965,153,8287,8440,10.463153,0.146014,71.658607,0,0.382118,7868.163254,8959.495944,0.378616,0.316881,"ecf_3R308",-0.707464,0.111513,-6.344214,0
"coefficient","cod_mod_base_inliers_23_25","data",NA,NA,"2026-02-18 21:45:55 UTC",NA,8441,0.754668,0.569524,0.561576,0.382118,1600.862418,1210.017232,2810.87965,153,8287,8440,10.463153,0.146014,71.658607,0,0.382118,7868.163254,8959.495944,0.378616,0.316881,"ecf_3R309",-0.628744,0.156938,-4.006315,6.2e-05
"coefficient","cod_mod_base_inliers_23_25","data",NA,NA,"2026-02-18 21:45:55 UTC",NA,8441,0.754668,0.569524,0.561576,0.382118,1600.862418,1210.017232,2810.87965,153,8287,8440,10.463153,0.146014,71.658607,0,0.382118,7868.163254,8959.495944,0.378616,0.316881,"ecf_3R310",0.457583,0.061084,7.491102,0
"coefficient","cod_mod_base_inliers_23_25","data",NA,NA,"2026-02-18 21:45:55 UTC",NA,8441,0.754668,0.569524,0.561576,0.382118,1600.862418,1210.017232,2810.87965,153,8287,8440,10.463153,0.146014,71.658607,0,0.382118,7868.163254,8959.495944,0.378616,0.316881,"ecf_3R311",-0.379765,0.103484,-3.669808,0.000244
"coefficient","cod_mod_base_inliers_23_25","data",NA,NA,"2026-02-18 21:45:55 UTC",NA,8441,0.754668,0.569524,0.561576,0.382118,1600.862418,1210.017232,2810.87965,153,8287,8440,10.463153,0.146014,71.658607,0,0.382118,7868.163254,8959.495944,0.378616,0.316881,"ecf_3R312",-0.650699,0.055076,-11.814535,0
"coefficient","cod_mod_base_inliers_23_25","data",NA,NA,"2026-02-18 21:45:55 UTC",NA,8441,0.754668,0.569524,0.561576,0.382118,1600.862418,1210.017232,2810.87965,153,8287,8440,10.463153,0.146014,71.658607,0,0.382118,7868.163254,8959.495944,0.378616,0.316881,"ecf_3R313",-0.465181,0.076625,-6.07089,0
"coefficient","cod_mod_base_inliers_23_25","data",NA,NA,"2026-02-18 21:45:55 UTC",NA,8441,0.754668,0.569524,0.561576,0.382118,1600.862418,1210.017232,2810.87965,153,8287,8440,10.463153,0.146014,71.658607,0,0.382118,7868.163254,8959.495944,0.378616,0.316881,"ecf_3R314",-0.261339,0.063794,-4.09662,4.2e-05
"coefficient","cod_mod_base_inliers_23_25","data",NA,NA,"2026-02-18 21:45:55 UTC",NA,8441,0.754668,0.569524,0.561576,0.382118,1600.862418,1210.017232,2810.87965,153,8287,8440,10.463153,0.146014,71.658607,0,0.382118,7868.163254,8959.495944,0.378616,0.316881,"ecf_3R315",-0.240048,0.052528,-4.569919,5e-06
"coefficient","cod_mod_base_inliers_23_25","data",NA,NA,"2026-02-18 21:45:55 UTC",NA,8441,0.754668,0.569524,0.561576,0.382118,1600.862418,1210.017232,2810.87965,153,8287,8440,10.463153,0.146014,71.658607,0,0.382118,7868.163254,8959.495944,0.378616,0.316881,"ecf_3R316",-0.66786,0.086853,-7.689521,0
"coefficient","cod_mod_base_inliers_23_25","data",NA,NA,"2026-02-18 21:45:55 UTC",NA,8441,0.754668,0.569524,0.561576,0.382118,1600.862418,1210.017232,2810.87965,153,8287,8440,10.463153,0.146014,71.658607,0,0.382118,7868.163254,8959.495944,0.378616,0.316881,"ecf_3R317",-0.859985,0.221461,-3.883238,0.000104
"coefficient","cod_mod_base_inliers_23_25","data",NA,NA,"2026-02-18 21:45:55 UTC",NA,8441,0.754668,0.569524,0.561576,0.382118,1600.862418,1210.017232,2810.87965,153,8287,8440,10.463153,0.146014,71.658607,0,0.382118,7868.163254,8959.495944,0.378616,0.316881,"ecf_3R318",-0.258531,0.156992,-1.646784,0.09964
"coefficient","cod_mod_base_inliers_23_25","data",NA,NA,"2026-02-18 21:45:55 UTC",NA,8441,0.754668,0.569524,0.561576,0.382118,1600.862418,1210.017232,2810.87965,153,8287,8440,10.463153,0.146014,71.658607,0,0.382118,7868.163254,8959.495944,0.378616,0.316881,"ecf_3R319",-0.539126,0.030611,-17.612451,0
"coefficient","cod_mod_base_inliers_23_25","data",NA,NA,"2026-02-18 21:45:55 UTC",NA,8441,0.754668,0.569524,0.561576,0.382118,1600.862418,1210.017232,2810.87965,153,8287,8440,10.463153,0.146014,71.658607,0,0.382118,7868.163254,8959.495944,0.378616,0.316881,"ecf_3R320",-0.424285,0.036822,-11.522636,0
"coefficient","cod_mod_base_inliers_23_25","data",NA,NA,"2026-02-18 21:45:55 UTC",NA,8441,0.754668,0.569524,0.561576,0.382118,1600.862418,1210.017232,2810.87965,153,8287,8440,10.463153,0.146014,71.658607,0,0.382118,7868.163254,8959.495944,0.378616,0.316881,"ecf_3R321",-0.888734,0.103312,-8.602421,0
"coefficient","cod_mod_base_inliers_23_25","data",NA,NA,"2026-02-18 21:45:55 UTC",NA,8441,0.754668,0.569524,0.561576,0.382118,1600.862418,1210.017232,2810.87965,153,8287,8440,10.463153,0.146014,71.658607,0,0.382118,7868.163254,8959.495944,0.378616,0.316881,"ecf_3R322",-0.217055,0.044334,-4.895851,1e-06
"coefficient","cod_mod_base_inliers_23_25","data",NA,NA,"2026-02-18 21:45:55 UTC",NA,8441,0.754668,0.569524,0.561576,0.382118,1600.862418,1210.017232,2810.87965,153,8287,8440,10.463153,0.146014,71.658607,0,0.382118,7868.163254,8959.495944,0.378616,0.316881,"ecf_3R323",-0.348109,0.034786,-10.007129,0
"coefficient","cod_mod_base_inliers_23_25","data",NA,NA,"2026-02-18 21:45:55 UTC",NA,8441,0.754668,0.569524,0.561576,0.382118,1600.862418,1210.017232,2810.87965,153,8287,8440,10.463153,0.146014,71.658607,0,0.382118,7868.163254,8959.495944,0.378616,0.316881,"ecf_3R324",-0.799808,0.096791,-8.263216,0
"coefficient","cod_mod_base_inliers_23_25","data",NA,NA,"2026-02-18 21:45:55 UTC",NA,8441,0.754668,0.569524,0.561576,0.382118,1600.862418,1210.017232,2810.87965,153,8287,8440,10.463153,0.146014,71.658607,0,0.382118,7868.163254,8959.495944,0.378616,0.316881,"ecf_3R325",-0.457451,0.051191,-8.936166,0
"coefficient","cod_mod_base_inliers_23_25","data",NA,NA,"2026-02-18 21:45:55 UTC",NA,8441,0.754668,0.569524,0.561576,0.382118,1600.862418,1210.017232,2810.87965,153,8287,8440,10.463153,0.146014,71.658607,0,0.382118,7868.163254,8959.495944,0.378616,0.316881,"ecf_3R326",-0.976711,0.145472,-6.7141,0
"coefficient","cod_mod_base_inliers_23_25","data",NA,NA,"2026-02-18 21:45:55 UTC",NA,8441,0.754668,0.569524,0.561576,0.382118,1600.862418,1210.017232,2810.87965,153,8287,8440,10.463153,0.146014,71.658607,0,0.382118,7868.163254,8959.495944,0.378616,0.316881,"ecf_4R401",-0.598935,0.044515,-13.454547,0
"coefficient","cod_mod_base_inliers_23_25","data",NA,NA,"2026-02-18 21:45:55 UTC",NA,8441,0.754668,0.569524,0.561576,0.382118,1600.862418,1210.017232,2810.87965,153,8287,8440,10.463153,0.146014,71.658607,0,0.382118,7868.163254,8959.495944,0.378616,0.316881,"ecf_4R402",-1.262806,0.087888,-14.368315,0
"coefficient","cod_mod_base_inliers_23_25","data",NA,NA,"2026-02-18 21:45:55 UTC",NA,8441,0.754668,0.569524,0.561576,0.382118,1600.862418,1210.017232,2810.87965,153,8287,8440,10.463153,0.146014,71.658607,0,0.382118,7868.163254,8959.495944,0.378616,0.316881,"ecf_4R403",-0.421874,0.051801,-8.144207,0
"coefficient","cod_mod_base_inliers_23_25","data",NA,NA,"2026-02-18 21:45:55 UTC",NA,8441,0.754668,0.569524,0.561576,0.382118,1600.862418,1210.017232,2810.87965,153,8287,8440,10.463153,0.146014,71.658607,0,0.382118,7868.163254,8959.495944,0.378616,0.316881,"ecf_4R404",-0.299598,0.052591,-5.696777,0
"coefficient","cod_mod_base_inliers_23_25","data",NA,NA,"2026-02-18 21:45:55 UTC",NA,8441,0.754668,0.569524,0.561576,0.382118,1600.862418,1210.017232,2810.87965,153,8287,8440,10.463153,0.146014,71.658607,0,0.382118,7868.163254,8959.495944,0.378616,0.316881,"ecf_4R405",-0.317341,0.032616,-9.729667,0
"coefficient","cod_mod_base_inliers_23_25","data",NA,NA,"2026-02-18 21:45:55 UTC",NA,8441,0.754668,0.569524,0.561576,0.382118,1600.862418,1210.017232,2810.87965,153,8287,8440,10.463153,0.146014,71.658607,0,0.382118,7868.163254,8959.495944,0.378616,0.316881,"ecf_4R406",-0.381207,0.031792,-11.990777,0
"coefficient","cod_mod_base_inliers_23_25","data",NA,NA,"2026-02-18 21:45:55 UTC",NA,8441,0.754668,0.569524,0.561576,0.382118,1600.862418,1210.017232,2810.87965,153,8287,8440,10.463153,0.146014,71.658607,0,0.382118,7868.163254,8959.495944,0.378616,0.316881,"ecf_4R407",-0.483998,0.068143,-7.102674,0
"coefficient","cod_mod_base_inliers_23_25","data",NA,NA,"2026-02-18 21:45:55 UTC",NA,8441,0.754668,0.569524,0.561576,0.382118,1600.862418,1210.017232,2810.87965,153,8287,8440,10.463153,0.146014,71.658607,0,0.382118,7868.163254,8959.495944,0.378616,0.316881,"ecf_4R408",-0.489393,0.037637,-13.003099,0
"coefficient","cod_mod_base_inliers_23_25","data",NA,NA,"2026-02-18 21:45:55 UTC",NA,8441,0.754668,0.569524,0.561576,0.382118,1600.862418,1210.017232,2810.87965,153,8287,8440,10.463153,0.146014,71.658607,0,0.382118,7868.163254,8959.495944,0.378616,0.316881,"ecf_4R409",-0.365403,0.064614,-5.655199,0
"coefficient","cod_mod_base_inliers_23_25","data",NA,NA,"2026-02-18 21:45:55 UTC",NA,8441,0.754668,0.569524,0.561576,0.382118,1600.862418,1210.017232,2810.87965,153,8287,8440,10.463153,0.146014,71.658607,0,0.382118,7868.163254,8959.495944,0.378616,0.316881,"ecf_4R410",-0.085671,0.029746,-2.880048,0.003986
"coefficient","cod_mod_base_inliers_23_25","data",NA,NA,"2026-02-18 21:45:55 UTC",NA,8441,0.754668,0.569524,0.561576,0.382118,1600.862418,1210.017232,2810.87965,153,8287,8440,10.463153,0.146014,71.658607,0,0.382118,7868.163254,8959.495944,0.378616,0.316881,"ecf_4R411",-0.554052,0.040138,-13.80377,0
"coefficient","cod_mod_base_inliers_23_25","data",NA,NA,"2026-02-18 21:45:55 UTC",NA,8441,0.754668,0.569524,0.561576,0.382118,1600.862418,1210.017232,2810.87965,153,8287,8440,10.463153,0.146014,71.658607,0,0.382118,7868.163254,8959.495944,0.378616,0.316881,"ecf_4R412",-0.497296,0.089613,-5.549361,0
"coefficient","cod_mod_base_inliers_23_25","data",NA,NA,"2026-02-18 21:45:55 UTC",NA,8441,0.754668,0.569524,0.561576,0.382118,1600.862418,1210.017232,2810.87965,153,8287,8440,10.463153,0.146014,71.658607,0,0.382118,7868.163254,8959.495944,0.378616,0.316881,"ecf_4R413",-0.268588,0.037256,-7.209197,0
"coefficient","cod_mod_base_inliers_23_25","data",NA,NA,"2026-02-18 21:45:55 UTC",NA,8441,0.754668,0.569524,0.561576,0.382118,1600.862418,1210.017232,2810.87965,153,8287,8440,10.463153,0.146014,71.658607,0,0.382118,7868.163254,8959.495944,0.378616,0.316881,"ecf_4R414",0.138213,0.051761,2.670231,0.007595
"coefficient","cod_mod_base_inliers_23_25","data",NA,NA,"2026-02-18 21:45:55 UTC",NA,8441,0.754668,0.569524,0.561576,0.382118,1600.862418,1210.017232,2810.87965,153,8287,8440,10.463153,0.146014,71.658607,0,0.382118,7868.163254,8959.495944,0.378616,0.316881,"ecf_4R415",0.159457,0.058955,2.704702,0.006851
"coefficient","cod_mod_base_inliers_23_25","data",NA,NA,"2026-02-18 21:45:55 UTC",NA,8441,0.754668,0.569524,0.561576,0.382118,1600.862418,1210.017232,2810.87965,153,8287,8440,10.463153,0.146014,71.658607,0,0.382118,7868.163254,8959.495944,0.378616,0.316881,"ecf_4R416",-0.620813,0.191718,-3.238162,0.001208
"coefficient","cod_mod_base_inliers_23_25","data",NA,NA,"2026-02-18 21:45:55 UTC",NA,8441,0.754668,0.569524,0.561576,0.382118,1600.862418,1210.017232,2810.87965,153,8287,8440,10.463153,0.146014,71.658607,0,0.382118,7868.163254,8959.495944,0.378616,0.316881,"ecf_4R417",-0.089111,0.035502,-2.510034,0.012091
"coefficient","cod_mod_base_inliers_23_25","data",NA,NA,"2026-02-18 21:45:55 UTC",NA,8441,0.754668,0.569524,0.561576,0.382118,1600.862418,1210.017232,2810.87965,153,8287,8440,10.463153,0.146014,71.658607,0,0.382118,7868.163254,8959.495944,0.378616,0.316881,"ecf_4R419",-0.873561,0.073583,-11.871744,0
"coefficient","cod_mod_base_inliers_23_25","data",NA,NA,"2026-02-18 21:45:55 UTC",NA,8441,0.754668,0.569524,0.561576,0.382118,1600.862418,1210.017232,2810.87965,153,8287,8440,10.463153,0.146014,71.658607,0,0.382118,7868.163254,8959.495944,0.378616,0.316881,"ecf_4R421",-0.791925,0.078951,-10.030632,0
"coefficient","cod_mod_base_inliers_23_25","data",NA,NA,"2026-02-18 21:45:55 UTC",NA,8441,0.754668,0.569524,0.561576,0.382118,1600.862418,1210.017232,2810.87965,153,8287,8440,10.463153,0.146014,71.658607,0,0.382118,7868.163254,8959.495944,0.378616,0.316881,"ecf_4R422",0.23149,0.061743,3.749226,0.000179
"coefficient","cod_mod_base_inliers_23_25","data",NA,NA,"2026-02-18 21:45:55 UTC",NA,8441,0.754668,0.569524,0.561576,0.382118,1600.862418,1210.017232,2810.87965,153,8287,8440,10.463153,0.146014,71.658607,0,0.382118,7868.163254,8959.495944,0.378616,0.316881,"ecf_5R501",-0.671387,0.066566,-10.086107,0
"coefficient","cod_mod_base_inliers_23_25","data",NA,NA,"2026-02-18 21:45:55 UTC",NA,8441,0.754668,0.569524,0.561576,0.382118,1600.862418,1210.017232,2810.87965,153,8287,8440,10.463153,0.146014,71.658607,0,0.382118,7868.163254,8959.495944,0.378616,0.316881,"ecf_5R502",-0.517068,0.07132,-7.249967,0
"coefficient","cod_mod_base_inliers_23_25","data",NA,NA,"2026-02-18 21:45:55 UTC",NA,8441,0.754668,0.569524,0.561576,0.382118,1600.862418,1210.017232,2810.87965,153,8287,8440,10.463153,0.146014,71.658607,0,0.382118,7868.163254,8959.495944,0.378616,0.316881,"ecf_5R503",0.543008,0.194888,2.786257,0.005344
"coefficient","cod_mod_base_inliers_23_25","data",NA,NA,"2026-02-18 21:45:55 UTC",NA,8441,0.754668,0.569524,0.561576,0.382118,1600.862418,1210.017232,2810.87965,153,8287,8440,10.463153,0.146014,71.658607,0,0.382118,7868.163254,8959.495944,0.378616,0.316881,"ecf_5R504",0.34039,0.084311,4.037291,5.5e-05
"coefficient","cod_mod_base_inliers_23_25","data",NA,NA,"2026-02-18 21:45:55 UTC",NA,8441,0.754668,0.569524,0.561576,0.382118,1600.862418,1210.017232,2810.87965,153,8287,8440,10.463153,0.146014,71.658607,0,0.382118,7868.163254,8959.495944,0.378616,0.316881,"ecf_5R509",0.580848,0.221895,2.617672,0.008869
"coefficient","cod_mod_base_inliers_23_25","data",NA,NA,"2026-02-18 21:45:55 UTC",NA,8441,0.754668,0.569524,0.561576,0.382118,1600.862418,1210.017232,2810.87965,153,8287,8440,10.463153,0.146014,71.658607,0,0.382118,7868.163254,8959.495944,0.378616,0.316881,"ecf_5R514",0.496922,0.122681,4.050515,5.2e-05
"coefficient","cod_mod_base_inliers_23_25","data",NA,NA,"2026-02-18 21:45:55 UTC",NA,8441,0.754668,0.569524,0.561576,0.382118,1600.862418,1210.017232,2810.87965,153,8287,8440,10.463153,0.146014,71.658607,0,0.382118,7868.163254,8959.495944,0.378616,0.316881,"ecf_5R517",0.730388,0.272709,2.678273,0.007415
"coefficient","cod_mod_base_inliers_23_25","data",NA,NA,"2026-02-18 21:45:55 UTC",NA,8441,0.754668,0.569524,0.561576,0.382118,1600.862418,1210.017232,2810.87965,153,8287,8440,10.463153,0.146014,71.658607,0,0.382118,7868.163254,8959.495944,0.378616,0.316881,"ecf_5R521",0.630486,0.382922,1.646511,0.099696
"coefficient","cod_mod_base_inliers_23_25","data",NA,NA,"2026-02-18 21:45:55 UTC",NA,8441,0.754668,0.569524,0.561576,0.382118,1600.862418,1210.017232,2810.87965,153,8287,8440,10.463153,0.146014,71.658607,0,0.382118,7868.163254,8959.495944,0.378616,0.316881,"ecf_5R523",-0.624446,0.271338,-2.301356,0.021396
"coefficient","cod_mod_base_inliers_23_25","data",NA,NA,"2026-02-18 21:45:55 UTC",NA,8441,0.754668,0.569524,0.561576,0.382118,1600.862418,1210.017232,2810.87965,153,8287,8440,10.463153,0.146014,71.658607,0,0.382118,7868.163254,8959.495944,0.378616,0.316881,"ecf_5R528",-0.486499,0.271097,-1.794557,0.072761
"coefficient","cod_mod_base_inliers_23_25","data",NA,NA,"2026-02-18 21:45:55 UTC",NA,8441,0.754668,0.569524,0.561576,0.382118,1600.862418,1210.017232,2810.87965,153,8287,8440,10.463153,0.146014,71.658607,0,0.382118,7868.163254,8959.495944,0.378616,0.316881,"ecf_5R529",0.441077,0.172228,2.561006,0.010455
"coefficient","cod_mod_base_inliers_23_25","data",NA,NA,"2026-02-18 21:45:55 UTC",NA,8441,0.754668,0.569524,0.561576,0.382118,1600.862418,1210.017232,2810.87965,153,8287,8440,10.463153,0.146014,71.658607,0,0.382118,7868.163254,8959.495944,0.378616,0.316881,"ecf_5R530",0.371121,0.221824,1.673041,0.094357
"coefficient","cod_mod_base_inliers_23_25","data",NA,NA,"2026-02-18 21:45:55 UTC",NA,8441,0.754668,0.569524,0.561576,0.382118,1600.862418,1210.017232,2810.87965,153,8287,8440,10.463153,0.146014,71.658607,0,0.382118,7868.163254,8959.495944,0.378616,0.316881,"ecf_6R601",-1.098975,0.136461,-8.053391,0
"coefficient","cod_mod_base_inliers_23_25","data",NA,NA,"2026-02-18 21:45:55 UTC",NA,8441,0.754668,0.569524,0.561576,0.382118,1600.862418,1210.017232,2810.87965,153,8287,8440,10.463153,0.146014,71.658607,0,0.382118,7868.163254,8959.495944,0.378616,0.316881,"ecf_6R602",-0.719085,0.136432,-5.270637,0
"coefficient","cod_mod_base_inliers_23_25","data",NA,NA,"2026-02-18 21:45:55 UTC",NA,8441,0.754668,0.569524,0.561576,0.382118,1600.862418,1210.017232,2810.87965,153,8287,8440,10.463153,0.146014,71.658607,0,0.382118,7868.163254,8959.495944,0.378616,0.316881,"ecf_6R603",-0.996494,0.122573,-8.129777,0
"coefficient","cod_mod_base_inliers_23_25","data",NA,NA,"2026-02-18 21:45:55 UTC",NA,8441,0.754668,0.569524,0.561576,0.382118,1600.862418,1210.017232,2810.87965,153,8287,8440,10.463153,0.146014,71.658607,0,0.382118,7868.163254,8959.495944,0.378616,0.316881,"ecf_6R604",-0.286401,0.082392,-3.47607,0.000511
"coefficient","cod_mod_base_inliers_23_25","data",NA,NA,"2026-02-18 21:45:55 UTC",NA,8441,0.754668,0.569524,0.561576,0.382118,1600.862418,1210.017232,2810.87965,153,8287,8440,10.463153,0.146014,71.658607,0,0.382118,7868.163254,8959.495944,0.378616,0.316881,"ecf_6R606",-0.383137,0.221649,-1.728572,0.083923
"coefficient","cod_mod_base_inliers_23_25","data",NA,NA,"2026-02-18 21:45:55 UTC",NA,8441,0.754668,0.569524,0.561576,0.382118,1600.862418,1210.017232,2810.87965,153,8287,8440,10.463153,0.146014,71.658607,0,0.382118,7868.163254,8959.495944,0.378616,0.316881,"ecf_6R608",0.693141,0.382954,1.809987,0.070334
"coefficient","cod_mod_base_inliers_23_25","data",NA,NA,"2026-02-18 21:45:55 UTC",NA,8441,0.754668,0.569524,0.561576,0.382118,1600.862418,1210.017232,2810.87965,153,8287,8440,10.463153,0.146014,71.658607,0,0.382118,7868.163254,8959.495944,0.378616,0.316881,"ecf_6R611",-0.117847,0.061234,-1.924523,0.054323
"coefficient","cod_mod_base_inliers_23_25","data",NA,NA,"2026-02-18 21:45:55 UTC",NA,8441,0.754668,0.569524,0.561576,0.382118,1600.862418,1210.017232,2810.87965,153,8287,8440,10.463153,0.146014,71.658607,0,0.382118,7868.163254,8959.495944,0.378616,0.316881,"ecf_6R612",-0.181798,0.10774,-1.687371,0.09157
"coefficient","cod_mod_base_inliers_23_25","data",NA,NA,"2026-02-18 21:45:55 UTC",NA,8441,0.754668,0.569524,0.561576,0.382118,1600.862418,1210.017232,2810.87965,153,8287,8440,10.463153,0.146014,71.658607,0,0.382118,7868.163254,8959.495944,0.378616,0.316881,"ecf_6R615",-0.204462,0.112126,-1.82351,0.068262
"coefficient","cod_mod_base_inliers_23_25","data",NA,NA,"2026-02-18 21:45:55 UTC",NA,8441,0.754668,0.569524,0.561576,0.382118,1600.862418,1210.017232,2810.87965,153,8287,8440,10.463153,0.146014,71.658607,0,0.382118,7868.163254,8959.495944,0.378616,0.316881,"ecf_6R620",-0.590122,0.047307,-12.474403,0
"coefficient","cod_mod_base_inliers_23_25","data",NA,NA,"2026-02-18 21:45:55 UTC",NA,8441,0.754668,0.569524,0.561576,0.382118,1600.862418,1210.017232,2810.87965,153,8287,8440,10.463153,0.146014,71.658607,0,0.382118,7868.163254,8959.495944,0.378616,0.316881,"ecf_7R701",0.243889,0.051153,4.767842,2e-06
"coefficient","cod_mod_base_inliers_23_25","data",NA,NA,"2026-02-18 21:45:55 UTC",NA,8441,0.754668,0.569524,0.561576,0.382118,1600.862418,1210.017232,2810.87965,153,8287,8440,10.463153,0.146014,71.658607,0,0.382118,7868.163254,8959.495944,0.378616,0.316881,"ecf_7R702",0.115336,0.04231,2.725974,0.006425
"coefficient","cod_mod_base_inliers_23_25","data",NA,NA,"2026-02-18 21:45:55 UTC",NA,8441,0.754668,0.569524,0.561576,0.382118,1600.862418,1210.017232,2810.87965,153,8287,8440,10.463153,0.146014,71.658607,0,0.382118,7868.163254,8959.495944,0.378616,0.316881,"ecf_7R703",-0.411911,0.074171,-5.553519,0
"coefficient","cod_mod_base_inliers_23_25","data",NA,NA,"2026-02-18 21:45:55 UTC",NA,8441,0.754668,0.569524,0.561576,0.382118,1600.862418,1210.017232,2810.87965,153,8287,8440,10.463153,0.146014,71.658607,0,0.382118,7868.163254,8959.495944,0.378616,0.316881,"ecf_7R704",-0.272387,0.030404,-8.958924,0
"coefficient","cod_mod_base_inliers_23_25","data",NA,NA,"2026-02-18 21:45:55 UTC",NA,8441,0.754668,0.569524,0.561576,0.382118,1600.862418,1210.017232,2810.87965,153,8287,8440,10.463153,0.146014,71.658607,0,0.382118,7868.163254,8959.495944,0.378616,0.316881,"ecf_7R705",-0.271481,0.022712,-11.953134,0
"coefficient","cod_mod_base_inliers_23_25","data",NA,NA,"2026-02-18 21:45:55 UTC",NA,8441,0.754668,0.569524,0.561576,0.382118,1600.862418,1210.017232,2810.87965,153,8287,8440,10.463153,0.146014,71.658607,0,0.382118,7868.163254,8959.495944,0.378616,0.316881,"ecf_7R706",-0.40525,0.116244,-3.48619,0.000492
"coefficient","cod_mod_base_inliers_23_25","data",NA,NA,"2026-02-18 21:45:55 UTC",NA,8441,0.754668,0.569524,0.561576,0.382118,1600.862418,1210.017232,2810.87965,153,8287,8440,10.463153,0.146014,71.658607,0,0.382118,7868.163254,8959.495944,0.378616,0.316881,"ecf_7R707",-0.59512,0.13597,-4.376832,1.2e-05
"coefficient","cod_mod_base_inliers_23_25","data",NA,NA,"2026-02-18 21:45:55 UTC",NA,8441,0.754668,0.569524,0.561576,0.382118,1600.862418,1210.017232,2810.87965,153,8287,8440,10.463153,0.146014,71.658607,0,0.382118,7868.163254,8959.495944,0.378616,0.316881,"ecf_7R708",-0.447334,0.050498,-8.858508,0
"coefficient","cod_mod_base_inliers_23_25","data",NA,NA,"2026-02-18 21:45:55 UTC",NA,8441,0.754668,0.569524,0.561576,0.382118,1600.862418,1210.017232,2810.87965,153,8287,8440,10.463153,0.146014,71.658607,0,0.382118,7868.163254,8959.495944,0.378616,0.316881,"ecf_7R709",-0.328744,0.041715,-7.880766,0
"coefficient","cod_mod_base_inliers_23_25","data",NA,NA,"2026-02-18 21:45:55 UTC",NA,8441,0.754668,0.569524,0.561576,0.382118,1600.862418,1210.017232,2810.87965,153,8287,8440,10.463153,0.146014,71.658607,0,0.382118,7868.163254,8959.495944,0.378616,0.316881,"ecf_7R710",-0.120396,0.044766,-2.689446,0.007171
"coefficient","cod_mod_base_inliers_23_25","data",NA,NA,"2026-02-18 21:45:55 UTC",NA,8441,0.754668,0.569524,0.561576,0.382118,1600.862418,1210.017232,2810.87965,153,8287,8440,10.463153,0.146014,71.658607,0,0.382118,7868.163254,8959.495944,0.378616,0.316881,"ecf_7R711",-0.451225,0.041491,-10.875299,0
"coefficient","cod_mod_base_inliers_23_25","data",NA,NA,"2026-02-18 21:45:55 UTC",NA,8441,0.754668,0.569524,0.561576,0.382118,1600.862418,1210.017232,2810.87965,153,8287,8440,10.463153,0.146014,71.658607,0,0.382118,7868.163254,8959.495944,0.378616,0.316881,"ecf_7R712",-0.358216,0.097055,-3.690871,0.000225
"coefficient","cod_mod_base_inliers_23_25","data",NA,NA,"2026-02-18 21:45:55 UTC",NA,8441,0.754668,0.569524,0.561576,0.382118,1600.862418,1210.017232,2810.87965,153,8287,8440,10.463153,0.146014,71.658607,0,0.382118,7868.163254,8959.495944,0.378616,0.316881,"ecf_7R713",-0.290421,0.061895,-4.692186,3e-06
"coefficient","cod_mod_base_inliers_23_25","data",NA,NA,"2026-02-18 21:45:55 UTC",NA,8441,0.754668,0.569524,0.561576,0.382118,1600.862418,1210.017232,2810.87965,153,8287,8440,10.463153,0.146014,71.658607,0,0.382118,7868.163254,8959.495944,0.378616,0.316881,"ecf_7R715",-0.789719,0.271157,-2.912402,0.003596
"coefficient","cod_mod_base_inliers_23_25","data",NA,NA,"2026-02-18 21:45:55 UTC",NA,8441,0.754668,0.569524,0.561576,0.382118,1600.862418,1210.017232,2810.87965,153,8287,8440,10.463153,0.146014,71.658607,0,0.382118,7868.163254,8959.495944,0.378616,0.316881,"ecf_7R716",-0.743331,0.10349,-7.18267,0
"coefficient","cod_mod_base_inliers_23_25","data",NA,NA,"2026-02-18 21:45:55 UTC",NA,8441,0.754668,0.569524,0.561576,0.382118,1600.862418,1210.017232,2810.87965,153,8287,8440,10.463153,0.146014,71.658607,0,0.382118,7868.163254,8959.495944,0.378616,0.316881,"ecf_7R717",-0.963996,0.071089,-13.560323,0
"coefficient","cod_mod_base_inliers_23_25","data",NA,NA,"2026-02-18 21:45:55 UTC",NA,8441,0.754668,0.569524,0.561576,0.382118,1600.862418,1210.017232,2810.87965,153,8287,8440,10.463153,0.146014,71.658607,0,0.382118,7868.163254,8959.495944,0.378616,0.316881,"ecf_7R718",-0.667064,0.057219,-11.658004,0
"coefficient","cod_mod_base_inliers_23_25","data",NA,NA,"2026-02-18 21:45:55 UTC",NA,8441,0.754668,0.569524,0.561576,0.382118,1600.862418,1210.017232,2810.87965,153,8287,8440,10.463153,0.146014,71.658607,0,0.382118,7868.163254,8959.495944,0.378616,0.316881,"ecf_7R719",-0.231334,0.03066,-7.545138,0
"coefficient","cod_mod_base_inliers_23_25","data",NA,NA,"2026-02-18 21:45:55 UTC",NA,8441,0.754668,0.569524,0.561576,0.382118,1600.862418,1210.017232,2810.87965,153,8287,8440,10.463153,0.146014,71.658607,0,0.382118,7868.163254,8959.495944,0.378616,0.316881,"ecf_7R720",-0.517717,0.273808,-1.890805,0.058685
"coefficient","cod_mod_base_inliers_23_25","data",NA,NA,"2026-02-18 21:45:55 UTC",NA,8441,0.754668,0.569524,0.561576,0.382118,1600.862418,1210.017232,2810.87965,153,8287,8440,10.463153,0.146014,71.658607,0,0.382118,7868.163254,8959.495944,0.378616,0.316881,"ecf_7R722",-0.691062,0.221561,-3.119056,0.001821
"coefficient","cod_mod_base_inliers_23_25","data",NA,NA,"2026-02-18 21:45:55 UTC",NA,8441,0.754668,0.569524,0.561576,0.382118,1600.862418,1210.017232,2810.87965,153,8287,8440,10.463153,0.146014,71.658607,0,0.382118,7868.163254,8959.495944,0.378616,0.316881,"ecf_7R724",-0.423634,0.122105,-3.469437,0.000524
"coefficient","cod_mod_base_inliers_23_25","data",NA,NA,"2026-02-18 21:45:55 UTC",NA,8441,0.754668,0.569524,0.561576,0.382118,1600.862418,1210.017232,2810.87965,153,8287,8440,10.463153,0.146014,71.658607,0,0.382118,7868.163254,8959.495944,0.378616,0.316881,"months_1to9",0.006261,0.001676,3.735163,0.000189
"coefficient","cod_mod_base_inliers_23_25","data",NA,NA,"2026-02-18 21:45:55 UTC",NA,8441,0.754668,0.569524,0.561576,0.382118,1600.862418,1210.017232,2810.87965,153,8287,8440,10.463153,0.146014,71.658607,0,0.382118,7868.163254,8959.495944,0.378616,0.316881,"months_10to16",0.017099,0.001809,9.453868,0
"coefficient","cod_mod_tasp_23_25","data",NA,NA,"2026-02-18 21:45:55 UTC",NA,8441,0.750315,0.562972,0.555064,0.382166,1559.68306,1210.762366,2770.445426,150,8290,8440,10.397887,0.146051,71.193561,0,0.382166,7867.359663,8937.569784,0.378732,0.317132,"(Intercept)",11.552323,0.018905,611.063431,0
"coefficient","cod_mod_tasp_23_25","data",NA,NA,"2026-02-18 21:45:55 UTC",NA,8441,0.750315,0.562972,0.555064,0.382166,1559.68306,1210.762366,2770.445426,150,8290,8440,10.397887,0.146051,71.193561,0,0.382166,7867.359663,8937.569784,0.378732,0.317132,"ln_landratio",0.126215,0.02339,5.396215,0
"coefficient","cod_mod_tasp_23_25","data",NA,NA,"2026-02-18 21:45:55 UTC",NA,8441,0.750315,0.562972,0.555064,0.382166,1559.68306,1210.762366,2770.445426,150,8290,8440,10.397887,0.146051,71.193561,0,0.382166,7867.359663,8937.569784,0.378732,0.317132,"ln_base_bldgsize_ratio",0.638619,0.028814,22.163652,0
"coefficient","cod_mod_tasp_23_25","data",NA,NA,"2026-02-18 21:45:55 UTC",NA,8441,0.750315,0.562972,0.555064,0.382166,1559.68306,1210.762366,2770.445426,150,8290,8440,10.397887,0.146051,71.193561,0,0.382166,7867.359663,8937.569784,0.378732,0.317132,"half_duplex1story",-0.309551,0.0604,-5.124989,0
"coefficient","cod_mod_tasp_23_25","data",NA,NA,"2026-02-18 21:45:55 UTC",NA,8441,0.750315,0.562972,0.555064,0.382166,1559.68306,1210.762366,2770.445426,150,8290,8440,10.397887,0.146051,71.193561,0,0.382166,7867.359663,8937.569784,0.378732,0.317132,"half_duplex2story",-0.18379,0.081069,-2.267083,0.023411
"coefficient","cod_mod_tasp_23_25","data",NA,NA,"2026-02-18 21:45:55 UTC",NA,8441,0.750315,0.562972,0.555064,0.382166,1559.68306,1210.762366,2770.445426,150,8290,8440,10.397887,0.146051,71.193561,0,0.382166,7867.359663,8937.569784,0.378732,0.317132,"largest",0.037343,0.01937,1.9279,0.053902
"coefficient","cod_mod_tasp_23_25","data",NA,NA,"2026-02-18 21:45:55 UTC",NA,8441,0.750315,0.562972,0.555064,0.382166,1559.68306,1210.762366,2770.445426,150,8290,8440,10.397887,0.146051,71.193561,0,0.382166,7867.359663,8937.569784,0.378732,0.317132,"good",0.232867,0.033453,6.961039,0
"coefficient","cod_mod_tasp_23_25","data",NA,NA,"2026-02-18 21:45:55 UTC",NA,8441,0.750315,0.562972,0.555064,0.382166,1559.68306,1210.762366,2770.445426,150,8290,8440,10.397887,0.146051,71.193561,0,0.382166,7867.359663,8937.569784,0.378732,0.317132,"fair",-0.170973,0.011011,-15.528002,0
"coefficient","cod_mod_tasp_23_25","data",NA,NA,"2026-02-18 21:45:55 UTC",NA,8441,0.750315,0.562972,0.555064,0.382166,1559.68306,1210.762366,2770.445426,150,8290,8440,10.397887,0.146051,71.193561,0,0.382166,7867.359663,8937.569784,0.378732,0.317132,"poor",-0.276301,0.029222,-9.45518,0
"coefficient","cod_mod_tasp_23_25","data",NA,NA,"2026-02-18 21:45:55 UTC",NA,8441,0.750315,0.562972,0.555064,0.382166,1559.68306,1210.762366,2770.445426,150,8290,8440,10.397887,0.146051,71.193561,0,0.382166,7867.359663,8937.569784,0.378732,0.317132,"very_poor_unsound",-0.324617,0.084403,-3.846031,0.000121
"coefficient","cod_mod_tasp_23_25","data",NA,NA,"2026-02-18 21:45:55 UTC",NA,8441,0.750315,0.562972,0.555064,0.382166,1559.68306,1210.762366,2770.445426,150,8290,8440,10.397887,0.146051,71.193561,0,0.382166,7867.359663,8937.569784,0.378732,0.317132,"qabove_avg",0.188145,0.036648,5.133895,0
"coefficient","cod_mod_tasp_23_25","data",NA,NA,"2026-02-18 21:45:55 UTC",NA,8441,0.750315,0.562972,0.555064,0.382166,1559.68306,1210.762366,2770.445426,150,8290,8440,10.397887,0.146051,71.193561,0,0.382166,7867.359663,8937.569784,0.378732,0.317132,"qbelow_avg",-0.070401,0.011952,-5.890562,0
"coefficient","cod_mod_tasp_23_25","data",NA,NA,"2026-02-18 21:45:55 UTC",NA,8441,0.750315,0.562972,0.555064,0.382166,1559.68306,1210.762366,2770.445426,150,8290,8440,10.397887,0.146051,71.193561,0,0.382166,7867.359663,8937.569784,0.378732,0.317132,"yb_pre_1929",-0.069128,0.015673,-4.410566,1e-05
"coefficient","cod_mod_tasp_23_25","data",NA,NA,"2026-02-18 21:45:55 UTC",NA,8441,0.750315,0.562972,0.555064,0.382166,1559.68306,1210.762366,2770.445426,150,8290,8440,10.397887,0.146051,71.193561,0,0.382166,7867.359663,8937.569784,0.378732,0.317132,"yb_1946_to_1960",0.039013,0.010507,3.712975,0.000206
"coefficient","cod_mod_tasp_23_25","data",NA,NA,"2026-02-18 21:45:55 UTC",NA,8441,0.750315,0.562972,0.555064,0.382166,1559.68306,1210.762366,2770.445426,150,8290,8440,10.397887,0.146051,71.193561,0,0.382166,7867.359663,8937.569784,0.378732,0.317132,"yb_post_1961",0.147764,0.034994,4.222512,2.4e-05
"coefficient","cod_mod_tasp_23_25","data",NA,NA,"2026-02-18 21:45:55 UTC",NA,8441,0.750315,0.562972,0.555064,0.382166,1559.68306,1210.762366,2770.445426,150,8290,8440,10.397887,0.146051,71.193561,0,0.382166,7867.359663,8937.569784,0.378732,0.317132,"slab",-0.291614,0.044337,-6.577215,0
"coefficient","cod_mod_tasp_23_25","data",NA,NA,"2026-02-18 21:45:55 UTC",NA,8441,0.750315,0.562972,0.555064,0.382166,1559.68306,1210.762366,2770.445426,150,8290,8440,10.397887,0.146051,71.193561,0,0.382166,7867.359663,8937.569784,0.378732,0.317132,"fireplace",0.063171,0.011296,5.592497,0
"coefficient","cod_mod_tasp_23_25","data",NA,NA,"2026-02-18 21:45:55 UTC",NA,8441,0.750315,0.562972,0.555064,0.382166,1559.68306,1210.762366,2770.445426,150,8290,8440,10.397887,0.146051,71.193561,0,0.382166,7867.359663,8937.569784,0.378732,0.317132,"hot_water",0.050916,0.01814,2.80677,0.005016
"coefficient","cod_mod_tasp_23_25","data",NA,NA,"2026-02-18 21:45:55 UTC",NA,8441,0.750315,0.562972,0.555064,0.382166,1559.68306,1210.762366,2770.445426,150,8290,8440,10.397887,0.146051,71.193561,0,0.382166,7867.359663,8937.569784,0.378732,0.317132,"central_air",0.070794,0.010846,6.526959,0
"coefficient","cod_mod_tasp_23_25","data",NA,NA,"2026-02-18 21:45:55 UTC",NA,8441,0.750315,0.562972,0.555064,0.382166,1559.68306,1210.762366,2770.445426,150,8290,8440,10.397887,0.146051,71.193561,0,0.382166,7867.359663,8937.569784,0.378732,0.317132,"ecf_1R102",-0.146286,0.076747,-1.906076,0.056675
"coefficient","cod_mod_tasp_23_25","data",NA,NA,"2026-02-18 21:45:55 UTC",NA,8441,0.750315,0.562972,0.555064,0.382166,1559.68306,1210.762366,2770.445426,150,8290,8440,10.397887,0.146051,71.193561,0,0.382166,7867.359663,8937.569784,0.378732,0.317132,"ecf_1R103",0.087564,0.052775,1.659185,0.097116
"coefficient","cod_mod_tasp_23_25","data",NA,NA,"2026-02-18 21:45:55 UTC",NA,8441,0.750315,0.562972,0.555064,0.382166,1559.68306,1210.762366,2770.445426,150,8290,8440,10.397887,0.146051,71.193561,0,0.382166,7867.359663,8937.569784,0.378732,0.317132,"ecf_1R105",-0.228929,0.041731,-5.485827,0
"coefficient","cod_mod_tasp_23_25","data",NA,NA,"2026-02-18 21:45:55 UTC",NA,8441,0.750315,0.562972,0.555064,0.382166,1559.68306,1210.762366,2770.445426,150,8290,8440,10.397887,0.146051,71.193561,0,0.382166,7867.359663,8937.569784,0.378732,0.317132,"ecf_1R106",-0.212828,0.05625,-3.783601,0.000156
"coefficient","cod_mod_tasp_23_25","data",NA,NA,"2026-02-18 21:45:55 UTC",NA,8441,0.750315,0.562972,0.555064,0.382166,1559.68306,1210.762366,2770.445426,150,8290,8440,10.397887,0.146051,71.193561,0,0.382166,7867.359663,8937.569784,0.378732,0.317132,"ecf_1R108",-0.309095,0.043721,-7.069715,0
"coefficient","cod_mod_tasp_23_25","data",NA,NA,"2026-02-18 21:45:55 UTC",NA,8441,0.750315,0.562972,0.555064,0.382166,1559.68306,1210.762366,2770.445426,150,8290,8440,10.397887,0.146051,71.193561,0,0.382166,7867.359663,8937.569784,0.378732,0.317132,"ecf_1R109",-0.087615,0.033082,-2.648432,0.008102
"coefficient","cod_mod_tasp_23_25","data",NA,NA,"2026-02-18 21:45:55 UTC",NA,8441,0.750315,0.562972,0.555064,0.382166,1559.68306,1210.762366,2770.445426,150,8290,8440,10.397887,0.146051,71.193561,0,0.382166,7867.359663,8937.569784,0.378732,0.317132,"ecf_1R110",-0.08888,0.053304,-1.667419,0.095469
"coefficient","cod_mod_tasp_23_25","data",NA,NA,"2026-02-18 21:45:55 UTC",NA,8441,0.750315,0.562972,0.555064,0.382166,1559.68306,1210.762366,2770.445426,150,8290,8440,10.397887,0.146051,71.193561,0,0.382166,7867.359663,8937.569784,0.378732,0.317132,"ecf_1R113",-0.568131,0.091509,-6.208477,0
"coefficient","cod_mod_tasp_23_25","data",NA,NA,"2026-02-18 21:45:55 UTC",NA,8441,0.750315,0.562972,0.555064,0.382166,1559.68306,1210.762366,2770.445426,150,8290,8440,10.397887,0.146051,71.193561,0,0.382166,7867.359663,8937.569784,0.378732,0.317132,"ecf_1R114",-0.244118,0.06721,-3.632156,0.000283
"coefficient","cod_mod_tasp_23_25","data",NA,NA,"2026-02-18 21:45:55 UTC",NA,8441,0.750315,0.562972,0.555064,0.382166,1559.68306,1210.762366,2770.445426,150,8290,8440,10.397887,0.146051,71.193561,0,0.382166,7867.359663,8937.569784,0.378732,0.317132,"ecf_1R115",0.236233,0.075318,3.13646,0.001716
"coefficient","cod_mod_tasp_23_25","data",NA,NA,"2026-02-18 21:45:55 UTC",NA,8441,0.750315,0.562972,0.555064,0.382166,1559.68306,1210.762366,2770.445426,150,8290,8440,10.397887,0.146051,71.193561,0,0.382166,7867.359663,8937.569784,0.378732,0.317132,"ecf_1R116",0.241905,0.045803,5.28139,0
"coefficient","cod_mod_tasp_23_25","data",NA,NA,"2026-02-18 21:45:55 UTC",NA,8441,0.750315,0.562972,0.555064,0.382166,1559.68306,1210.762366,2770.445426,150,8290,8440,10.397887,0.146051,71.193561,0,0.382166,7867.359663,8937.569784,0.378732,0.317132,"ecf_1R117",-0.071494,0.039055,-1.830618,0.067194
"coefficient","cod_mod_tasp_23_25","data",NA,NA,"2026-02-18 21:45:55 UTC",NA,8441,0.750315,0.562972,0.555064,0.382166,1559.68306,1210.762366,2770.445426,150,8290,8440,10.397887,0.146051,71.193561,0,0.382166,7867.359663,8937.569784,0.378732,0.317132,"ecf_1R118",-0.163416,0.044792,-3.648313,0.000266
"coefficient","cod_mod_tasp_23_25","data",NA,NA,"2026-02-18 21:45:55 UTC",NA,8441,0.750315,0.562972,0.555064,0.382166,1559.68306,1210.762366,2770.445426,150,8290,8440,10.397887,0.146051,71.193561,0,0.382166,7867.359663,8937.569784,0.378732,0.317132,"ecf_1R119",-0.352822,0.063865,-5.524525,0
"coefficient","cod_mod_tasp_23_25","data",NA,NA,"2026-02-18 21:45:55 UTC",NA,8441,0.750315,0.562972,0.555064,0.382166,1559.68306,1210.762366,2770.445426,150,8290,8440,10.397887,0.146051,71.193561,0,0.382166,7867.359663,8937.569784,0.378732,0.317132,"ecf_1R121",-0.107183,0.040427,-2.651275,0.008034
"coefficient","cod_mod_tasp_23_25","data",NA,NA,"2026-02-18 21:45:55 UTC",NA,8441,0.750315,0.562972,0.555064,0.382166,1559.68306,1210.762366,2770.445426,150,8290,8440,10.397887,0.146051,71.193561,0,0.382166,7867.359663,8937.569784,0.378732,0.317132,"ecf_1R122",-0.343023,0.047048,-7.290932,0
"coefficient","cod_mod_tasp_23_25","data",NA,NA,"2026-02-18 21:45:55 UTC",NA,8441,0.750315,0.562972,0.555064,0.382166,1559.68306,1210.762366,2770.445426,150,8290,8440,10.397887,0.146051,71.193561,0,0.382166,7867.359663,8937.569784,0.378732,0.317132,"ecf_1R123",-0.135094,0.062545,-2.159946,0.030805
"coefficient","cod_mod_tasp_23_25","data",NA,NA,"2026-02-18 21:45:55 UTC",NA,8441,0.750315,0.562972,0.555064,0.382166,1559.68306,1210.762366,2770.445426,150,8290,8440,10.397887,0.146051,71.193561,0,0.382166,7867.359663,8937.569784,0.378732,0.317132,"ecf_1R124",-0.557556,0.122323,-4.558068,5e-06
"coefficient","cod_mod_tasp_23_25","data",NA,NA,"2026-02-18 21:45:55 UTC",NA,8441,0.750315,0.562972,0.555064,0.382166,1559.68306,1210.762366,2770.445426,150,8290,8440,10.397887,0.146051,71.193561,0,0.382166,7867.359663,8937.569784,0.378732,0.317132,"ecf_1R126",0.306087,0.045901,6.668342,0
"coefficient","cod_mod_tasp_23_25","data",NA,NA,"2026-02-18 21:45:55 UTC",NA,8441,0.750315,0.562972,0.555064,0.382166,1559.68306,1210.762366,2770.445426,150,8290,8440,10.397887,0.146051,71.193561,0,0.382166,7867.359663,8937.569784,0.378732,0.317132,"ecf_1R127",-0.343585,0.079551,-4.319042,1.6e-05
"coefficient","cod_mod_tasp_23_25","data",NA,NA,"2026-02-18 21:45:55 UTC",NA,8441,0.750315,0.562972,0.555064,0.382166,1559.68306,1210.762366,2770.445426,150,8290,8440,10.397887,0.146051,71.193561,0,0.382166,7867.359663,8937.569784,0.378732,0.317132,"ecf_1R128",-0.472647,0.047724,-9.903732,0
"coefficient","cod_mod_tasp_23_25","data",NA,NA,"2026-02-18 21:45:55 UTC",NA,8441,0.750315,0.562972,0.555064,0.382166,1559.68306,1210.762366,2770.445426,150,8290,8440,10.397887,0.146051,71.193561,0,0.382166,7867.359663,8937.569784,0.378732,0.317132,"ecf_1R129",-0.125467,0.059665,-2.102875,0.035507
"coefficient","cod_mod_tasp_23_25","data",NA,NA,"2026-02-18 21:45:55 UTC",NA,8441,0.750315,0.562972,0.555064,0.382166,1559.68306,1210.762366,2770.445426,150,8290,8440,10.397887,0.146051,71.193561,0,0.382166,7867.359663,8937.569784,0.378732,0.317132,"ecf_1R131",-0.262363,0.136379,-1.923777,0.054417
"coefficient","cod_mod_tasp_23_25","data",NA,NA,"2026-02-18 21:45:55 UTC",NA,8441,0.750315,0.562972,0.555064,0.382166,1559.68306,1210.762366,2770.445426,150,8290,8440,10.397887,0.146051,71.193561,0,0.382166,7867.359663,8937.569784,0.378732,0.317132,"ecf_1R133",-0.338441,0.122066,-2.772604,0.005573
"coefficient","cod_mod_tasp_23_25","data",NA,NA,"2026-02-18 21:45:55 UTC",NA,8441,0.750315,0.562972,0.555064,0.382166,1559.68306,1210.762366,2770.445426,150,8290,8440,10.397887,0.146051,71.193561,0,0.382166,7867.359663,8937.569784,0.378732,0.317132,"ecf_1R134",0.202788,0.076818,2.639839,0.00831
"coefficient","cod_mod_tasp_23_25","data",NA,NA,"2026-02-18 21:45:55 UTC",NA,8441,0.750315,0.562972,0.555064,0.382166,1559.68306,1210.762366,2770.445426,150,8290,8440,10.397887,0.146051,71.193561,0,0.382166,7867.359663,8937.569784,0.378732,0.317132,"ecf_1R135",-0.183471,0.049276,-3.723363,0.000198
"coefficient","cod_mod_tasp_23_25","data",NA,NA,"2026-02-18 21:45:55 UTC",NA,8441,0.750315,0.562972,0.555064,0.382166,1559.68306,1210.762366,2770.445426,150,8290,8440,10.397887,0.146051,71.193561,0,0.382166,7867.359663,8937.569784,0.378732,0.317132,"ecf_1R136",-0.188377,0.042369,-4.44614,9e-06
"coefficient","cod_mod_tasp_23_25","data",NA,NA,"2026-02-18 21:45:55 UTC",NA,8441,0.750315,0.562972,0.555064,0.382166,1559.68306,1210.762366,2770.445426,150,8290,8440,10.397887,0.146051,71.193561,0,0.382166,7867.359663,8937.569784,0.378732,0.317132,"ecf_1R137",-0.78943,0.111361,-7.088937,0
"coefficient","cod_mod_tasp_23_25","data",NA,NA,"2026-02-18 21:45:55 UTC",NA,8441,0.750315,0.562972,0.555064,0.382166,1559.68306,1210.762366,2770.445426,150,8290,8440,10.397887,0.146051,71.193561,0,0.382166,7867.359663,8937.569784,0.378732,0.317132,"ecf_2R201",-0.187219,0.035688,-5.245994,0
"coefficient","cod_mod_tasp_23_25","data",NA,NA,"2026-02-18 21:45:55 UTC",NA,8441,0.750315,0.562972,0.555064,0.382166,1559.68306,1210.762366,2770.445426,150,8290,8440,10.397887,0.146051,71.193561,0,0.382166,7867.359663,8937.569784,0.378732,0.317132,"ecf_2R202",-0.136748,0.060016,-2.278537,0.02272
"coefficient","cod_mod_tasp_23_25","data",NA,NA,"2026-02-18 21:45:55 UTC",NA,8441,0.750315,0.562972,0.555064,0.382166,1559.68306,1210.762366,2770.445426,150,8290,8440,10.397887,0.146051,71.193561,0,0.382166,7867.359663,8937.569784,0.378732,0.317132,"ecf_2R205",-0.101962,0.046071,-2.213167,0.026913
"coefficient","cod_mod_tasp_23_25","data",NA,NA,"2026-02-18 21:45:55 UTC",NA,8441,0.750315,0.562972,0.555064,0.382166,1559.68306,1210.762366,2770.445426,150,8290,8440,10.397887,0.146051,71.193561,0,0.382166,7867.359663,8937.569784,0.378732,0.317132,"ecf_2R208",0.572361,0.100288,5.707176,0
"coefficient","cod_mod_tasp_23_25","data",NA,NA,"2026-02-18 21:45:55 UTC",NA,8441,0.750315,0.562972,0.555064,0.382166,1559.68306,1210.762366,2770.445426,150,8290,8440,10.397887,0.146051,71.193561,0,0.382166,7867.359663,8937.569784,0.378732,0.317132,"ecf_2R209",0.302783,0.14026,2.15872,0.0309
"coefficient","cod_mod_tasp_23_25","data",NA,NA,"2026-02-18 21:45:55 UTC",NA,8441,0.750315,0.562972,0.555064,0.382166,1559.68306,1210.762366,2770.445426,150,8290,8440,10.397887,0.146051,71.193561,0,0.382166,7867.359663,8937.569784,0.378732,0.317132,"ecf_2R210",0.572611,0.226421,2.528964,0.011458
"coefficient","cod_mod_tasp_23_25","data",NA,NA,"2026-02-18 21:45:55 UTC",NA,8441,0.750315,0.562972,0.555064,0.382166,1559.68306,1210.762366,2770.445426,150,8290,8440,10.397887,0.146051,71.193561,0,0.382166,7867.359663,8937.569784,0.378732,0.317132,"ecf_2R212",-0.117439,0.033034,-3.555063,0.00038
"coefficient","cod_mod_tasp_23_25","data",NA,NA,"2026-02-18 21:45:55 UTC",NA,8441,0.750315,0.562972,0.555064,0.382166,1559.68306,1210.762366,2770.445426,150,8290,8440,10.397887,0.146051,71.193561,0,0.382166,7867.359663,8937.569784,0.378732,0.317132,"ecf_2R214",0.122464,0.025631,4.777871,2e-06
"coefficient","cod_mod_tasp_23_25","data",NA,NA,"2026-02-18 21:45:55 UTC",NA,8441,0.750315,0.562972,0.555064,0.382166,1559.68306,1210.762366,2770.445426,150,8290,8440,10.397887,0.146051,71.193561,0,0.382166,7867.359663,8937.569784,0.378732,0.317132,"ecf_2R215",0.375399,0.070666,5.312312,0
"coefficient","cod_mod_tasp_23_25","data",NA,NA,"2026-02-18 21:45:55 UTC",NA,8441,0.750315,0.562972,0.555064,0.382166,1559.68306,1210.762366,2770.445426,150,8290,8440,10.397887,0.146051,71.193561,0,0.382166,7867.359663,8937.569784,0.378732,0.317132,"ecf_2R216",0.536488,0.225824,2.375686,0.017539
"coefficient","cod_mod_tasp_23_25","data",NA,NA,"2026-02-18 21:45:55 UTC",NA,8441,0.750315,0.562972,0.555064,0.382166,1559.68306,1210.762366,2770.445426,150,8290,8440,10.397887,0.146051,71.193561,0,0.382166,7867.359663,8937.569784,0.378732,0.317132,"ecf_2R218",-0.759071,0.145969,-5.200212,0
"coefficient","cod_mod_tasp_23_25","data",NA,NA,"2026-02-18 21:45:55 UTC",NA,8441,0.750315,0.562972,0.555064,0.382166,1559.68306,1210.762366,2770.445426,150,8290,8440,10.397887,0.146051,71.193561,0,0.382166,7867.359663,8937.569784,0.378732,0.317132,"ecf_2R219",0.58285,0.146049,3.990789,6.6e-05
"coefficient","cod_mod_tasp_23_25","data",NA,NA,"2026-02-18 21:45:55 UTC",NA,8441,0.750315,0.562972,0.555064,0.382166,1559.68306,1210.762366,2770.445426,150,8290,8440,10.397887,0.146051,71.193561,0,0.382166,7867.359663,8937.569784,0.378732,0.317132,"ecf_2R220",-0.193561,0.047369,-4.086276,4.4e-05
"coefficient","cod_mod_tasp_23_25","data",NA,NA,"2026-02-18 21:45:55 UTC",NA,8441,0.750315,0.562972,0.555064,0.382166,1559.68306,1210.762366,2770.445426,150,8290,8440,10.397887,0.146051,71.193561,0,0.382166,7867.359663,8937.569784,0.378732,0.317132,"ecf_2R221",-0.170177,0.03902,-4.361266,1.3e-05
"coefficient","cod_mod_tasp_23_25","data",NA,NA,"2026-02-18 21:45:55 UTC",NA,8441,0.750315,0.562972,0.555064,0.382166,1559.68306,1210.762366,2770.445426,150,8290,8440,10.397887,0.146051,71.193561,0,0.382166,7867.359663,8937.569784,0.378732,0.317132,"ecf_2R222",-0.452066,0.044665,-10.12136,0
"coefficient","cod_mod_tasp_23_25","data",NA,NA,"2026-02-18 21:45:55 UTC",NA,8441,0.750315,0.562972,0.555064,0.382166,1559.68306,1210.762366,2770.445426,150,8290,8440,10.397887,0.146051,71.193561,0,0.382166,7867.359663,8937.569784,0.378732,0.317132,"ecf_2R223",-0.13941,0.053902,-2.586346,0.009717
"coefficient","cod_mod_tasp_23_25","data",NA,NA,"2026-02-18 21:45:55 UTC",NA,8441,0.750315,0.562972,0.555064,0.382166,1559.68306,1210.762366,2770.445426,150,8290,8440,10.397887,0.146051,71.193561,0,0.382166,7867.359663,8937.569784,0.378732,0.317132,"ecf_2R224",-0.515178,0.055788,-9.234613,0
"coefficient","cod_mod_tasp_23_25","data",NA,NA,"2026-02-18 21:45:55 UTC",NA,8441,0.750315,0.562972,0.555064,0.382166,1559.68306,1210.762366,2770.445426,150,8290,8440,10.397887,0.146051,71.193561,0,0.382166,7867.359663,8937.569784,0.378732,0.317132,"ecf_2R225",-0.115504,0.045742,-2.525127,0.011584
"coefficient","cod_mod_tasp_23_25","data",NA,NA,"2026-02-18 21:45:55 UTC",NA,8441,0.750315,0.562972,0.555064,0.382166,1559.68306,1210.762366,2770.445426,150,8290,8440,10.397887,0.146051,71.193561,0,0.382166,7867.359663,8937.569784,0.378732,0.317132,"ecf_2R228",-0.779032,0.222061,-3.508193,0.000454
"coefficient","cod_mod_tasp_23_25","data",NA,NA,"2026-02-18 21:45:55 UTC",NA,8441,0.750315,0.562972,0.555064,0.382166,1559.68306,1210.762366,2770.445426,150,8290,8440,10.397887,0.146051,71.193561,0,0.382166,7867.359663,8937.569784,0.378732,0.317132,"ecf_3R301",-0.775317,0.192131,-4.035358,5.5e-05
"coefficient","cod_mod_tasp_23_25","data",NA,NA,"2026-02-18 21:45:55 UTC",NA,8441,0.750315,0.562972,0.555064,0.382166,1559.68306,1210.762366,2770.445426,150,8290,8440,10.397887,0.146051,71.193561,0,0.382166,7867.359663,8937.569784,0.378732,0.317132,"ecf_3R303",-0.526732,0.042374,-12.43056,0
"coefficient","cod_mod_tasp_23_25","data",NA,NA,"2026-02-18 21:45:55 UTC",NA,8441,0.750315,0.562972,0.555064,0.382166,1559.68306,1210.762366,2770.445426,150,8290,8440,10.397887,0.146051,71.193561,0,0.382166,7867.359663,8937.569784,0.378732,0.317132,"ecf_3R304",-0.667841,0.116647,-5.725295,0
"coefficient","cod_mod_tasp_23_25","data",NA,NA,"2026-02-18 21:45:55 UTC",NA,8441,0.750315,0.562972,0.555064,0.382166,1559.68306,1210.762366,2770.445426,150,8290,8440,10.397887,0.146051,71.193561,0,0.382166,7867.359663,8937.569784,0.378732,0.317132,"ecf_3R306",0.256522,0.128876,1.99045,0.046574
"coefficient","cod_mod_tasp_23_25","data",NA,NA,"2026-02-18 21:45:55 UTC",NA,8441,0.750315,0.562972,0.555064,0.382166,1559.68306,1210.762366,2770.445426,150,8290,8440,10.397887,0.146051,71.193561,0,0.382166,7867.359663,8937.569784,0.378732,0.317132,"ecf_3R307",-0.395894,0.036815,-10.753574,0
"coefficient","cod_mod_tasp_23_25","data",NA,NA,"2026-02-18 21:45:55 UTC",NA,8441,0.750315,0.562972,0.555064,0.382166,1559.68306,1210.762366,2770.445426,150,8290,8440,10.397887,0.146051,71.193561,0,0.382166,7867.359663,8937.569784,0.378732,0.317132,"ecf_3R308",-0.716544,0.111571,-6.422301,0
"coefficient","cod_mod_tasp_23_25","data",NA,NA,"2026-02-18 21:45:55 UTC",NA,8441,0.750315,0.562972,0.555064,0.382166,1559.68306,1210.762366,2770.445426,150,8290,8440,10.397887,0.146051,71.193561,0,0.382166,7867.359663,8937.569784,0.378732,0.317132,"ecf_3R309",-0.631062,0.156927,-4.021383,5.8e-05
"coefficient","cod_mod_tasp_23_25","data",NA,NA,"2026-02-18 21:45:55 UTC",NA,8441,0.750315,0.562972,0.555064,0.382166,1559.68306,1210.762366,2770.445426,150,8290,8440,10.397887,0.146051,71.193561,0,0.382166,7867.359663,8937.569784,0.378732,0.317132,"ecf_3R310",0.451417,0.061125,7.385175,0
"coefficient","cod_mod_tasp_23_25","data",NA,NA,"2026-02-18 21:45:55 UTC",NA,8441,0.750315,0.562972,0.555064,0.382166,1559.68306,1210.762366,2770.445426,150,8290,8440,10.397887,0.146051,71.193561,0,0.382166,7867.359663,8937.569784,0.378732,0.317132,"ecf_3R311",-0.385663,0.103547,-3.724533,0.000197
"coefficient","cod_mod_tasp_23_25","data",NA,NA,"2026-02-18 21:45:55 UTC",NA,8441,0.750315,0.562972,0.555064,0.382166,1559.68306,1210.762366,2770.445426,150,8290,8440,10.397887,0.146051,71.193561,0,0.382166,7867.359663,8937.569784,0.378732,0.317132,"ecf_3R312",-0.657985,0.055192,-11.921709,0
"coefficient","cod_mod_tasp_23_25","data",NA,NA,"2026-02-18 21:45:55 UTC",NA,8441,0.750315,0.562972,0.555064,0.382166,1559.68306,1210.762366,2770.445426,150,8290,8440,10.397887,0.146051,71.193561,0,0.382166,7867.359663,8937.569784,0.378732,0.317132,"ecf_3R313",-0.471191,0.076695,-6.143682,0
"coefficient","cod_mod_tasp_23_25","data",NA,NA,"2026-02-18 21:45:55 UTC",NA,8441,0.750315,0.562972,0.555064,0.382166,1559.68306,1210.762366,2770.445426,150,8290,8440,10.397887,0.146051,71.193561,0,0.382166,7867.359663,8937.569784,0.378732,0.317132,"ecf_3R314",-0.268883,0.063881,-4.209122,2.6e-05
"coefficient","cod_mod_tasp_23_25","data",NA,NA,"2026-02-18 21:45:55 UTC",NA,8441,0.750315,0.562972,0.555064,0.382166,1559.68306,1210.762366,2770.445426,150,8290,8440,10.397887,0.146051,71.193561,0,0.382166,7867.359663,8937.569784,0.378732,0.317132,"ecf_3R315",-0.246187,0.052615,-4.679013,3e-06
"coefficient","cod_mod_tasp_23_25","data",NA,NA,"2026-02-18 21:45:55 UTC",NA,8441,0.750315,0.562972,0.555064,0.382166,1559.68306,1210.762366,2770.445426,150,8290,8440,10.397887,0.146051,71.193561,0,0.382166,7867.359663,8937.569784,0.378732,0.317132,"ecf_3R316",-0.677361,0.086928,-7.792212,0
"coefficient","cod_mod_tasp_23_25","data",NA,NA,"2026-02-18 21:45:55 UTC",NA,8441,0.750315,0.562972,0.555064,0.382166,1559.68306,1210.762366,2770.445426,150,8290,8440,10.397887,0.146051,71.193561,0,0.382166,7867.359663,8937.569784,0.378732,0.317132,"ecf_3R317",-0.865547,0.221497,-3.90772,9.4e-05
"coefficient","cod_mod_tasp_23_25","data",NA,NA,"2026-02-18 21:45:55 UTC",NA,8441,0.750315,0.562972,0.555064,0.382166,1559.68306,1210.762366,2770.445426,150,8290,8440,10.397887,0.146051,71.193561,0,0.382166,7867.359663,8937.569784,0.378732,0.317132,"ecf_3R318",-0.265898,0.157049,-1.693089,0.090476
"coefficient","cod_mod_tasp_23_25","data",NA,NA,"2026-02-18 21:45:55 UTC",NA,8441,0.750315,0.562972,0.555064,0.382166,1559.68306,1210.762366,2770.445426,150,8290,8440,10.397887,0.146051,71.193561,0,0.382166,7867.359663,8937.569784,0.378732,0.317132,"ecf_3R319",-0.547926,0.030828,-17.77346,0
"coefficient","cod_mod_tasp_23_25","data",NA,NA,"2026-02-18 21:45:55 UTC",NA,8441,0.750315,0.562972,0.555064,0.382166,1559.68306,1210.762366,2770.445426,150,8290,8440,10.397887,0.146051,71.193561,0,0.382166,7867.359663,8937.569784,0.378732,0.317132,"ecf_3R320",-0.432791,0.036981,-11.703088,0
"coefficient","cod_mod_tasp_23_25","data",NA,NA,"2026-02-18 21:45:55 UTC",NA,8441,0.750315,0.562972,0.555064,0.382166,1559.68306,1210.762366,2770.445426,150,8290,8440,10.397887,0.146051,71.193561,0,0.382166,7867.359663,8937.569784,0.378732,0.317132,"ecf_3R321",-0.900106,0.103354,-8.708945,0
"coefficient","cod_mod_tasp_23_25","data",NA,NA,"2026-02-18 21:45:55 UTC",NA,8441,0.750315,0.562972,0.555064,0.382166,1559.68306,1210.762366,2770.445426,150,8290,8440,10.397887,0.146051,71.193561,0,0.382166,7867.359663,8937.569784,0.378732,0.317132,"ecf_3R322",-0.22511,0.044475,-5.061483,0
"coefficient","cod_mod_tasp_23_25","data",NA,NA,"2026-02-18 21:45:55 UTC",NA,8441,0.750315,0.562972,0.555064,0.382166,1559.68306,1210.762366,2770.445426,150,8290,8440,10.397887,0.146051,71.193561,0,0.382166,7867.359663,8937.569784,0.378732,0.317132,"ecf_3R323",-0.357009,0.034991,-10.202894,0
"coefficient","cod_mod_tasp_23_25","data",NA,NA,"2026-02-18 21:45:55 UTC",NA,8441,0.750315,0.562972,0.555064,0.382166,1559.68306,1210.762366,2770.445426,150,8290,8440,10.397887,0.146051,71.193561,0,0.382166,7867.359663,8937.569784,0.378732,0.317132,"ecf_3R324",-0.810111,0.096848,-8.364742,0
"coefficient","cod_mod_tasp_23_25","data",NA,NA,"2026-02-18 21:45:55 UTC",NA,8441,0.750315,0.562972,0.555064,0.382166,1559.68306,1210.762366,2770.445426,150,8290,8440,10.397887,0.146051,71.193561,0,0.382166,7867.359663,8937.569784,0.378732,0.317132,"ecf_3R325",-0.46288,0.051312,-9.020921,0
"coefficient","cod_mod_tasp_23_25","data",NA,NA,"2026-02-18 21:45:55 UTC",NA,8441,0.750315,0.562972,0.555064,0.382166,1559.68306,1210.762366,2770.445426,150,8290,8440,10.397887,0.146051,71.193561,0,0.382166,7867.359663,8937.569784,0.378732,0.317132,"ecf_3R326",-0.985237,0.145494,-6.771692,0
"coefficient","cod_mod_tasp_23_25","data",NA,NA,"2026-02-18 21:45:55 UTC",NA,8441,0.750315,0.562972,0.555064,0.382166,1559.68306,1210.762366,2770.445426,150,8290,8440,10.397887,0.146051,71.193561,0,0.382166,7867.359663,8937.569784,0.378732,0.317132,"ecf_4R401",-0.607571,0.044655,-13.605787,0
"coefficient","cod_mod_tasp_23_25","data",NA,NA,"2026-02-18 21:45:55 UTC",NA,8441,0.750315,0.562972,0.555064,0.382166,1559.68306,1210.762366,2770.445426,150,8290,8440,10.397887,0.146051,71.193561,0,0.382166,7867.359663,8937.569784,0.378732,0.317132,"ecf_4R402",-1.271998,0.08794,-14.464448,0
"coefficient","cod_mod_tasp_23_25","data",NA,NA,"2026-02-18 21:45:55 UTC",NA,8441,0.750315,0.562972,0.555064,0.382166,1559.68306,1210.762366,2770.445426,150,8290,8440,10.397887,0.146051,71.193561,0,0.382166,7867.359663,8937.569784,0.378732,0.317132,"ecf_4R403",-0.427677,0.051891,-8.241873,0
"coefficient","cod_mod_tasp_23_25","data",NA,NA,"2026-02-18 21:45:55 UTC",NA,8441,0.750315,0.562972,0.555064,0.382166,1559.68306,1210.762366,2770.445426,150,8290,8440,10.397887,0.146051,71.193561,0,0.382166,7867.359663,8937.569784,0.378732,0.317132,"ecf_4R404",-0.308622,0.052736,-5.852228,0
"coefficient","cod_mod_tasp_23_25","data",NA,NA,"2026-02-18 21:45:55 UTC",NA,8441,0.750315,0.562972,0.555064,0.382166,1559.68306,1210.762366,2770.445426,150,8290,8440,10.397887,0.146051,71.193561,0,0.382166,7867.359663,8937.569784,0.378732,0.317132,"ecf_4R405",-0.325216,0.032834,-9.904701,0
"coefficient","cod_mod_tasp_23_25","data",NA,NA,"2026-02-18 21:45:55 UTC",NA,8441,0.750315,0.562972,0.555064,0.382166,1559.68306,1210.762366,2770.445426,150,8290,8440,10.397887,0.146051,71.193561,0,0.382166,7867.359663,8937.569784,0.378732,0.317132,"ecf_4R406",-0.388912,0.031972,-12.164198,0
"coefficient","cod_mod_tasp_23_25","data",NA,NA,"2026-02-18 21:45:55 UTC",NA,8441,0.750315,0.562972,0.555064,0.382166,1559.68306,1210.762366,2770.445426,150,8290,8440,10.397887,0.146051,71.193561,0,0.382166,7867.359663,8937.569784,0.378732,0.317132,"ecf_4R407",-0.493068,0.068228,-7.226801,0
"coefficient","cod_mod_tasp_23_25","data",NA,NA,"2026-02-18 21:45:55 UTC",NA,8441,0.750315,0.562972,0.555064,0.382166,1559.68306,1210.762366,2770.445426,150,8290,8440,10.397887,0.146051,71.193561,0,0.382166,7867.359663,8937.569784,0.378732,0.317132,"ecf_4R408",-0.496458,0.037757,-13.148585,0
"coefficient","cod_mod_tasp_23_25","data",NA,NA,"2026-02-18 21:45:55 UTC",NA,8441,0.750315,0.562972,0.555064,0.382166,1559.68306,1210.762366,2770.445426,150,8290,8440,10.397887,0.146051,71.193561,0,0.382166,7867.359663,8937.569784,0.378732,0.317132,"ecf_4R409",-0.374481,0.064689,-5.788949,0
"coefficient","cod_mod_tasp_23_25","data",NA,NA,"2026-02-18 21:45:55 UTC",NA,8441,0.750315,0.562972,0.555064,0.382166,1559.68306,1210.762366,2770.445426,150,8290,8440,10.397887,0.146051,71.193561,0,0.382166,7867.359663,8937.569784,0.378732,0.317132,"ecf_4R410",-0.092703,0.029981,-3.092102,0.001994
"coefficient","cod_mod_tasp_23_25","data",NA,NA,"2026-02-18 21:45:55 UTC",NA,8441,0.750315,0.562972,0.555064,0.382166,1559.68306,1210.762366,2770.445426,150,8290,8440,10.397887,0.146051,71.193561,0,0.382166,7867.359663,8937.569784,0.378732,0.317132,"ecf_4R411",-0.564032,0.040248,-14.013833,0
"coefficient","cod_mod_tasp_23_25","data",NA,NA,"2026-02-18 21:45:55 UTC",NA,8441,0.750315,0.562972,0.555064,0.382166,1559.68306,1210.762366,2770.445426,150,8290,8440,10.397887,0.146051,71.193561,0,0.382166,7867.359663,8937.569784,0.378732,0.317132,"ecf_4R412",-0.502414,0.089657,-5.603763,0
"coefficient","cod_mod_tasp_23_25","data",NA,NA,"2026-02-18 21:45:55 UTC",NA,8441,0.750315,0.562972,0.555064,0.382166,1559.68306,1210.762366,2770.445426,150,8290,8440,10.397887,0.146051,71.193561,0,0.382166,7867.359663,8937.569784,0.378732,0.317132,"ecf_4R413",-0.276515,0.037348,-7.403682,0
"coefficient","cod_mod_tasp_23_25","data",NA,NA,"2026-02-18 21:45:55 UTC",NA,8441,0.750315,0.562972,0.555064,0.382166,1559.68306,1210.762366,2770.445426,150,8290,8440,10.397887,0.146051,71.193561,0,0.382166,7867.359663,8937.569784,0.378732,0.317132,"ecf_4R414",0.130036,0.051835,2.508662,0.012138
"coefficient","cod_mod_tasp_23_25","data",NA,NA,"2026-02-18 21:45:55 UTC",NA,8441,0.750315,0.562972,0.555064,0.382166,1559.68306,1210.762366,2770.445426,150,8290,8440,10.397887,0.146051,71.193561,0,0.382166,7867.359663,8937.569784,0.378732,0.317132,"ecf_4R415",0.151693,0.059048,2.568976,0.010217
"coefficient","cod_mod_tasp_23_25","data",NA,NA,"2026-02-18 21:45:55 UTC",NA,8441,0.750315,0.562972,0.555064,0.382166,1559.68306,1210.762366,2770.445426,150,8290,8440,10.397887,0.146051,71.193561,0,0.382166,7867.359663,8937.569784,0.378732,0.317132,"ecf_4R416",-0.629436,0.191758,-3.282453,0.001033
"coefficient","cod_mod_tasp_23_25","data",NA,NA,"2026-02-18 21:45:55 UTC",NA,8441,0.750315,0.562972,0.555064,0.382166,1559.68306,1210.762366,2770.445426,150,8290,8440,10.397887,0.146051,71.193561,0,0.382166,7867.359663,8937.569784,0.378732,0.317132,"ecf_4R417",-0.097465,0.035598,-2.737912,0.006196
"coefficient","cod_mod_tasp_23_25","data",NA,NA,"2026-02-18 21:45:55 UTC",NA,8441,0.750315,0.562972,0.555064,0.382166,1559.68306,1210.762366,2770.445426,150,8290,8440,10.397887,0.146051,71.193561,0,0.382166,7867.359663,8937.569784,0.378732,0.317132,"ecf_4R419",-0.877796,0.073558,-11.933427,0
"coefficient","cod_mod_tasp_23_25","data",NA,NA,"2026-02-18 21:45:55 UTC",NA,8441,0.750315,0.562972,0.555064,0.382166,1559.68306,1210.762366,2770.445426,150,8290,8440,10.397887,0.146051,71.193561,0,0.382166,7867.359663,8937.569784,0.378732,0.317132,"ecf_4R421",-0.791509,0.078723,-10.054345,0
"coefficient","cod_mod_tasp_23_25","data",NA,NA,"2026-02-18 21:45:55 UTC",NA,8441,0.750315,0.562972,0.555064,0.382166,1559.68306,1210.762366,2770.445426,150,8290,8440,10.397887,0.146051,71.193561,0,0.382166,7867.359663,8937.569784,0.378732,0.317132,"ecf_4R422",0.223899,0.061819,3.621846,0.000294
"coefficient","cod_mod_tasp_23_25","data",NA,NA,"2026-02-18 21:45:55 UTC",NA,8441,0.750315,0.562972,0.555064,0.382166,1559.68306,1210.762366,2770.445426,150,8290,8440,10.397887,0.146051,71.193561,0,0.382166,7867.359663,8937.569784,0.378732,0.317132,"ecf_5R501",-0.679357,0.066594,-10.20144,0
"coefficient","cod_mod_tasp_23_25","data",NA,NA,"2026-02-18 21:45:55 UTC",NA,8441,0.750315,0.562972,0.555064,0.382166,1559.68306,1210.762366,2770.445426,150,8290,8440,10.397887,0.146051,71.193561,0,0.382166,7867.359663,8937.569784,0.378732,0.317132,"ecf_5R502",-0.524584,0.071343,-7.352961,0
"coefficient","cod_mod_tasp_23_25","data",NA,NA,"2026-02-18 21:45:55 UTC",NA,8441,0.750315,0.562972,0.555064,0.382166,1559.68306,1210.762366,2770.445426,150,8290,8440,10.397887,0.146051,71.193561,0,0.382166,7867.359663,8937.569784,0.378732,0.317132,"ecf_5R503",0.534102,0.194907,2.740291,0.006152
"coefficient","cod_mod_tasp_23_25","data",NA,NA,"2026-02-18 21:45:55 UTC",NA,8441,0.750315,0.562972,0.555064,0.382166,1559.68306,1210.762366,2770.445426,150,8290,8440,10.397887,0.146051,71.193561,0,0.382166,7867.359663,8937.569784,0.378732,0.317132,"ecf_5R504",0.332709,0.08432,3.945805,8e-05
"coefficient","cod_mod_tasp_23_25","data",NA,NA,"2026-02-18 21:45:55 UTC",NA,8441,0.750315,0.562972,0.555064,0.382166,1559.68306,1210.762366,2770.445426,150,8290,8440,10.397887,0.146051,71.193561,0,0.382166,7867.359663,8937.569784,0.378732,0.317132,"ecf_5R509",0.569022,0.221909,2.564216,0.010358
"coefficient","cod_mod_tasp_23_25","data",NA,NA,"2026-02-18 21:45:55 UTC",NA,8441,0.750315,0.562972,0.555064,0.382166,1559.68306,1210.762366,2770.445426,150,8290,8440,10.397887,0.146051,71.193561,0,0.382166,7867.359663,8937.569784,0.378732,0.317132,"ecf_5R514",0.488219,0.12272,3.978307,7e-05
"coefficient","cod_mod_tasp_23_25","data",NA,NA,"2026-02-18 21:45:55 UTC",NA,8441,0.750315,0.562972,0.555064,0.382166,1559.68306,1210.762366,2770.445426,150,8290,8440,10.397887,0.146051,71.193561,0,0.382166,7867.359663,8937.569784,0.378732,0.317132,"ecf_5R517",0.717371,0.27271,2.630528,0.008541
"coefficient","cod_mod_tasp_23_25","data",NA,NA,"2026-02-18 21:45:55 UTC",NA,8441,0.750315,0.562972,0.555064,0.382166,1559.68306,1210.762366,2770.445426,150,8290,8440,10.397887,0.146051,71.193561,0,0.382166,7867.359663,8937.569784,0.378732,0.317132,"ecf_5R523",-0.629639,0.271286,-2.320943,0.020314
"coefficient","cod_mod_tasp_23_25","data",NA,NA,"2026-02-18 21:45:55 UTC",NA,8441,0.750315,0.562972,0.555064,0.382166,1559.68306,1210.762366,2770.445426,150,8290,8440,10.397887,0.146051,71.193561,0,0.382166,7867.359663,8937.569784,0.378732,0.317132,"ecf_5R528",-0.493313,0.271116,-1.819566,0.068861
"coefficient","cod_mod_tasp_23_25","data",NA,NA,"2026-02-18 21:45:55 UTC",NA,8441,0.750315,0.562972,0.555064,0.382166,1559.68306,1210.762366,2770.445426,150,8290,8440,10.397887,0.146051,71.193561,0,0.382166,7867.359663,8937.569784,0.378732,0.317132,"ecf_5R529",0.430144,0.172251,2.497185,0.012538
"coefficient","cod_mod_tasp_23_25","data",NA,NA,"2026-02-18 21:45:55 UTC",NA,8441,0.750315,0.562972,0.555064,0.382166,1559.68306,1210.762366,2770.445426,150,8290,8440,10.397887,0.146051,71.193561,0,0.382166,7867.359663,8937.569784,0.378732,0.317132,"ecf_6R601",-1.107209,0.136512,-8.1107,0
"coefficient","cod_mod_tasp_23_25","data",NA,NA,"2026-02-18 21:45:55 UTC",NA,8441,0.750315,0.562972,0.555064,0.382166,1559.68306,1210.762366,2770.445426,150,8290,8440,10.397887,0.146051,71.193561,0,0.382166,7867.359663,8937.569784,0.378732,0.317132,"ecf_6R602",-0.730205,0.136453,-5.351318,0
"coefficient","cod_mod_tasp_23_25","data",NA,NA,"2026-02-18 21:45:55 UTC",NA,8441,0.750315,0.562972,0.555064,0.382166,1559.68306,1210.762366,2770.445426,150,8290,8440,10.397887,0.146051,71.193561,0,0.382166,7867.359663,8937.569784,0.378732,0.317132,"ecf_6R603",-1.002612,0.122601,-8.177858,0
"coefficient","cod_mod_tasp_23_25","data",NA,NA,"2026-02-18 21:45:55 UTC",NA,8441,0.750315,0.562972,0.555064,0.382166,1559.68306,1210.762366,2770.445426,150,8290,8440,10.397887,0.146051,71.193561,0,0.382166,7867.359663,8937.569784,0.378732,0.317132,"ecf_6R604",-0.29483,0.082427,-3.576875,0.00035
"coefficient","cod_mod_tasp_23_25","data",NA,NA,"2026-02-18 21:45:55 UTC",NA,8441,0.750315,0.562972,0.555064,0.382166,1559.68306,1210.762366,2770.445426,150,8290,8440,10.397887,0.146051,71.193561,0,0.382166,7867.359663,8937.569784,0.378732,0.317132,"ecf_6R606",-0.387845,0.22166,-1.749734,0.080201
"coefficient","cod_mod_tasp_23_25","data",NA,NA,"2026-02-18 21:45:55 UTC",NA,8441,0.750315,0.562972,0.555064,0.382166,1559.68306,1210.762366,2770.445426,150,8290,8440,10.397887,0.146051,71.193561,0,0.382166,7867.359663,8937.569784,0.378732,0.317132,"ecf_6R608",0.689631,0.382959,1.800798,0.071771
"coefficient","cod_mod_tasp_23_25","data",NA,NA,"2026-02-18 21:45:55 UTC",NA,8441,0.750315,0.562972,0.555064,0.382166,1559.68306,1210.762366,2770.445426,150,8290,8440,10.397887,0.146051,71.193561,0,0.382166,7867.359663,8937.569784,0.378732,0.317132,"ecf_6R611",-0.125966,0.061263,-2.056156,0.039799
"coefficient","cod_mod_tasp_23_25","data",NA,NA,"2026-02-18 21:45:55 UTC",NA,8441,0.750315,0.562972,0.555064,0.382166,1559.68306,1210.762366,2770.445426,150,8290,8440,10.397887,0.146051,71.193561,0,0.382166,7867.359663,8937.569784,0.378732,0.317132,"ecf_6R612",-0.188874,0.107771,-1.752555,0.079715
"coefficient","cod_mod_tasp_23_25","data",NA,NA,"2026-02-18 21:45:55 UTC",NA,8441,0.750315,0.562972,0.555064,0.382166,1559.68306,1210.762366,2770.445426,150,8290,8440,10.397887,0.146051,71.193561,0,0.382166,7867.359663,8937.569784,0.378732,0.317132,"ecf_6R615",-0.211658,0.11215,-1.887269,0.059159
"coefficient","cod_mod_tasp_23_25","data",NA,NA,"2026-02-18 21:45:55 UTC",NA,8441,0.750315,0.562972,0.555064,0.382166,1559.68306,1210.762366,2770.445426,150,8290,8440,10.397887,0.146051,71.193561,0,0.382166,7867.359663,8937.569784,0.378732,0.317132,"ecf_6R620",-0.599292,0.047472,-12.624023,0
"coefficient","cod_mod_tasp_23_25","data",NA,NA,"2026-02-18 21:45:55 UTC",NA,8441,0.750315,0.562972,0.555064,0.382166,1559.68306,1210.762366,2770.445426,150,8290,8440,10.397887,0.146051,71.193561,0,0.382166,7867.359663,8937.569784,0.378732,0.317132,"ecf_7R701",0.23457,0.051327,4.570156,5e-06
"coefficient","cod_mod_tasp_23_25","data",NA,NA,"2026-02-18 21:45:55 UTC",NA,8441,0.750315,0.562972,0.555064,0.382166,1559.68306,1210.762366,2770.445426,150,8290,8440,10.397887,0.146051,71.193561,0,0.382166,7867.359663,8937.569784,0.378732,0.317132,"ecf_7R702",0.107314,0.042519,2.523902,0.011625
"coefficient","cod_mod_tasp_23_25","data",NA,NA,"2026-02-18 21:45:55 UTC",NA,8441,0.750315,0.562972,0.555064,0.382166,1559.68306,1210.762366,2770.445426,150,8290,8440,10.397887,0.146051,71.193561,0,0.382166,7867.359663,8937.569784,0.378732,0.317132,"ecf_7R703",-0.419266,0.074284,-5.644139,0
"coefficient","cod_mod_tasp_23_25","data",NA,NA,"2026-02-18 21:45:55 UTC",NA,8441,0.750315,0.562972,0.555064,0.382166,1559.68306,1210.762366,2770.445426,150,8290,8440,10.397887,0.146051,71.193561,0,0.382166,7867.359663,8937.569784,0.378732,0.317132,"ecf_7R704",-0.281207,0.030699,-9.160267,0
"coefficient","cod_mod_tasp_23_25","data",NA,NA,"2026-02-18 21:45:55 UTC",NA,8441,0.750315,0.562972,0.555064,0.382166,1559.68306,1210.762366,2770.445426,150,8290,8440,10.397887,0.146051,71.193561,0,0.382166,7867.359663,8937.569784,0.378732,0.317132,"ecf_7R705",-0.279745,0.023065,-12.128781,0
"coefficient","cod_mod_tasp_23_25","data",NA,NA,"2026-02-18 21:45:55 UTC",NA,8441,0.750315,0.562972,0.555064,0.382166,1559.68306,1210.762366,2770.445426,150,8290,8440,10.397887,0.146051,71.193561,0,0.382166,7867.359663,8937.569784,0.378732,0.317132,"ecf_7R706",-0.412672,0.116324,-3.547594,0.000391
"coefficient","cod_mod_tasp_23_25","data",NA,NA,"2026-02-18 21:45:55 UTC",NA,8441,0.750315,0.562972,0.555064,0.382166,1559.68306,1210.762366,2770.445426,150,8290,8440,10.397887,0.146051,71.193561,0,0.382166,7867.359663,8937.569784,0.378732,0.317132,"ecf_7R707",-0.600634,0.136025,-4.4156,1e-05
"coefficient","cod_mod_tasp_23_25","data",NA,NA,"2026-02-18 21:45:55 UTC",NA,8441,0.750315,0.562972,0.555064,0.382166,1559.68306,1210.762366,2770.445426,150,8290,8440,10.397887,0.146051,71.193561,0,0.382166,7867.359663,8937.569784,0.378732,0.317132,"ecf_7R708",-0.453331,0.050618,-8.955991,0
"coefficient","cod_mod_tasp_23_25","data",NA,NA,"2026-02-18 21:45:55 UTC",NA,8441,0.750315,0.562972,0.555064,0.382166,1559.68306,1210.762366,2770.445426,150,8290,8440,10.397887,0.146051,71.193561,0,0.382166,7867.359663,8937.569784,0.378732,0.317132,"ecf_7R709",-0.336075,0.041897,-8.0215,0
"coefficient","cod_mod_tasp_23_25","data",NA,NA,"2026-02-18 21:45:55 UTC",NA,8441,0.750315,0.562972,0.555064,0.382166,1559.68306,1210.762366,2770.445426,150,8290,8440,10.397887,0.146051,71.193561,0,0.382166,7867.359663,8937.569784,0.378732,0.317132,"ecf_7R710",-0.127401,0.044922,-2.836067,0.004578
"coefficient","cod_mod_tasp_23_25","data",NA,NA,"2026-02-18 21:45:55 UTC",NA,8441,0.750315,0.562972,0.555064,0.382166,1559.68306,1210.762366,2770.445426,150,8290,8440,10.397887,0.146051,71.193561,0,0.382166,7867.359663,8937.569784,0.378732,0.317132,"ecf_7R711",-0.458867,0.041625,-11.023743,0
"coefficient","cod_mod_tasp_23_25","data",NA,NA,"2026-02-18 21:45:55 UTC",NA,8441,0.750315,0.562972,0.555064,0.382166,1559.68306,1210.762366,2770.445426,150,8290,8440,10.397887,0.146051,71.193561,0,0.382166,7867.359663,8937.569784,0.378732,0.317132,"ecf_7R712",-0.363972,0.097105,-3.748211,0.000179
"coefficient","cod_mod_tasp_23_25","data",NA,NA,"2026-02-18 21:45:55 UTC",NA,8441,0.750315,0.562972,0.555064,0.382166,1559.68306,1210.762366,2770.445426,150,8290,8440,10.397887,0.146051,71.193561,0,0.382166,7867.359663,8937.569784,0.378732,0.317132,"ecf_7R713",-0.298094,0.061979,-4.809612,2e-06
"coefficient","cod_mod_tasp_23_25","data",NA,NA,"2026-02-18 21:45:55 UTC",NA,8441,0.750315,0.562972,0.555064,0.382166,1559.68306,1210.762366,2770.445426,150,8290,8440,10.397887,0.146051,71.193561,0,0.382166,7867.359663,8937.569784,0.378732,0.317132,"ecf_7R715",-0.803679,0.271157,-2.963891,0.003046
"coefficient","cod_mod_tasp_23_25","data",NA,NA,"2026-02-18 21:45:55 UTC",NA,8441,0.750315,0.562972,0.555064,0.382166,1559.68306,1210.762366,2770.445426,150,8290,8440,10.397887,0.146051,71.193561,0,0.382166,7867.359663,8937.569784,0.378732,0.317132,"ecf_7R716",-0.751094,0.103528,-7.254953,0
"coefficient","cod_mod_tasp_23_25","data",NA,NA,"2026-02-18 21:45:55 UTC",NA,8441,0.750315,0.562972,0.555064,0.382166,1559.68306,1210.762366,2770.445426,150,8290,8440,10.397887,0.146051,71.193561,0,0.382166,7867.359663,8937.569784,0.378732,0.317132,"ecf_7R717",-0.971476,0.071121,-13.6594,0
"coefficient","cod_mod_tasp_23_25","data",NA,NA,"2026-02-18 21:45:55 UTC",NA,8441,0.750315,0.562972,0.555064,0.382166,1559.68306,1210.762366,2770.445426,150,8290,8440,10.397887,0.146051,71.193561,0,0.382166,7867.359663,8937.569784,0.378732,0.317132,"ecf_7R718",-0.674948,0.05732,-11.775064,0
"coefficient","cod_mod_tasp_23_25","data",NA,NA,"2026-02-18 21:45:55 UTC",NA,8441,0.750315,0.562972,0.555064,0.382166,1559.68306,1210.762366,2770.445426,150,8290,8440,10.397887,0.146051,71.193561,0,0.382166,7867.359663,8937.569784,0.378732,0.317132,"ecf_7R719",-0.239073,0.030818,-7.757642,0
"coefficient","cod_mod_tasp_23_25","data",NA,NA,"2026-02-18 21:45:55 UTC",NA,8441,0.750315,0.562972,0.555064,0.382166,1559.68306,1210.762366,2770.445426,150,8290,8440,10.397887,0.146051,71.193561,0,0.382166,7867.359663,8937.569784,0.378732,0.317132,"ecf_7R720",-0.522178,0.273801,-1.907141,0.056537
"coefficient","cod_mod_tasp_23_25","data",NA,NA,"2026-02-18 21:45:55 UTC",NA,8441,0.750315,0.562972,0.555064,0.382166,1559.68306,1210.762366,2770.445426,150,8290,8440,10.397887,0.146051,71.193561,0,0.382166,7867.359663,8937.569784,0.378732,0.317132,"ecf_7R722",-0.699065,0.221567,-3.155094,0.00161
"coefficient","cod_mod_tasp_23_25","data",NA,NA,"2026-02-18 21:45:55 UTC",NA,8441,0.750315,0.562972,0.555064,0.382166,1559.68306,1210.762366,2770.445426,150,8290,8440,10.397887,0.146051,71.193561,0,0.382166,7867.359663,8937.569784,0.378732,0.317132,"ecf_7R724",-0.431869,0.122141,-3.535822,0.000409
"coefficient","cod_mod_alt_23_25","data",NA,NA,"2026-02-18 21:45:55 UTC",NA,8441,0.750745,0.563618,0.555508,0.381976,1561.473151,1208.972276,2770.445426,154,8286,8440,10.139436,0.145905,69.493212,0,0.381976,7862.870561,8961.244107,0.378452,0.31667,"(Intercept)",9.412562,0.117106,80.376414,0
"coefficient","cod_mod_alt_23_25","data",NA,NA,"2026-02-18 21:45:55 UTC",NA,8441,0.750745,0.563618,0.555508,0.381976,1561.473151,1208.972276,2770.445426,154,8286,8440,10.139436,0.145905,69.493212,0,0.381976,7862.870561,8961.244107,0.378452,0.31667,"ln_landratio",0.128172,0.022955,5.583532,0
"coefficient","cod_mod_alt_23_25","data",NA,NA,"2026-02-18 21:45:55 UTC",NA,8441,0.750745,0.563618,0.555508,0.381976,1561.473151,1208.972276,2770.445426,154,8286,8440,10.139436,0.145905,69.493212,0,0.381976,7862.870561,8961.244107,0.378452,0.31667,"lnsbldsfint",0.354183,0.017806,19.890829,0
"coefficient","cod_mod_alt_23_25","data",NA,NA,"2026-02-18 21:45:55 UTC",NA,8441,0.750745,0.563618,0.555508,0.381976,1561.473151,1208.972276,2770.445426,154,8286,8440,10.139436,0.145905,69.493212,0,0.381976,7862.870561,8961.244107,0.378452,0.31667,"half_duplex1story",-0.152411,0.060318,-2.526781,0.01153
"coefficient","cod_mod_alt_23_25","data",NA,NA,"2026-02-18 21:45:55 UTC",NA,8441,0.750745,0.563618,0.555508,0.381976,1561.473151,1208.972276,2770.445426,154,8286,8440,10.139436,0.145905,69.493212,0,0.381976,7862.870561,8961.244107,0.378452,0.31667,"largest",0.042798,0.022144,1.932701,0.053307
"coefficient","cod_mod_alt_23_25","data",NA,NA,"2026-02-18 21:45:55 UTC",NA,8441,0.750745,0.563618,0.555508,0.381976,1561.473151,1208.972276,2770.445426,154,8286,8440,10.139436,0.145905,69.493212,0,0.381976,7862.870561,8961.244107,0.378452,0.31667,"two_plus_baths",0.103142,0.033045,3.121305,0.001807
"coefficient","cod_mod_alt_23_25","data",NA,NA,"2026-02-18 21:45:55 UTC",NA,8441,0.750745,0.563618,0.555508,0.381976,1561.473151,1208.972276,2770.445426,154,8286,8440,10.139436,0.145905,69.493212,0,0.381976,7862.870561,8961.244107,0.378452,0.31667,"powder_room",0.037174,0.017806,2.087753,0.036851
"coefficient","cod_mod_alt_23_25","data",NA,NA,"2026-02-18 21:45:55 UTC",NA,8441,0.750745,0.563618,0.555508,0.381976,1561.473151,1208.972276,2770.445426,154,8286,8440,10.139436,0.145905,69.493212,0,0.381976,7862.870561,8961.244107,0.378452,0.31667,"good",0.230827,0.033463,6.898015,0
"coefficient","cod_mod_alt_23_25","data",NA,NA,"2026-02-18 21:45:55 UTC",NA,8441,0.750745,0.563618,0.555508,0.381976,1561.473151,1208.972276,2770.445426,154,8286,8440,10.139436,0.145905,69.493212,0,0.381976,7862.870561,8961.244107,0.378452,0.31667,"fair",-0.170524,0.011018,-15.476187,0
"coefficient","cod_mod_alt_23_25","data",NA,NA,"2026-02-18 21:45:55 UTC",NA,8441,0.750745,0.563618,0.555508,0.381976,1561.473151,1208.972276,2770.445426,154,8286,8440,10.139436,0.145905,69.493212,0,0.381976,7862.870561,8961.244107,0.378452,0.31667,"poor",-0.279094,0.029215,-9.553066,0
"coefficient","cod_mod_alt_23_25","data",NA,NA,"2026-02-18 21:45:55 UTC",NA,8441,0.750745,0.563618,0.555508,0.381976,1561.473151,1208.972276,2770.445426,154,8286,8440,10.139436,0.145905,69.493212,0,0.381976,7862.870561,8961.244107,0.378452,0.31667,"very_poor_unsound",-0.332956,0.084358,-3.946934,8e-05
"coefficient","cod_mod_alt_23_25","data",NA,NA,"2026-02-18 21:45:55 UTC",NA,8441,0.750745,0.563618,0.555508,0.381976,1561.473151,1208.972276,2770.445426,154,8286,8440,10.139436,0.145905,69.493212,0,0.381976,7862.870561,8961.244107,0.378452,0.31667,"qabove_avg",0.182208,0.036592,4.97949,1e-06
"coefficient","cod_mod_alt_23_25","data",NA,NA,"2026-02-18 21:45:55 UTC",NA,8441,0.750745,0.563618,0.555508,0.381976,1561.473151,1208.972276,2770.445426,154,8286,8440,10.139436,0.145905,69.493212,0,0.381976,7862.870561,8961.244107,0.378452,0.31667,"qbelow_avg",-0.073372,0.012056,-6.085752,0
"coefficient","cod_mod_alt_23_25","data",NA,NA,"2026-02-18 21:45:55 UTC",NA,8441,0.750745,0.563618,0.555508,0.381976,1561.473151,1208.972276,2770.445426,154,8286,8440,10.139436,0.145905,69.493212,0,0.381976,7862.870561,8961.244107,0.378452,0.31667,"yb_pre_1929",-0.0651,0.015602,-4.17268,3e-05
"coefficient","cod_mod_alt_23_25","data",NA,NA,"2026-02-18 21:45:55 UTC",NA,8441,0.750745,0.563618,0.555508,0.381976,1561.473151,1208.972276,2770.445426,154,8286,8440,10.139436,0.145905,69.493212,0,0.381976,7862.870561,8961.244107,0.378452,0.31667,"yb_1946_to_1960",0.034357,0.010536,3.260809,0.001115
"coefficient","cod_mod_alt_23_25","data",NA,NA,"2026-02-18 21:45:55 UTC",NA,8441,0.750745,0.563618,0.555508,0.381976,1561.473151,1208.972276,2770.445426,154,8286,8440,10.139436,0.145905,69.493212,0,0.381976,7862.870561,8961.244107,0.378452,0.31667,"yb_post_1961",0.136322,0.034882,3.908057,9.4e-05
"coefficient","cod_mod_alt_23_25","data",NA,NA,"2026-02-18 21:45:55 UTC",NA,8441,0.750745,0.563618,0.555508,0.381976,1561.473151,1208.972276,2770.445426,154,8286,8440,10.139436,0.145905,69.493212,0,0.381976,7862.870561,8961.244107,0.378452,0.31667,"slab",-0.291732,0.044421,-6.567407,0
"coefficient","cod_mod_alt_23_25","data",NA,NA,"2026-02-18 21:45:55 UTC",NA,8441,0.750745,0.563618,0.555508,0.381976,1561.473151,1208.972276,2770.445426,154,8286,8440,10.139436,0.145905,69.493212,0,0.381976,7862.870561,8961.244107,0.378452,0.31667,"fireplace",0.06671,0.011301,5.903037,0
"coefficient","cod_mod_alt_23_25","data",NA,NA,"2026-02-18 21:45:55 UTC",NA,8441,0.750745,0.563618,0.555508,0.381976,1561.473151,1208.972276,2770.445426,154,8286,8440,10.139436,0.145905,69.493212,0,0.381976,7862.870561,8961.244107,0.378452,0.31667,"hot_water",0.052809,0.01822,2.898414,0.00376
"coefficient","cod_mod_alt_23_25","data",NA,NA,"2026-02-18 21:45:55 UTC",NA,8441,0.750745,0.563618,0.555508,0.381976,1561.473151,1208.972276,2770.445426,154,8286,8440,10.139436,0.145905,69.493212,0,0.381976,7862.870561,8961.244107,0.378452,0.31667,"central_air",0.071286,0.010846,6.572661,0
"coefficient","cod_mod_alt_23_25","data",NA,NA,"2026-02-18 21:45:55 UTC",NA,8441,0.750745,0.563618,0.555508,0.381976,1561.473151,1208.972276,2770.445426,154,8286,8440,10.139436,0.145905,69.493212,0,0.381976,7862.870561,8961.244107,0.378452,0.31667,"ecf_1R102",-0.273102,0.076992,-3.547167,0.000392
"coefficient","cod_mod_alt_23_25","data",NA,NA,"2026-02-18 21:45:55 UTC",NA,8441,0.750745,0.563618,0.555508,0.381976,1561.473151,1208.972276,2770.445426,154,8286,8440,10.139436,0.145905,69.493212,0,0.381976,7862.870561,8961.244107,0.378452,0.31667,"ecf_1R104",-0.134609,0.034491,-3.902705,9.6e-05
"coefficient","cod_mod_alt_23_25","data",NA,NA,"2026-02-18 21:45:55 UTC",NA,8441,0.750745,0.563618,0.555508,0.381976,1561.473151,1208.972276,2770.445426,154,8286,8440,10.139436,0.145905,69.493212,0,0.381976,7862.870561,8961.244107,0.378452,0.31667,"ecf_1R105",-0.357387,0.041776,-8.554916,0
"coefficient","cod_mod_alt_23_25","data",NA,NA,"2026-02-18 21:45:55 UTC",NA,8441,0.750745,0.563618,0.555508,0.381976,1561.473151,1208.972276,2770.445426,154,8286,8440,10.139436,0.145905,69.493212,0,0.381976,7862.870561,8961.244107,0.378452,0.31667,"ecf_1R106",-0.346864,0.056405,-6.149565,0
"coefficient","cod_mod_alt_23_25","data",NA,NA,"2026-02-18 21:45:55 UTC",NA,8441,0.750745,0.563618,0.555508,0.381976,1561.473151,1208.972276,2770.445426,154,8286,8440,10.139436,0.145905,69.493212,0,0.381976,7862.870561,8961.244107,0.378452,0.31667,"ecf_1R107",-0.26658,0.103706,-2.570532,0.010172
"coefficient","cod_mod_alt_23_25","data",NA,NA,"2026-02-18 21:45:55 UTC",NA,8441,0.750745,0.563618,0.555508,0.381976,1561.473151,1208.972276,2770.445426,154,8286,8440,10.139436,0.145905,69.493212,0,0.381976,7862.870561,8961.244107,0.378452,0.31667,"ecf_1R108",-0.44184,0.043814,-10.084355,0
"coefficient","cod_mod_alt_23_25","data",NA,NA,"2026-02-18 21:45:55 UTC",NA,8441,0.750745,0.563618,0.555508,0.381976,1561.473151,1208.972276,2770.445426,154,8286,8440,10.139436,0.145905,69.493212,0,0.381976,7862.870561,8961.244107,0.378452,0.31667,"ecf_1R109",-0.217998,0.033152,-6.575622,0
"coefficient","cod_mod_alt_23_25","data",NA,NA,"2026-02-18 21:45:55 UTC",NA,8441,0.750745,0.563618,0.555508,0.381976,1561.473151,1208.972276,2770.445426,154,8286,8440,10.139436,0.145905,69.493212,0,0.381976,7862.870561,8961.244107,0.378452,0.31667,"ecf_1R110",-0.219736,0.053713,-4.090934,4.3e-05
"coefficient","cod_mod_alt_23_25","data",NA,NA,"2026-02-18 21:45:55 UTC",NA,8441,0.750745,0.563618,0.555508,0.381976,1561.473151,1208.972276,2770.445426,154,8286,8440,10.139436,0.145905,69.493212,0,0.381976,7862.870561,8961.244107,0.378452,0.31667,"ecf_1R112",-0.152255,0.070675,-2.154307,0.031245
"coefficient","cod_mod_alt_23_25","data",NA,NA,"2026-02-18 21:45:55 UTC",NA,8441,0.750745,0.563618,0.555508,0.381976,1561.473151,1208.972276,2770.445426,154,8286,8440,10.139436,0.145905,69.493212,0,0.381976,7862.870561,8961.244107,0.378452,0.31667,"ecf_1R113",-0.700837,0.091681,-7.644333,0
"coefficient","cod_mod_alt_23_25","data",NA,NA,"2026-02-18 21:45:55 UTC",NA,8441,0.750745,0.563618,0.555508,0.381976,1561.473151,1208.972276,2770.445426,154,8286,8440,10.139436,0.145905,69.493212,0,0.381976,7862.870561,8961.244107,0.378452,0.31667,"ecf_1R114",-0.371789,0.067393,-5.516761,0
"coefficient","cod_mod_alt_23_25","data",NA,NA,"2026-02-18 21:45:55 UTC",NA,8441,0.750745,0.563618,0.555508,0.381976,1561.473151,1208.972276,2770.445426,154,8286,8440,10.139436,0.145905,69.493212,0,0.381976,7862.870561,8961.244107,0.378452,0.31667,"ecf_1R116",0.102714,0.045539,2.255522,0.024127
"coefficient","cod_mod_alt_23_25","data",NA,NA,"2026-02-18 21:45:55 UTC",NA,8441,0.750745,0.563618,0.555508,0.381976,1561.473151,1208.972276,2770.445426,154,8286,8440,10.139436,0.145905,69.493212,0,0.381976,7862.870561,8961.244107,0.378452,0.31667,"ecf_1R117",-0.204797,0.039103,-5.237435,0
"coefficient","cod_mod_alt_23_25","data",NA,NA,"2026-02-18 21:45:55 UTC",NA,8441,0.750745,0.563618,0.555508,0.381976,1561.473151,1208.972276,2770.445426,154,8286,8440,10.139436,0.145905,69.493212,0,0.381976,7862.870561,8961.244107,0.378452,0.31667,"ecf_1R118",-0.291854,0.044398,-6.573512,0
"coefficient","cod_mod_alt_23_25","data",NA,NA,"2026-02-18 21:45:55 UTC",NA,8441,0.750745,0.563618,0.555508,0.381976,1561.473151,1208.972276,2770.445426,154,8286,8440,10.139436,0.145905,69.493212,0,0.381976,7862.870561,8961.244107,0.378452,0.31667,"ecf_1R119",-0.482579,0.063803,-7.563573,0
"coefficient","cod_mod_alt_23_25","data",NA,NA,"2026-02-18 21:45:55 UTC",NA,8441,0.750745,0.563618,0.555508,0.381976,1561.473151,1208.972276,2770.445426,154,8286,8440,10.139436,0.145905,69.493212,0,0.381976,7862.870561,8961.244107,0.378452,0.31667,"ecf_1R120",-0.178436,0.065333,-2.731184,0.006324
"coefficient","cod_mod_alt_23_25","data",NA,NA,"2026-02-18 21:45:55 UTC",NA,8441,0.750745,0.563618,0.555508,0.381976,1561.473151,1208.972276,2770.445426,154,8286,8440,10.139436,0.145905,69.493212,0,0.381976,7862.870561,8961.244107,0.378452,0.31667,"ecf_1R121",-0.238685,0.040071,-5.95661,0
"coefficient","cod_mod_alt_23_25","data",NA,NA,"2026-02-18 21:45:55 UTC",NA,8441,0.750745,0.563618,0.555508,0.381976,1561.473151,1208.972276,2770.445426,154,8286,8440,10.139436,0.145905,69.493212,0,0.381976,7862.870561,8961.244107,0.378452,0.31667,"ecf_1R122",-0.474362,0.046993,-10.094273,0
"coefficient","cod_mod_alt_23_25","data",NA,NA,"2026-02-18 21:45:55 UTC",NA,8441,0.750745,0.563618,0.555508,0.381976,1561.473151,1208.972276,2770.445426,154,8286,8440,10.139436,0.145905,69.493212,0,0.381976,7862.870561,8961.244107,0.378452,0.31667,"ecf_1R123",-0.263917,0.062875,-4.197461,2.7e-05
"coefficient","cod_mod_alt_23_25","data",NA,NA,"2026-02-18 21:45:55 UTC",NA,8441,0.750745,0.563618,0.555508,0.381976,1561.473151,1208.972276,2770.445426,154,8286,8440,10.139436,0.145905,69.493212,0,0.381976,7862.870561,8961.244107,0.378452,0.31667,"ecf_1R124",-0.680091,0.122352,-5.558478,0
"coefficient","cod_mod_alt_23_25","data",NA,NA,"2026-02-18 21:45:55 UTC",NA,8441,0.750745,0.563618,0.555508,0.381976,1561.473151,1208.972276,2770.445426,154,8286,8440,10.139436,0.145905,69.493212,0,0.381976,7862.870561,8961.244107,0.378452,0.31667,"ecf_1R125",-0.246944,0.079256,-3.115779,0.001841
"coefficient","cod_mod_alt_23_25","data",NA,NA,"2026-02-18 21:45:55 UTC",NA,8441,0.750745,0.563618,0.555508,0.381976,1561.473151,1208.972276,2770.445426,154,8286,8440,10.139436,0.145905,69.493212,0,0.381976,7862.870561,8961.244107,0.378452,0.31667,"ecf_1R126",0.172625,0.045536,3.790977,0.000151
"coefficient","cod_mod_alt_23_25","data",NA,NA,"2026-02-18 21:45:55 UTC",NA,8441,0.750745,0.563618,0.555508,0.381976,1561.473151,1208.972276,2770.445426,154,8286,8440,10.139436,0.145905,69.493212,0,0.381976,7862.870561,8961.244107,0.378452,0.31667,"ecf_1R127",-0.473336,0.079488,-5.954804,0
"coefficient","cod_mod_alt_23_25","data",NA,NA,"2026-02-18 21:45:55 UTC",NA,8441,0.750745,0.563618,0.555508,0.381976,1561.473151,1208.972276,2770.445426,154,8286,8440,10.139436,0.145905,69.493212,0,0.381976,7862.870561,8961.244107,0.378452,0.31667,"ecf_1R128",-0.602027,0.047449,-12.687764,0
"coefficient","cod_mod_alt_23_25","data",NA,NA,"2026-02-18 21:45:55 UTC",NA,8441,0.750745,0.563618,0.555508,0.381976,1561.473151,1208.972276,2770.445426,154,8286,8440,10.139436,0.145905,69.493212,0,0.381976,7862.870561,8961.244107,0.378452,0.31667,"ecf_1R129",-0.252026,0.059873,-4.209359,2.6e-05
"coefficient","cod_mod_alt_23_25","data",NA,NA,"2026-02-18 21:45:55 UTC",NA,8441,0.750745,0.563618,0.555508,0.381976,1561.473151,1208.972276,2770.445426,154,8286,8440,10.139436,0.145905,69.493212,0,0.381976,7862.870561,8961.244107,0.378452,0.31667,"ecf_1R131",-0.381383,0.136415,-2.795765,0.00519
"coefficient","cod_mod_alt_23_25","data",NA,NA,"2026-02-18 21:45:55 UTC",NA,8441,0.750745,0.563618,0.555508,0.381976,1561.473151,1208.972276,2770.445426,154,8286,8440,10.139436,0.145905,69.493212,0,0.381976,7862.870561,8961.244107,0.378452,0.31667,"ecf_1R132",-0.115837,0.063687,-1.818854,0.06897
"coefficient","cod_mod_alt_23_25","data",NA,NA,"2026-02-18 21:45:55 UTC",NA,8441,0.750745,0.563618,0.555508,0.381976,1561.473151,1208.972276,2770.445426,154,8286,8440,10.139436,0.145905,69.493212,0,0.381976,7862.870561,8961.244107,0.378452,0.31667,"ecf_1R133",-0.462662,0.122053,-3.790669,0.000151
"coefficient","cod_mod_alt_23_25","data",NA,NA,"2026-02-18 21:45:55 UTC",NA,8441,0.750745,0.563618,0.555508,0.381976,1561.473151,1208.972276,2770.445426,154,8286,8440,10.139436,0.145905,69.493212,0,0.381976,7862.870561,8961.244107,0.378452,0.31667,"ecf_1R135",-0.318008,0.048783,-6.518863,0
"coefficient","cod_mod_alt_23_25","data",NA,NA,"2026-02-18 21:45:55 UTC",NA,8441,0.750745,0.563618,0.555508,0.381976,1561.473151,1208.972276,2770.445426,154,8286,8440,10.139436,0.145905,69.493212,0,0.381976,7862.870561,8961.244107,0.378452,0.31667,"ecf_1R136",-0.318926,0.042422,-7.517951,0
"coefficient","cod_mod_alt_23_25","data",NA,NA,"2026-02-18 21:45:55 UTC",NA,8441,0.750745,0.563618,0.555508,0.381976,1561.473151,1208.972276,2770.445426,154,8286,8440,10.139436,0.145905,69.493212,0,0.381976,7862.870561,8961.244107,0.378452,0.31667,"ecf_1R137",-0.92155,0.111201,-8.287267,0
"coefficient","cod_mod_alt_23_25","data",NA,NA,"2026-02-18 21:45:55 UTC",NA,8441,0.750745,0.563618,0.555508,0.381976,1561.473151,1208.972276,2770.445426,154,8286,8440,10.139436,0.145905,69.493212,0,0.381976,7862.870561,8961.244107,0.378452,0.31667,"ecf_2R201",-0.316104,0.036188,-8.735139,0
"coefficient","cod_mod_alt_23_25","data",NA,NA,"2026-02-18 21:45:55 UTC",NA,8441,0.750745,0.563618,0.555508,0.381976,1561.473151,1208.972276,2770.445426,154,8286,8440,10.139436,0.145905,69.493212,0,0.381976,7862.870561,8961.244107,0.378452,0.31667,"ecf_2R202",-0.267782,0.060116,-4.454403,9e-06
"coefficient","cod_mod_alt_23_25","data",NA,NA,"2026-02-18 21:45:55 UTC",NA,8441,0.750745,0.563618,0.555508,0.381976,1561.473151,1208.972276,2770.445426,154,8286,8440,10.139436,0.145905,69.493212,0,0.381976,7862.870561,8961.244107,0.378452,0.31667,"ecf_2R203",-0.092579,0.036494,-2.536853,0.011204
"coefficient","cod_mod_alt_23_25","data",NA,NA,"2026-02-18 21:45:55 UTC",NA,8441,0.750745,0.563618,0.555508,0.381976,1561.473151,1208.972276,2770.445426,154,8286,8440,10.139436,0.145905,69.493212,0,0.381976,7862.870561,8961.244107,0.378452,0.31667,"ecf_2R205",-0.227851,0.046187,-4.933251,1e-06
"coefficient","cod_mod_alt_23_25","data",NA,NA,"2026-02-18 21:45:55 UTC",NA,8441,0.750745,0.563618,0.555508,0.381976,1561.473151,1208.972276,2770.445426,154,8286,8440,10.139436,0.145905,69.493212,0,0.381976,7862.870561,8961.244107,0.378452,0.31667,"ecf_2R207",-0.196166,0.094341,-2.079328,0.037618
"coefficient","cod_mod_alt_23_25","data",NA,NA,"2026-02-18 21:45:55 UTC",NA,8441,0.750745,0.563618,0.555508,0.381976,1561.473151,1208.972276,2770.445426,154,8286,8440,10.139436,0.145905,69.493212,0,0.381976,7862.870561,8961.244107,0.378452,0.31667,"ecf_2R208",0.437036,0.099812,4.378584,1.2e-05
"coefficient","cod_mod_alt_23_25","data",NA,NA,"2026-02-18 21:45:55 UTC",NA,8441,0.750745,0.563618,0.555508,0.381976,1561.473151,1208.972276,2770.445426,154,8286,8440,10.139436,0.145905,69.493212,0,0.381976,7862.870561,8961.244107,0.378452,0.31667,"ecf_2R210",0.609329,0.22531,2.7044,0.006857
"coefficient","cod_mod_alt_23_25","data",NA,NA,"2026-02-18 21:45:55 UTC",NA,8441,0.750745,0.563618,0.555508,0.381976,1561.473151,1208.972276,2770.445426,154,8286,8440,10.139436,0.145905,69.493212,0,0.381976,7862.870561,8961.244107,0.378452,0.31667,"ecf_2R212",-0.2494,0.033275,-7.495119,0
"coefficient","cod_mod_alt_23_25","data",NA,NA,"2026-02-18 21:45:55 UTC",NA,8441,0.750745,0.563618,0.555508,0.381976,1561.473151,1208.972276,2770.445426,154,8286,8440,10.139436,0.145905,69.493212,0,0.381976,7862.870561,8961.244107,0.378452,0.31667,"ecf_2R213",-0.120031,0.038118,-3.148918,0.001645
"coefficient","cod_mod_alt_23_25","data",NA,NA,"2026-02-18 21:45:55 UTC",NA,8441,0.750745,0.563618,0.555508,0.381976,1561.473151,1208.972276,2770.445426,154,8286,8440,10.139436,0.145905,69.493212,0,0.381976,7862.870561,8961.244107,0.378452,0.31667,"ecf_2R215",0.248782,0.069547,3.577185,0.000349
"coefficient","cod_mod_alt_23_25","data",NA,NA,"2026-02-18 21:45:55 UTC",NA,8441,0.750745,0.563618,0.555508,0.381976,1561.473151,1208.972276,2770.445426,154,8286,8440,10.139436,0.145905,69.493212,0,0.381976,7862.870561,8961.244107,0.378452,0.31667,"ecf_2R216",0.476295,0.225597,2.111269,0.034779
"coefficient","cod_mod_alt_23_25","data",NA,NA,"2026-02-18 21:45:55 UTC",NA,8441,0.750745,0.563618,0.555508,0.381976,1561.473151,1208.972276,2770.445426,154,8286,8440,10.139436,0.145905,69.493212,0,0.381976,7862.870561,8961.244107,0.378452,0.31667,"ecf_2R218",-0.897168,0.145791,-6.153808,0
"coefficient","cod_mod_alt_23_25","data",NA,NA,"2026-02-18 21:45:55 UTC",NA,8441,0.750745,0.563618,0.555508,0.381976,1561.473151,1208.972276,2770.445426,154,8286,8440,10.139436,0.145905,69.493212,0,0.381976,7862.870561,8961.244107,0.378452,0.31667,"ecf_2R219",0.458452,0.145937,3.14143,0.001687
"coefficient","cod_mod_alt_23_25","data",NA,NA,"2026-02-18 21:45:55 UTC",NA,8441,0.750745,0.563618,0.555508,0.381976,1561.473151,1208.972276,2770.445426,154,8286,8440,10.139436,0.145905,69.493212,0,0.381976,7862.870561,8961.244107,0.378452,0.31667,"ecf_2R220",-0.324929,0.046929,-6.923787,0
"coefficient","cod_mod_alt_23_25","data",NA,NA,"2026-02-18 21:45:55 UTC",NA,8441,0.750745,0.563618,0.555508,0.381976,1561.473151,1208.972276,2770.445426,154,8286,8440,10.139436,0.145905,69.493212,0,0.381976,7862.870561,8961.244107,0.378452,0.31667,"ecf_2R221",-0.303424,0.038382,-7.905376,0
"coefficient","cod_mod_alt_23_25","data",NA,NA,"2026-02-18 21:45:55 UTC",NA,8441,0.750745,0.563618,0.555508,0.381976,1561.473151,1208.972276,2770.445426,154,8286,8440,10.139436,0.145905,69.493212,0,0.381976,7862.870561,8961.244107,0.378452,0.31667,"ecf_2R222",-0.584219,0.04434,-13.175764,0
"coefficient","cod_mod_alt_23_25","data",NA,NA,"2026-02-18 21:45:55 UTC",NA,8441,0.750745,0.563618,0.555508,0.381976,1561.473151,1208.972276,2770.445426,154,8286,8440,10.139436,0.145905,69.493212,0,0.381976,7862.870561,8961.244107,0.378452,0.31667,"ecf_2R223",-0.270362,0.053671,-5.037364,0
"coefficient","cod_mod_alt_23_25","data",NA,NA,"2026-02-18 21:45:55 UTC",NA,8441,0.750745,0.563618,0.555508,0.381976,1561.473151,1208.972276,2770.445426,154,8286,8440,10.139436,0.145905,69.493212,0,0.381976,7862.870561,8961.244107,0.378452,0.31667,"ecf_2R224",-0.644351,0.055575,-11.5943,0
"coefficient","cod_mod_alt_23_25","data",NA,NA,"2026-02-18 21:45:55 UTC",NA,8441,0.750745,0.563618,0.555508,0.381976,1561.473151,1208.972276,2770.445426,154,8286,8440,10.139436,0.145905,69.493212,0,0.381976,7862.870561,8961.244107,0.378452,0.31667,"ecf_2R225",-0.253336,0.045308,-5.591402,0
"coefficient","cod_mod_alt_23_25","data",NA,NA,"2026-02-18 21:45:55 UTC",NA,8441,0.750745,0.563618,0.555508,0.381976,1561.473151,1208.972276,2770.445426,154,8286,8440,10.139436,0.145905,69.493212,0,0.381976,7862.870561,8961.244107,0.378452,0.31667,"ecf_2R228",-0.913509,0.221834,-4.117979,3.9e-05
"coefficient","cod_mod_alt_23_25","data",NA,NA,"2026-02-18 21:45:55 UTC",NA,8441,0.750745,0.563618,0.555508,0.381976,1561.473151,1208.972276,2770.445426,154,8286,8440,10.139436,0.145905,69.493212,0,0.381976,7862.870561,8961.244107,0.378452,0.31667,"ecf_3R301",-0.906741,0.191933,-4.724255,2e-06
"coefficient","cod_mod_alt_23_25","data",NA,NA,"2026-02-18 21:45:55 UTC",NA,8441,0.750745,0.563618,0.555508,0.381976,1561.473151,1208.972276,2770.445426,154,8286,8440,10.139436,0.145905,69.493212,0,0.381976,7862.870561,8961.244107,0.378452,0.31667,"ecf_3R303",-0.657972,0.042319,-15.548065,0
"coefficient","cod_mod_alt_23_25","data",NA,NA,"2026-02-18 21:45:55 UTC",NA,8441,0.750745,0.563618,0.555508,0.381976,1561.473151,1208.972276,2770.445426,154,8286,8440,10.139436,0.145905,69.493212,0,0.381976,7862.870561,8961.244107,0.378452,0.31667,"ecf_3R304",-0.799852,0.116532,-6.863771,0
"coefficient","cod_mod_alt_23_25","data",NA,NA,"2026-02-18 21:45:55 UTC",NA,8441,0.750745,0.563618,0.555508,0.381976,1561.473151,1208.972276,2770.445426,154,8286,8440,10.139436,0.145905,69.493212,0,0.381976,7862.870561,8961.244107,0.378452,0.31667,"ecf_3R307",-0.526914,0.036869,-14.291467,0
"coefficient","cod_mod_alt_23_25","data",NA,NA,"2026-02-18 21:45:55 UTC",NA,8441,0.750745,0.563618,0.555508,0.381976,1561.473151,1208.972276,2770.445426,154,8286,8440,10.139436,0.145905,69.493212,0,0.381976,7862.870561,8961.244107,0.378452,0.31667,"ecf_3R308",-0.850252,0.111436,-7.629931,0
"coefficient","cod_mod_alt_23_25","data",NA,NA,"2026-02-18 21:45:55 UTC",NA,8441,0.750745,0.563618,0.555508,0.381976,1561.473151,1208.972276,2770.445426,154,8286,8440,10.139436,0.145905,69.493212,0,0.381976,7862.870561,8961.244107,0.378452,0.31667,"ecf_3R309",-0.766028,0.15691,-4.88197,1e-06
"coefficient","cod_mod_alt_23_25","data",NA,NA,"2026-02-18 21:45:55 UTC",NA,8441,0.750745,0.563618,0.555508,0.381976,1561.473151,1208.972276,2770.445426,154,8286,8440,10.139436,0.145905,69.493212,0,0.381976,7862.870561,8961.244107,0.378452,0.31667,"ecf_3R310",0.31448,0.060952,5.159435,0
"coefficient","cod_mod_alt_23_25","data",NA,NA,"2026-02-18 21:45:55 UTC",NA,8441,0.750745,0.563618,0.555508,0.381976,1561.473151,1208.972276,2770.445426,154,8286,8440,10.139436,0.145905,69.493212,0,0.381976,7862.870561,8961.244107,0.378452,0.31667,"ecf_3R311",-0.515919,0.103718,-4.974254,1e-06
"coefficient","cod_mod_alt_23_25","data",NA,NA,"2026-02-18 21:45:55 UTC",NA,8441,0.750745,0.563618,0.555508,0.381976,1561.473151,1208.972276,2770.445426,154,8286,8440,10.139436,0.145905,69.493212,0,0.381976,7862.870561,8961.244107,0.378452,0.31667,"ecf_3R312",-0.787419,0.055417,-14.209096,0
"coefficient","cod_mod_alt_23_25","data",NA,NA,"2026-02-18 21:45:55 UTC",NA,8441,0.750745,0.563618,0.555508,0.381976,1561.473151,1208.972276,2770.445426,154,8286,8440,10.139436,0.145905,69.493212,0,0.381976,7862.870561,8961.244107,0.378452,0.31667,"ecf_3R313",-0.59435,0.076697,-7.749342,0
"coefficient","cod_mod_alt_23_25","data",NA,NA,"2026-02-18 21:45:55 UTC",NA,8441,0.750745,0.563618,0.555508,0.381976,1561.473151,1208.972276,2770.445426,154,8286,8440,10.139436,0.145905,69.493212,0,0.381976,7862.870561,8961.244107,0.378452,0.31667,"ecf_3R314",-0.398839,0.063784,-6.252917,0
"coefficient","cod_mod_alt_23_25","data",NA,NA,"2026-02-18 21:45:55 UTC",NA,8441,0.750745,0.563618,0.555508,0.381976,1561.473151,1208.972276,2770.445426,154,8286,8440,10.139436,0.145905,69.493212,0,0.381976,7862.870561,8961.244107,0.378452,0.31667,"ecf_3R315",-0.377913,0.052305,-7.225235,0
"coefficient","cod_mod_alt_23_25","data",NA,NA,"2026-02-18 21:45:55 UTC",NA,8441,0.750745,0.563618,0.555508,0.381976,1561.473151,1208.972276,2770.445426,154,8286,8440,10.139436,0.145905,69.493212,0,0.381976,7862.870561,8961.244107,0.378452,0.31667,"ecf_3R316",-0.808764,0.086899,-9.306912,0
"coefficient","cod_mod_alt_23_25","data",NA,NA,"2026-02-18 21:45:55 UTC",NA,8441,0.750745,0.563618,0.555508,0.381976,1561.473151,1208.972276,2770.445426,154,8286,8440,10.139436,0.145905,69.493212,0,0.381976,7862.870561,8961.244107,0.378452,0.31667,"ecf_3R317",-0.999644,0.221324,-4.516646,6e-06
"coefficient","cod_mod_alt_23_25","data",NA,NA,"2026-02-18 21:45:55 UTC",NA,8441,0.750745,0.563618,0.555508,0.381976,1561.473151,1208.972276,2770.445426,154,8286,8440,10.139436,0.145905,69.493212,0,0.381976,7862.870561,8961.244107,0.378452,0.31667,"ecf_3R318",-0.393273,0.157084,-2.503586,0.012313
"coefficient","cod_mod_alt_23_25","data",NA,NA,"2026-02-18 21:45:55 UTC",NA,8441,0.750745,0.563618,0.555508,0.381976,1561.473151,1208.972276,2770.445426,154,8286,8440,10.139436,0.145905,69.493212,0,0.381976,7862.870561,8961.244107,0.378452,0.31667,"ecf_3R319",-0.677853,0.031055,-21.827778,0
"coefficient","cod_mod_alt_23_25","data",NA,NA,"2026-02-18 21:45:55 UTC",NA,8441,0.750745,0.563618,0.555508,0.381976,1561.473151,1208.972276,2770.445426,154,8286,8440,10.139436,0.145905,69.493212,0,0.381976,7862.870561,8961.244107,0.378452,0.31667,"ecf_3R320",-0.562987,0.037278,-15.102215,0
"coefficient","cod_mod_alt_23_25","data",NA,NA,"2026-02-18 21:45:55 UTC",NA,8441,0.750745,0.563618,0.555508,0.381976,1561.473151,1208.972276,2770.445426,154,8286,8440,10.139436,0.145905,69.493212,0,0.381976,7862.870561,8961.244107,0.378452,0.31667,"ecf_3R321",-1.033941,0.103276,-10.011403,0
"coefficient","cod_mod_alt_23_25","data",NA,NA,"2026-02-18 21:45:55 UTC",NA,8441,0.750745,0.563618,0.555508,0.381976,1561.473151,1208.972276,2770.445426,154,8286,8440,10.139436,0.145905,69.493212,0,0.381976,7862.870561,8961.244107,0.378452,0.31667,"ecf_3R322",-0.35631,0.044807,-7.952172,0
"coefficient","cod_mod_alt_23_25","data",NA,NA,"2026-02-18 21:45:55 UTC",NA,8441,0.750745,0.563618,0.555508,0.381976,1561.473151,1208.972276,2770.445426,154,8286,8440,10.139436,0.145905,69.493212,0,0.381976,7862.870561,8961.244107,0.378452,0.31667,"ecf_3R323",-0.489775,0.034894,-14.03621,0
"coefficient","cod_mod_alt_23_25","data",NA,NA,"2026-02-18 21:45:55 UTC",NA,8441,0.750745,0.563618,0.555508,0.381976,1561.473151,1208.972276,2770.445426,154,8286,8440,10.139436,0.145905,69.493212,0,0.381976,7862.870561,8961.244107,0.378452,0.31667,"ecf_3R324",-0.943313,0.096799,-9.745028,0
"coefficient","cod_mod_alt_23_25","data",NA,NA,"2026-02-18 21:45:55 UTC",NA,8441,0.750745,0.563618,0.555508,0.381976,1561.473151,1208.972276,2770.445426,154,8286,8440,10.139436,0.145905,69.493212,0,0.381976,7862.870561,8961.244107,0.378452,0.31667,"ecf_3R325",-0.594134,0.051604,-11.513429,0
"coefficient","cod_mod_alt_23_25","data",NA,NA,"2026-02-18 21:45:55 UTC",NA,8441,0.750745,0.563618,0.555508,0.381976,1561.473151,1208.972276,2770.445426,154,8286,8440,10.139436,0.145905,69.493212,0,0.381976,7862.870561,8961.244107,0.378452,0.31667,"ecf_3R326",-1.113732,0.145382,-7.660732,0
"coefficient","cod_mod_alt_23_25","data",NA,NA,"2026-02-18 21:45:55 UTC",NA,8441,0.750745,0.563618,0.555508,0.381976,1561.473151,1208.972276,2770.445426,154,8286,8440,10.139436,0.145905,69.493212,0,0.381976,7862.870561,8961.244107,0.378452,0.31667,"ecf_4R401",-0.737447,0.044503,-16.570831,0
"coefficient","cod_mod_alt_23_25","data",NA,NA,"2026-02-18 21:45:55 UTC",NA,8441,0.750745,0.563618,0.555508,0.381976,1561.473151,1208.972276,2770.445426,154,8286,8440,10.139436,0.145905,69.493212,0,0.381976,7862.870561,8961.244107,0.378452,0.31667,"ecf_4R402",-1.396319,0.087747,-15.912968,0
"coefficient","cod_mod_alt_23_25","data",NA,NA,"2026-02-18 21:45:55 UTC",NA,8441,0.750745,0.563618,0.555508,0.381976,1561.473151,1208.972276,2770.445426,154,8286,8440,10.139436,0.145905,69.493212,0,0.381976,7862.870561,8961.244107,0.378452,0.31667,"ecf_4R403",-0.562596,0.05154,-10.91582,0
"coefficient","cod_mod_alt_23_25","data",NA,NA,"2026-02-18 21:45:55 UTC",NA,8441,0.750745,0.563618,0.555508,0.381976,1561.473151,1208.972276,2770.445426,154,8286,8440,10.139436,0.145905,69.493212,0,0.381976,7862.870561,8961.244107,0.378452,0.31667,"ecf_4R404",-0.436333,0.052624,-8.291596,0
"coefficient","cod_mod_alt_23_25","data",NA,NA,"2026-02-18 21:45:55 UTC",NA,8441,0.750745,0.563618,0.555508,0.381976,1561.473151,1208.972276,2770.445426,154,8286,8440,10.139436,0.145905,69.493212,0,0.381976,7862.870561,8961.244107,0.378452,0.31667,"ecf_4R405",-0.459319,0.032825,-13.992847,0
"coefficient","cod_mod_alt_23_25","data",NA,NA,"2026-02-18 21:45:55 UTC",NA,8441,0.750745,0.563618,0.555508,0.381976,1561.473151,1208.972276,2770.445426,154,8286,8440,10.139436,0.145905,69.493212,0,0.381976,7862.870561,8961.244107,0.378452,0.31667,"ecf_4R406",-0.523384,0.031768,-16.475277,0
"coefficient","cod_mod_alt_23_25","data",NA,NA,"2026-02-18 21:45:55 UTC",NA,8441,0.750745,0.563618,0.555508,0.381976,1561.473151,1208.972276,2770.445426,154,8286,8440,10.139436,0.145905,69.493212,0,0.381976,7862.870561,8961.244107,0.378452,0.31667,"ecf_4R407",-0.622639,0.068018,-9.15404,0
"coefficient","cod_mod_alt_23_25","data",NA,NA,"2026-02-18 21:45:55 UTC",NA,8441,0.750745,0.563618,0.555508,0.381976,1561.473151,1208.972276,2770.445426,154,8286,8440,10.139436,0.145905,69.493212,0,0.381976,7862.870561,8961.244107,0.378452,0.31667,"ecf_4R408",-0.628645,0.037338,-16.836778,0
"coefficient","cod_mod_alt_23_25","data",NA,NA,"2026-02-18 21:45:55 UTC",NA,8441,0.750745,0.563618,0.555508,0.381976,1561.473151,1208.972276,2770.445426,154,8286,8440,10.139436,0.145905,69.493212,0,0.381976,7862.870561,8961.244107,0.378452,0.31667,"ecf_4R409",-0.504499,0.064687,-7.799038,0
"coefficient","cod_mod_alt_23_25","data",NA,NA,"2026-02-18 21:45:55 UTC",NA,8441,0.750745,0.563618,0.555508,0.381976,1561.473151,1208.972276,2770.445426,154,8286,8440,10.139436,0.145905,69.493212,0,0.381976,7862.870561,8961.244107,0.378452,0.31667,"ecf_4R410",-0.222232,0.030022,-7.402405,0
"coefficient","cod_mod_alt_23_25","data",NA,NA,"2026-02-18 21:45:55 UTC",NA,8441,0.750745,0.563618,0.555508,0.381976,1561.473151,1208.972276,2770.445426,154,8286,8440,10.139436,0.145905,69.493212,0,0.381976,7862.870561,8961.244107,0.378452,0.31667,"ecf_4R411",-0.698011,0.040013,-17.444578,0
"coefficient","cod_mod_alt_23_25","data",NA,NA,"2026-02-18 21:45:55 UTC",NA,8441,0.750745,0.563618,0.555508,0.381976,1561.473151,1208.972276,2770.445426,154,8286,8440,10.139436,0.145905,69.493212,0,0.381976,7862.870561,8961.244107,0.378452,0.31667,"ecf_4R412",-0.635912,0.089455,-7.108745,0
"coefficient","cod_mod_alt_23_25","data",NA,NA,"2026-02-18 21:45:55 UTC",NA,8441,0.750745,0.563618,0.555508,0.381976,1561.473151,1208.972276,2770.445426,154,8286,8440,10.139436,0.145905,69.493212,0,0.381976,7862.870561,8961.244107,0.378452,0.31667,"ecf_4R413",-0.40734,0.036807,-11.066792,0
"coefficient","cod_mod_alt_23_25","data",NA,NA,"2026-02-18 21:45:55 UTC",NA,8441,0.750745,0.563618,0.555508,0.381976,1561.473151,1208.972276,2770.445426,154,8286,8440,10.139436,0.145905,69.493212,0,0.381976,7862.870561,8961.244107,0.378452,0.31667,"ecf_4R416",-0.758379,0.191703,-3.956018,7.7e-05
"coefficient","cod_mod_alt_23_25","data",NA,NA,"2026-02-18 21:45:55 UTC",NA,8441,0.750745,0.563618,0.555508,0.381976,1561.473151,1208.972276,2770.445426,154,8286,8440,10.139436,0.145905,69.493212,0,0.381976,7862.870561,8961.244107,0.378452,0.31667,"ecf_4R417",-0.224322,0.035217,-6.369661,0
"coefficient","cod_mod_alt_23_25","data",NA,NA,"2026-02-18 21:45:55 UTC",NA,8441,0.750745,0.563618,0.555508,0.381976,1561.473151,1208.972276,2770.445426,154,8286,8440,10.139436,0.145905,69.493212,0,0.381976,7862.870561,8961.244107,0.378452,0.31667,"ecf_4R419",-1.010245,0.073431,-13.757655,0
"coefficient","cod_mod_alt_23_25","data",NA,NA,"2026-02-18 21:45:55 UTC",NA,8441,0.750745,0.563618,0.555508,0.381976,1561.473151,1208.972276,2770.445426,154,8286,8440,10.139436,0.145905,69.493212,0,0.381976,7862.870561,8961.244107,0.378452,0.31667,"ecf_4R421",-0.902425,0.078453,-11.50276,0
"coefficient","cod_mod_alt_23_25","data",NA,NA,"2026-02-18 21:45:55 UTC",NA,8441,0.750745,0.563618,0.555508,0.381976,1561.473151,1208.972276,2770.445426,154,8286,8440,10.139436,0.145905,69.493212,0,0.381976,7862.870561,8961.244107,0.378452,0.31667,"ecf_5R501",-0.820429,0.066255,-12.38296,0
"coefficient","cod_mod_alt_23_25","data",NA,NA,"2026-02-18 21:45:55 UTC",NA,8441,0.750745,0.563618,0.555508,0.381976,1561.473151,1208.972276,2770.445426,154,8286,8440,10.139436,0.145905,69.493212,0,0.381976,7862.870561,8961.244107,0.378452,0.31667,"ecf_5R502",-0.661078,0.071087,-9.299517,0
"coefficient","cod_mod_alt_23_25","data",NA,NA,"2026-02-18 21:45:55 UTC",NA,8441,0.750745,0.563618,0.555508,0.381976,1561.473151,1208.972276,2770.445426,154,8286,8440,10.139436,0.145905,69.493212,0,0.381976,7862.870561,8961.244107,0.378452,0.31667,"ecf_5R503",0.424981,0.194599,2.18388,0.028999
"coefficient","cod_mod_alt_23_25","data",NA,NA,"2026-02-18 21:45:55 UTC",NA,8441,0.750745,0.563618,0.555508,0.381976,1561.473151,1208.972276,2770.445426,154,8286,8440,10.139436,0.145905,69.493212,0,0.381976,7862.870561,8961.244107,0.378452,0.31667,"ecf_5R504",0.188902,0.083335,2.266778,0.023429
"coefficient","cod_mod_alt_23_25","data",NA,NA,"2026-02-18 21:45:55 UTC",NA,8441,0.750745,0.563618,0.555508,0.381976,1561.473151,1208.972276,2770.445426,154,8286,8440,10.139436,0.145905,69.493212,0,0.381976,7862.870561,8961.244107,0.378452,0.31667,"ecf_5R509",0.406244,0.222365,1.826921,0.067748
"coefficient","cod_mod_alt_23_25","data",NA,NA,"2026-02-18 21:45:55 UTC",NA,8441,0.750745,0.563618,0.555508,0.381976,1561.473151,1208.972276,2770.445426,154,8286,8440,10.139436,0.145905,69.493212,0,0.381976,7862.870561,8961.244107,0.378452,0.31667,"ecf_5R514",0.343157,0.122878,2.792659,0.00524
"coefficient","cod_mod_alt_23_25","data",NA,NA,"2026-02-18 21:45:55 UTC",NA,8441,0.750745,0.563618,0.555508,0.381976,1561.473151,1208.972276,2770.445426,154,8286,8440,10.139436,0.145905,69.493212,0,0.381976,7862.870561,8961.244107,0.378452,0.31667,"ecf_5R517",0.600029,0.272578,2.201315,0.027741
"coefficient","cod_mod_alt_23_25","data",NA,NA,"2026-02-18 21:45:55 UTC",NA,8441,0.750745,0.563618,0.555508,0.381976,1561.473151,1208.972276,2770.445426,154,8286,8440,10.139436,0.145905,69.493212,0,0.381976,7862.870561,8961.244107,0.378452,0.31667,"ecf_5R523",-0.770876,0.271295,-2.841463,0.004502
"coefficient","cod_mod_alt_23_25","data",NA,NA,"2026-02-18 21:45:55 UTC",NA,8441,0.750745,0.563618,0.555508,0.381976,1561.473151,1208.972276,2770.445426,154,8286,8440,10.139436,0.145905,69.493212,0,0.381976,7862.870561,8961.244107,0.378452,0.31667,"ecf_5R528",-0.633034,0.271143,-2.33469,0.019583
"coefficient","cod_mod_alt_23_25","data",NA,NA,"2026-02-18 21:45:55 UTC",NA,8441,0.750745,0.563618,0.555508,0.381976,1561.473151,1208.972276,2770.445426,154,8286,8440,10.139436,0.145905,69.493212,0,0.381976,7862.870561,8961.244107,0.378452,0.31667,"ecf_5R529",0.286193,0.17209,1.663044,0.096341
"coefficient","cod_mod_alt_23_25","data",NA,NA,"2026-02-18 21:45:55 UTC",NA,8441,0.750745,0.563618,0.555508,0.381976,1561.473151,1208.972276,2770.445426,154,8286,8440,10.139436,0.145905,69.493212,0,0.381976,7862.870561,8961.244107,0.378452,0.31667,"ecf_5R534",-0.185758,0.112015,-1.658327,0.097289
"coefficient","cod_mod_alt_23_25","data",NA,NA,"2026-02-18 21:45:55 UTC",NA,8441,0.750745,0.563618,0.555508,0.381976,1561.473151,1208.972276,2770.445426,154,8286,8440,10.139436,0.145905,69.493212,0,0.381976,7862.870561,8961.244107,0.378452,0.31667,"ecf_5R539",-0.429273,0.221747,-1.935869,0.052918
"coefficient","cod_mod_alt_23_25","data",NA,NA,"2026-02-18 21:45:55 UTC",NA,8441,0.750745,0.563618,0.555508,0.381976,1561.473151,1208.972276,2770.445426,154,8286,8440,10.139436,0.145905,69.493212,0,0.381976,7862.870561,8961.244107,0.378452,0.31667,"ecf_6R601",-1.244612,0.136355,-9.127762,0
"coefficient","cod_mod_alt_23_25","data",NA,NA,"2026-02-18 21:45:55 UTC",NA,8441,0.750745,0.563618,0.555508,0.381976,1561.473151,1208.972276,2770.445426,154,8286,8440,10.139436,0.145905,69.493212,0,0.381976,7862.870561,8961.244107,0.378452,0.31667,"ecf_6R602",-0.86523,0.136385,-6.344037,0
"coefficient","cod_mod_alt_23_25","data",NA,NA,"2026-02-18 21:45:55 UTC",NA,8441,0.750745,0.563618,0.555508,0.381976,1561.473151,1208.972276,2770.445426,154,8286,8440,10.139436,0.145905,69.493212,0,0.381976,7862.870561,8961.244107,0.378452,0.31667,"ecf_6R603",-1.139959,0.122407,-9.312871,0
"coefficient","cod_mod_alt_23_25","data",NA,NA,"2026-02-18 21:45:55 UTC",NA,8441,0.750745,0.563618,0.555508,0.381976,1561.473151,1208.972276,2770.445426,154,8286,8440,10.139436,0.145905,69.493212,0,0.381976,7862.870561,8961.244107,0.378452,0.31667,"ecf_6R604",-0.428902,0.082246,-5.214874,0
"coefficient","cod_mod_alt_23_25","data",NA,NA,"2026-02-18 21:45:55 UTC",NA,8441,0.750745,0.563618,0.555508,0.381976,1561.473151,1208.972276,2770.445426,154,8286,8440,10.139436,0.145905,69.493212,0,0.381976,7862.870561,8961.244107,0.378452,0.31667,"ecf_6R605",-0.235611,0.097282,-2.421936,0.015459
"coefficient","cod_mod_alt_23_25","data",NA,NA,"2026-02-18 21:45:55 UTC",NA,8441,0.750745,0.563618,0.555508,0.381976,1561.473151,1208.972276,2770.445426,154,8286,8440,10.139436,0.145905,69.493212,0,0.381976,7862.870561,8961.244107,0.378452,0.31667,"ecf_6R606",-0.518732,0.221692,-2.33988,0.019314
"coefficient","cod_mod_alt_23_25","data",NA,NA,"2026-02-18 21:45:55 UTC",NA,8441,0.750745,0.563618,0.555508,0.381976,1561.473151,1208.972276,2770.445426,154,8286,8440,10.139436,0.145905,69.493212,0,0.381976,7862.870561,8961.244107,0.378452,0.31667,"ecf_6R611",-0.256892,0.061301,-4.190677,2.8e-05
"coefficient","cod_mod_alt_23_25","data",NA,NA,"2026-02-18 21:45:55 UTC",NA,8441,0.750745,0.563618,0.555508,0.381976,1561.473151,1208.972276,2770.445426,154,8286,8440,10.139436,0.145905,69.493212,0,0.381976,7862.870561,8961.244107,0.378452,0.31667,"ecf_6R612",-0.309322,0.107738,-2.871055,0.004101
"coefficient","cod_mod_alt_23_25","data",NA,NA,"2026-02-18 21:45:55 UTC",NA,8441,0.750745,0.563618,0.555508,0.381976,1561.473151,1208.972276,2770.445426,154,8286,8440,10.139436,0.145905,69.493212,0,0.381976,7862.870561,8961.244107,0.378452,0.31667,"ecf_6R615",-0.347888,0.112106,-3.103216,0.001921
"coefficient","cod_mod_alt_23_25","data",NA,NA,"2026-02-18 21:45:55 UTC",NA,8441,0.750745,0.563618,0.555508,0.381976,1561.473151,1208.972276,2770.445426,154,8286,8440,10.139436,0.145905,69.493212,0,0.381976,7862.870561,8961.244107,0.378452,0.31667,"ecf_6R620",-0.731822,0.047648,-15.358867,0
"coefficient","cod_mod_alt_23_25","data",NA,NA,"2026-02-18 21:45:55 UTC",NA,8441,0.750745,0.563618,0.555508,0.381976,1561.473151,1208.972276,2770.445426,154,8286,8440,10.139436,0.145905,69.493212,0,0.381976,7862.870561,8961.244107,0.378452,0.31667,"ecf_7R701",0.102405,0.051735,1.979412,0.047803
"coefficient","cod_mod_alt_23_25","data",NA,NA,"2026-02-18 21:45:55 UTC",NA,8441,0.750745,0.563618,0.555508,0.381976,1561.473151,1208.972276,2770.445426,154,8286,8440,10.139436,0.145905,69.493212,0,0.381976,7862.870561,8961.244107,0.378452,0.31667,"ecf_7R703",-0.553057,0.074514,-7.422201,0
"coefficient","cod_mod_alt_23_25","data",NA,NA,"2026-02-18 21:45:55 UTC",NA,8441,0.750745,0.563618,0.555508,0.381976,1561.473151,1208.972276,2770.445426,154,8286,8440,10.139436,0.145905,69.493212,0,0.381976,7862.870561,8961.244107,0.378452,0.31667,"ecf_7R704",-0.415295,0.031075,-13.364466,0
"coefficient","cod_mod_alt_23_25","data",NA,NA,"2026-02-18 21:45:55 UTC",NA,8441,0.750745,0.563618,0.555508,0.381976,1561.473151,1208.972276,2770.445426,154,8286,8440,10.139436,0.145905,69.493212,0,0.381976,7862.870561,8961.244107,0.378452,0.31667,"ecf_7R705",-0.407802,0.023724,-17.189164,0
"coefficient","cod_mod_alt_23_25","data",NA,NA,"2026-02-18 21:45:55 UTC",NA,8441,0.750745,0.563618,0.555508,0.381976,1561.473151,1208.972276,2770.445426,154,8286,8440,10.139436,0.145905,69.493212,0,0.381976,7862.870561,8961.244107,0.378452,0.31667,"ecf_7R706",-0.541403,0.116453,-4.649111,3e-06
"coefficient","cod_mod_alt_23_25","data",NA,NA,"2026-02-18 21:45:55 UTC",NA,8441,0.750745,0.563618,0.555508,0.381976,1561.473151,1208.972276,2770.445426,154,8286,8440,10.139436,0.145905,69.493212,0,0.381976,7862.870561,8961.244107,0.378452,0.31667,"ecf_7R707",-0.734672,0.135987,-5.402527,0
"coefficient","cod_mod_alt_23_25","data",NA,NA,"2026-02-18 21:45:55 UTC",NA,8441,0.750745,0.563618,0.555508,0.381976,1561.473151,1208.972276,2770.445426,154,8286,8440,10.139436,0.145905,69.493212,0,0.381976,7862.870561,8961.244107,0.378452,0.31667,"ecf_7R708",-0.587645,0.050765,-11.575858,0
"coefficient","cod_mod_alt_23_25","data",NA,NA,"2026-02-18 21:45:55 UTC",NA,8441,0.750745,0.563618,0.555508,0.381976,1561.473151,1208.972276,2770.445426,154,8286,8440,10.139436,0.145905,69.493212,0,0.381976,7862.870561,8961.244107,0.378452,0.31667,"ecf_7R709",-0.466025,0.042134,-11.060654,0
"coefficient","cod_mod_alt_23_25","data",NA,NA,"2026-02-18 21:45:55 UTC",NA,8441,0.750745,0.563618,0.555508,0.381976,1561.473151,1208.972276,2770.445426,154,8286,8440,10.139436,0.145905,69.493212,0,0.381976,7862.870561,8961.244107,0.378452,0.31667,"ecf_7R710",-0.25618,0.045264,-5.659641,0
"coefficient","cod_mod_alt_23_25","data",NA,NA,"2026-02-18 21:45:55 UTC",NA,8441,0.750745,0.563618,0.555508,0.381976,1561.473151,1208.972276,2770.445426,154,8286,8440,10.139436,0.145905,69.493212,0,0.381976,7862.870561,8961.244107,0.378452,0.31667,"ecf_7R711",-0.594272,0.041274,-14.398148,0
"coefficient","cod_mod_alt_23_25","data",NA,NA,"2026-02-18 21:45:55 UTC",NA,8441,0.750745,0.563618,0.555508,0.381976,1561.473151,1208.972276,2770.445426,154,8286,8440,10.139436,0.145905,69.493212,0,0.381976,7862.870561,8961.244107,0.378452,0.31667,"ecf_7R712",-0.498348,0.097004,-5.137412,0
"coefficient","cod_mod_alt_23_25","data",NA,NA,"2026-02-18 21:45:55 UTC",NA,8441,0.750745,0.563618,0.555508,0.381976,1561.473151,1208.972276,2770.445426,154,8286,8440,10.139436,0.145905,69.493212,0,0.381976,7862.870561,8961.244107,0.378452,0.31667,"ecf_7R713",-0.430554,0.061801,-6.96676,0
"coefficient","cod_mod_alt_23_25","data",NA,NA,"2026-02-18 21:45:55 UTC",NA,8441,0.750745,0.563618,0.555508,0.381976,1561.473151,1208.972276,2770.445426,154,8286,8440,10.139436,0.145905,69.493212,0,0.381976,7862.870561,8961.244107,0.378452,0.31667,"ecf_7R715",-0.922057,0.271034,-3.401998,0.000672
"coefficient","cod_mod_alt_23_25","data",NA,NA,"2026-02-18 21:45:55 UTC",NA,8441,0.750745,0.563618,0.555508,0.381976,1561.473151,1208.972276,2770.445426,154,8286,8440,10.139436,0.145905,69.493212,0,0.381976,7862.870561,8961.244107,0.378452,0.31667,"ecf_7R716",-0.876113,0.103418,-8.471555,0
"coefficient","cod_mod_alt_23_25","data",NA,NA,"2026-02-18 21:45:55 UTC",NA,8441,0.750745,0.563618,0.555508,0.381976,1561.473151,1208.972276,2770.445426,154,8286,8440,10.139436,0.145905,69.493212,0,0.381976,7862.870561,8961.244107,0.378452,0.31667,"ecf_7R717",-1.1036,0.070995,-15.544656,0
"coefficient","cod_mod_alt_23_25","data",NA,NA,"2026-02-18 21:45:55 UTC",NA,8441,0.750745,0.563618,0.555508,0.381976,1561.473151,1208.972276,2770.445426,154,8286,8440,10.139436,0.145905,69.493212,0,0.381976,7862.870561,8961.244107,0.378452,0.31667,"ecf_7R718",-0.805799,0.057218,-14.083034,0
"coefficient","cod_mod_alt_23_25","data",NA,NA,"2026-02-18 21:45:55 UTC",NA,8441,0.750745,0.563618,0.555508,0.381976,1561.473151,1208.972276,2770.445426,154,8286,8440,10.139436,0.145905,69.493212,0,0.381976,7862.870561,8961.244107,0.378452,0.31667,"ecf_7R719",-0.36866,0.030684,-12.014795,0
"coefficient","cod_mod_alt_23_25","data",NA,NA,"2026-02-18 21:45:55 UTC",NA,8441,0.750745,0.563618,0.555508,0.381976,1561.473151,1208.972276,2770.445426,154,8286,8440,10.139436,0.145905,69.493212,0,0.381976,7862.870561,8961.244107,0.378452,0.31667,"ecf_7R720",-0.668658,0.270655,-2.470519,0.013512
"coefficient","cod_mod_alt_23_25","data",NA,NA,"2026-02-18 21:45:55 UTC",NA,8441,0.750745,0.563618,0.555508,0.381976,1561.473151,1208.972276,2770.445426,154,8286,8440,10.139436,0.145905,69.493212,0,0.381976,7862.870561,8961.244107,0.378452,0.31667,"ecf_7R721",-0.290083,0.128883,-2.250747,0.024428
"coefficient","cod_mod_alt_23_25","data",NA,NA,"2026-02-18 21:45:55 UTC",NA,8441,0.750745,0.563618,0.555508,0.381976,1561.473151,1208.972276,2770.445426,154,8286,8440,10.139436,0.145905,69.493212,0,0.381976,7862.870561,8961.244107,0.378452,0.31667,"ecf_7R722",-0.822397,0.221388,-3.714726,0.000205
"coefficient","cod_mod_alt_23_25","data",NA,NA,"2026-02-18 21:45:55 UTC",NA,8441,0.750745,0.563618,0.555508,0.381976,1561.473151,1208.972276,2770.445426,154,8286,8440,10.139436,0.145905,69.493212,0,0.381976,7862.870561,8961.244107,0.378452,0.31667,"ecf_7R723",-0.206927,0.060175,-3.438768,0.000587
"coefficient","cod_mod_alt_23_25","data",NA,NA,"2026-02-18 21:45:55 UTC",NA,8441,0.750745,0.563618,0.555508,0.381976,1561.473151,1208.972276,2770.445426,154,8286,8440,10.139436,0.145905,69.493212,0,0.381976,7862.870561,8961.244107,0.378452,0.31667,"ecf_7R724",-0.562511,0.122037,-4.60936,4e-06
