"record_type","model_name","data_name","model_class","formula","created_at","bundle_created_at","n","r","r_squared","adj_r_squared","see","ss_regression","ss_residual","ss_total","df_regression","df_residual","df_total","ms_regression","ms_residual","f","significance","aic","bic","rmse","mae","term","estimate","std_error","t_value","p_value","type","edf","ref_df"
"model","cod_nlmod_time_23_25","df","gam/glm/lm","ln_sppsf ~ arterial + single_family1story + half_duplex1story + half_duplex2story + smallest + small + large + largest + two_plus_baths + powder_room + good + fair + poor + very_poor_unsound + qabove_avg + qbelow_avg + s(sresb_yearbuilt, bs = ""cs"", k = 10) + crawl + slab + s(ln_garagespaces, bs = ""cs"", k = 4) + fireplace + hot_water + elec_baseboard + wall + central_air + s(months, bs = ""cs"", k = 10)","2026-02-18 21:55:36 UTC","2026-02-18 21:55:36 UTC",9309,0.370003,0.136902,0.133432,0.508127,379.67164,2393.63744,2773.309081,44,9270.723496,9308,8.628901,0.258193,33.420331,0,13857.166273,14151.818133,0.507081,0.409183,NA,NA,NA,NA,NA,NA,NA,NA
"model","cod_nlmod_ln_price_no_ecf_23_25","df","gam/glm/lm","ln_price ~ s(ln_landratio, bs = ""cs"", k = 10) + s(ln_base_bldgsize_ratio, bs = ""cs"", k = 10) + arterial + single_family1story + half_duplex1story + half_duplex2story + smallest + small + large + largest + two_plus_baths + powder_room + good + fair + poor + very_poor_unsound + qabove_avg + qbelow_avg + s(sresb_yearbuilt, bs = ""cs"", k = 10) + crawl + slab + s(ln_garagespaces, bs = ""cs"", k = 4) + fireplace + hot_water + elec_baseboard + wall + central_air + s(months, bs = ""cs"", k = 10)","2026-02-18 21:55:36 UTC","2026-02-18 21:55:36 UTC",9309,0.603563,0.364289,0.361152,0.503334,1344.673758,2346.55825,3691.232008,62,9262.304378,9308,21.688286,0.253345,85.607724,0,13689.53044,14045.869995,0.50207,0.404838,NA,NA,NA,NA,NA,NA,NA,NA
"model","cod_nlmod_base_23_25","df","gam/glm/lm","ln_price ~ s(ln_landratio, bs = ""cs"", k = 10) + s(ln_base_bldgsize_ratio, bs = ""cs"", k = 10) + arterial + single_family1story + half_duplex1story + half_duplex2story + smallest + small + large + largest + two_plus_baths + powder_room + good + fair + poor + very_poor_unsound + qabove_avg + qbelow_avg + s(sresb_yearbuilt, bs = ""cs"", k = 10) + crawl + slab + s(ln_garagespaces, bs = ""cs"", k = 4) + fireplace + hot_water + elec_baseboard + wall + central_air + s(months, bs = ""cs"", k = 10) + ecf","2026-02-18 21:55:36 UTC","2026-02-18 21:55:36 UTC",9309,0.714126,0.509976,0.49835,0.446024,1882.440408,1808.7916,3691.232008,243,9092.28459,9308,7.746668,0.198937,38.940314,0,11607.318715,13180.221237,0.440801,0.359995,NA,NA,NA,NA,NA,NA,NA,NA
"model","cod_nlmod_tasp_23_25","dfa","gam/glm/lm","ln_tasp_re ~ s(ln_landratio, bs = ""cs"", k = 10) + s(ln_base_bldgsize_ratio, bs = ""cs"", k = 10) + arterial + single_family1story + half_duplex1story + half_duplex2story + smallest + small + large + largest + two_plus_baths + powder_room + good + fair + poor + very_poor_unsound + qabove_avg + qbelow_avg + s(sresb_yearbuilt, bs = ""cs"", k = 10) + crawl + slab + s(ln_garagespaces, bs = ""cs"", k = 4) + fireplace + hot_water + elec_baseboard + wall + central_air + ecf + s(months, bs = ""cs"", k = 10)","2026-02-18 21:55:36 UTC","2026-02-18 21:55:36 UTC",8441,0.752021,0.565536,0.555149,0.38213,1566.786435,1203.658992,2770.445426,229,8242.941515,8440,6.841862,0.146023,46.854691,0,7915.745048,9331.145103,0.37762,0.315856,NA,NA,NA,NA,NA,NA,NA,NA
"model","cod_nlmod_alt_23_25","dfa","gam/glm/lm","ln_tasp_re ~ s(ln_landratio, bs = ""cs"", k = 10) + s(lnsbldsfint, bs = ""cs"", k = 10) + arterial + single_family1story + half_duplex1story + half_duplex2story + smallest + small + large + largest + two_plus_baths + powder_room + good + fair + poor + very_poor_unsound + qabove_avg + qbelow_avg + s(sresb_yearbuilt, bs = ""cs"", k = 10) + crawl + slab + garage + fireplace + hot_water + elec_baseboard + wall + central_air + ecf + s(months, bs = ""cs"", k = 10)","2026-02-18 21:55:36 UTC","2026-02-18 21:55:36 UTC",8441,0.752081,0.565626,0.555247,0.382088,1567.036982,1203.408445,2770.445426,226,8243.030298,8440,6.933792,0.145991,47.494645,0,7911.723658,9319.152848,0.377581,0.315808,NA,NA,NA,NA,NA,NA,NA,NA
"model","cod_nlmod_alt2_23_25","dfa","gam/glm/lm","ln_tasp_re ~ s(ln_landratio, bs = ""cs"", k = 10) + s(lnsbldsfint, bs = ""cs"", k = 10) + arterial + single_family1story + half_duplex1story + half_duplex2story + smallest + small + large + largest + two_plus_baths + powder_room + good + fair + poor + very_poor_unsound + qabove_avg + qbelow_avg + s(sresb_yearbuilt, bs = ""cs"", k = 10) + crawl + slab + garage + fireplace + hot_water + elec_baseboard + wall + central_air + ecf","2026-02-18 21:55:36 UTC","2026-02-18 21:55:36 UTC",8441,0.751959,0.565443,0.555105,0.382149,1566.528132,1203.917295,2770.445426,217,8243.885463,8440,7.219024,0.146038,49.432635,0,7912.455447,9309.898397,0.37766,0.315922,NA,NA,NA,NA,NA,NA,NA,NA
"coefficient","cod_nlmod_time_23_25","df",NA,NA,"2026-02-18 21:55:36 UTC",NA,9309,0.370003,0.136902,0.133432,0.508127,379.67164,2393.63744,2773.309081,44,9270.723496,9308,8.628901,0.258193,33.420331,0,13857.166273,14151.818133,0.507081,0.409183,"(Intercept)",4.134466,0.020015,206.565358,0,"parametric",NA,NA
"coefficient","cod_nlmod_time_23_25","df",NA,NA,"2026-02-18 21:55:36 UTC",NA,9309,0.370003,0.136902,0.133432,0.508127,379.67164,2393.63744,2773.309081,44,9270.723496,9308,8.628901,0.258193,33.420331,0,13857.166273,14151.818133,0.507081,0.409183,"arterial",-0.006069,0.020283,-0.299193,0.7648,"parametric",NA,NA
"coefficient","cod_nlmod_time_23_25","df",NA,NA,"2026-02-18 21:55:36 UTC",NA,9309,0.370003,0.136902,0.133432,0.508127,379.67164,2393.63744,2773.309081,44,9270.723496,9308,8.628901,0.258193,33.420331,0,13857.166273,14151.818133,0.507081,0.409183,"single_family1story",0.034345,0.016816,2.04245,0.041135,"parametric",NA,NA
"coefficient","cod_nlmod_time_23_25","df",NA,NA,"2026-02-18 21:55:36 UTC",NA,9309,0.370003,0.136902,0.133432,0.508127,379.67164,2393.63744,2773.309081,44,9270.723496,9308,8.628901,0.258193,33.420331,0,13857.166273,14151.818133,0.507081,0.409183,"half_duplex1story",-0.004311,0.07144,-0.060346,0.951881,"parametric",NA,NA
"coefficient","cod_nlmod_time_23_25","df",NA,NA,"2026-02-18 21:55:36 UTC",NA,9309,0.370003,0.136902,0.133432,0.508127,379.67164,2393.63744,2773.309081,44,9270.723496,9308,8.628901,0.258193,33.420331,0,13857.166273,14151.818133,0.507081,0.409183,"half_duplex2story",0.04972,0.091469,0.54357,0.586751,"parametric",NA,NA
"coefficient","cod_nlmod_time_23_25","df",NA,NA,"2026-02-18 21:55:36 UTC",NA,9309,0.370003,0.136902,0.133432,0.508127,379.67164,2393.63744,2773.309081,44,9270.723496,9308,8.628901,0.258193,33.420331,0,13857.166273,14151.818133,0.507081,0.409183,"smallest",0.142476,0.022177,6.424347,0,"parametric",NA,NA
"coefficient","cod_nlmod_time_23_25","df",NA,NA,"2026-02-18 21:55:36 UTC",NA,9309,0.370003,0.136902,0.133432,0.508127,379.67164,2393.63744,2773.309081,44,9270.723496,9308,8.628901,0.258193,33.420331,0,13857.166273,14151.818133,0.507081,0.409183,"small",0.05279,0.015372,3.434202,0.000597,"parametric",NA,NA
"coefficient","cod_nlmod_time_23_25","df",NA,NA,"2026-02-18 21:55:36 UTC",NA,9309,0.370003,0.136902,0.133432,0.508127,379.67164,2393.63744,2773.309081,44,9270.723496,9308,8.628901,0.258193,33.420331,0,13857.166273,14151.818133,0.507081,0.409183,"large",-0.007229,0.01742,-0.415001,0.678151,"parametric",NA,NA
"coefficient","cod_nlmod_time_23_25","df",NA,NA,"2026-02-18 21:55:36 UTC",NA,9309,0.370003,0.136902,0.133432,0.508127,379.67164,2393.63744,2773.309081,44,9270.723496,9308,8.628901,0.258193,33.420331,0,13857.166273,14151.818133,0.507081,0.409183,"largest",0.032693,0.031415,1.040684,0.298049,"parametric",NA,NA
"coefficient","cod_nlmod_time_23_25","df",NA,NA,"2026-02-18 21:55:36 UTC",NA,9309,0.370003,0.136902,0.133432,0.508127,379.67164,2393.63744,2773.309081,44,9270.723496,9308,8.628901,0.258193,33.420331,0,13857.166273,14151.818133,0.507081,0.409183,"two_plus_baths",0.075558,0.037678,2.005366,0.044953,"parametric",NA,NA
"coefficient","cod_nlmod_time_23_25","df",NA,NA,"2026-02-18 21:55:36 UTC",NA,9309,0.370003,0.136902,0.133432,0.508127,379.67164,2393.63744,2773.309081,44,9270.723496,9308,8.628901,0.258193,33.420331,0,13857.166273,14151.818133,0.507081,0.409183,"powder_room",0.022246,0.021762,1.022228,0.3067,"parametric",NA,NA
"coefficient","cod_nlmod_time_23_25","df",NA,NA,"2026-02-18 21:55:36 UTC",NA,9309,0.370003,0.136902,0.133432,0.508127,379.67164,2393.63744,2773.309081,44,9270.723496,9308,8.628901,0.258193,33.420331,0,13857.166273,14151.818133,0.507081,0.409183,"good",0.293349,0.040515,7.240587,0,"parametric",NA,NA
"coefficient","cod_nlmod_time_23_25","df",NA,NA,"2026-02-18 21:55:36 UTC",NA,9309,0.370003,0.136902,0.133432,0.508127,379.67164,2393.63744,2773.309081,44,9270.723496,9308,8.628901,0.258193,33.420331,0,13857.166273,14151.818133,0.507081,0.409183,"fair",-0.205903,0.01348,-15.274508,0,"parametric",NA,NA
"coefficient","cod_nlmod_time_23_25","df",NA,NA,"2026-02-18 21:55:36 UTC",NA,9309,0.370003,0.136902,0.133432,0.508127,379.67164,2393.63744,2773.309081,44,9270.723496,9308,8.628901,0.258193,33.420331,0,13857.166273,14151.818133,0.507081,0.409183,"poor",-0.333972,0.03255,-10.260242,0,"parametric",NA,NA
"coefficient","cod_nlmod_time_23_25","df",NA,NA,"2026-02-18 21:55:36 UTC",NA,9309,0.370003,0.136902,0.133432,0.508127,379.67164,2393.63744,2773.309081,44,9270.723496,9308,8.628901,0.258193,33.420331,0,13857.166273,14151.818133,0.507081,0.409183,"very_poor_unsound",-0.398024,0.078967,-5.040408,0,"parametric",NA,NA
"coefficient","cod_nlmod_time_23_25","df",NA,NA,"2026-02-18 21:55:36 UTC",NA,9309,0.370003,0.136902,0.133432,0.508127,379.67164,2393.63744,2773.309081,44,9270.723496,9308,8.628901,0.258193,33.420331,0,13857.166273,14151.818133,0.507081,0.409183,"qabove_avg",0.411335,0.038517,10.679437,0,"parametric",NA,NA
"coefficient","cod_nlmod_time_23_25","df",NA,NA,"2026-02-18 21:55:36 UTC",NA,9309,0.370003,0.136902,0.133432,0.508127,379.67164,2393.63744,2773.309081,44,9270.723496,9308,8.628901,0.258193,33.420331,0,13857.166273,14151.818133,0.507081,0.409183,"qbelow_avg",-0.036781,0.013836,-2.658273,0.007868,"parametric",NA,NA
"coefficient","cod_nlmod_time_23_25","df",NA,NA,"2026-02-18 21:55:36 UTC",NA,9309,0.370003,0.136902,0.133432,0.508127,379.67164,2393.63744,2773.309081,44,9270.723496,9308,8.628901,0.258193,33.420331,0,13857.166273,14151.818133,0.507081,0.409183,"crawl",-0.008166,0.042502,-0.192138,0.847638,"parametric",NA,NA
"coefficient","cod_nlmod_time_23_25","df",NA,NA,"2026-02-18 21:55:36 UTC",NA,9309,0.370003,0.136902,0.133432,0.508127,379.67164,2393.63744,2773.309081,44,9270.723496,9308,8.628901,0.258193,33.420331,0,13857.166273,14151.818133,0.507081,0.409183,"slab",-0.092907,0.051994,-1.786859,0.073993,"parametric",NA,NA
"coefficient","cod_nlmod_time_23_25","df",NA,NA,"2026-02-18 21:55:36 UTC",NA,9309,0.370003,0.136902,0.133432,0.508127,379.67164,2393.63744,2773.309081,44,9270.723496,9308,8.628901,0.258193,33.420331,0,13857.166273,14151.818133,0.507081,0.409183,"fireplace",0.117122,0.013595,8.615247,0,"parametric",NA,NA
"coefficient","cod_nlmod_time_23_25","df",NA,NA,"2026-02-18 21:55:36 UTC",NA,9309,0.370003,0.136902,0.133432,0.508127,379.67164,2393.63744,2773.309081,44,9270.723496,9308,8.628901,0.258193,33.420331,0,13857.166273,14151.818133,0.507081,0.409183,"hot_water",0.081007,0.021868,3.704341,0.000213,"parametric",NA,NA
"coefficient","cod_nlmod_time_23_25","df",NA,NA,"2026-02-18 21:55:36 UTC",NA,9309,0.370003,0.136902,0.133432,0.508127,379.67164,2393.63744,2773.309081,44,9270.723496,9308,8.628901,0.258193,33.420331,0,13857.166273,14151.818133,0.507081,0.409183,"elec_baseboard",-0.262698,0.230683,-1.138784,0.254823,"parametric",NA,NA
"coefficient","cod_nlmod_time_23_25","df",NA,NA,"2026-02-18 21:55:36 UTC",NA,9309,0.370003,0.136902,0.133432,0.508127,379.67164,2393.63744,2773.309081,44,9270.723496,9308,8.628901,0.258193,33.420331,0,13857.166273,14151.818133,0.507081,0.409183,"wall",-0.123553,0.085463,-1.445692,0.148297,"parametric",NA,NA
"coefficient","cod_nlmod_time_23_25","df",NA,NA,"2026-02-18 21:55:36 UTC",NA,9309,0.370003,0.136902,0.133432,0.508127,379.67164,2393.63744,2773.309081,44,9270.723496,9308,8.628901,0.258193,33.420331,0,13857.166273,14151.818133,0.507081,0.409183,"central_air",0.103028,0.013793,7.469424,0,"parametric",NA,NA
"coefficient","cod_nlmod_time_23_25","df",NA,NA,"2026-02-18 21:55:36 UTC",NA,9309,0.370003,0.136902,0.133432,0.508127,379.67164,2393.63744,2773.309081,44,9270.723496,9308,8.628901,0.258193,33.420331,0,13857.166273,14151.818133,0.507081,0.409183,"s(sresb_yearbuilt)",NA,NA,24.43823,0,"smooth",7.523612,9
"coefficient","cod_nlmod_time_23_25","df",NA,NA,"2026-02-18 21:55:36 UTC",NA,9309,0.370003,0.136902,0.133432,0.508127,379.67164,2393.63744,2773.309081,44,9270.723496,9308,8.628901,0.258193,33.420331,0,13857.166273,14151.818133,0.507081,0.409183,"s(ln_garagespaces)",NA,NA,0.984566,0.049581,"smooth",0.854384,3
"coefficient","cod_nlmod_time_23_25","df",NA,NA,"2026-02-18 21:55:36 UTC",NA,9309,0.370003,0.136902,0.133432,0.508127,379.67164,2393.63744,2773.309081,44,9270.723496,9308,8.628901,0.258193,33.420331,0,13857.166273,14151.818133,0.507081,0.409183,"s(months)",NA,NA,19.625099,0,"smooth",5.898508,9
"coefficient","cod_nlmod_ln_price_no_ecf_23_25","df",NA,NA,"2026-02-18 21:55:36 UTC",NA,9309,0.603563,0.364289,0.361152,0.503334,1344.673758,2346.55825,3691.232008,62,9262.304378,9308,21.688286,0.253345,85.607724,0,13689.53044,14045.869995,0.50207,0.404838,"(Intercept)",11.217955,0.022432,500.076655,0,"parametric",NA,NA
"coefficient","cod_nlmod_ln_price_no_ecf_23_25","df",NA,NA,"2026-02-18 21:55:36 UTC",NA,9309,0.603563,0.364289,0.361152,0.503334,1344.673758,2346.55825,3691.232008,62,9262.304378,9308,21.688286,0.253345,85.607724,0,13689.53044,14045.869995,0.50207,0.404838,"arterial",-0.002115,0.02013,-0.105076,0.916317,"parametric",NA,NA
"coefficient","cod_nlmod_ln_price_no_ecf_23_25","df",NA,NA,"2026-02-18 21:55:36 UTC",NA,9309,0.603563,0.364289,0.361152,0.503334,1344.673758,2346.55825,3691.232008,62,9262.304378,9308,21.688286,0.253345,85.607724,0,13689.53044,14045.869995,0.50207,0.404838,"single_family1story",0.020125,0.016808,1.197323,0.231211,"parametric",NA,NA
"coefficient","cod_nlmod_ln_price_no_ecf_23_25","df",NA,NA,"2026-02-18 21:55:36 UTC",NA,9309,0.603563,0.364289,0.361152,0.503334,1344.673758,2346.55825,3691.232008,62,9262.304378,9308,21.688286,0.253345,85.607724,0,13689.53044,14045.869995,0.50207,0.404838,"half_duplex1story",-0.191314,0.072876,-2.62519,0.008674,"parametric",NA,NA
"coefficient","cod_nlmod_ln_price_no_ecf_23_25","df",NA,NA,"2026-02-18 21:55:36 UTC",NA,9309,0.603563,0.364289,0.361152,0.503334,1344.673758,2346.55825,3691.232008,62,9262.304378,9308,21.688286,0.253345,85.607724,0,13689.53044,14045.869995,0.50207,0.404838,"half_duplex2story",-0.128911,0.091993,-1.401321,0.161151,"parametric",NA,NA
"coefficient","cod_nlmod_ln_price_no_ecf_23_25","df",NA,NA,"2026-02-18 21:55:36 UTC",NA,9309,0.603563,0.364289,0.361152,0.503334,1344.673758,2346.55825,3691.232008,62,9262.304378,9308,21.688286,0.253345,85.607724,0,13689.53044,14045.869995,0.50207,0.404838,"smallest",0.025686,0.049383,0.520149,0.602972,"parametric",NA,NA
"coefficient","cod_nlmod_ln_price_no_ecf_23_25","df",NA,NA,"2026-02-18 21:55:36 UTC",NA,9309,0.603563,0.364289,0.361152,0.503334,1344.673758,2346.55825,3691.232008,62,9262.304378,9308,21.688286,0.253345,85.607724,0,13689.53044,14045.869995,0.50207,0.404838,"small",-0.006091,0.024019,-0.253599,0.799811,"parametric",NA,NA
"coefficient","cod_nlmod_ln_price_no_ecf_23_25","df",NA,NA,"2026-02-18 21:55:36 UTC",NA,9309,0.603563,0.364289,0.361152,0.503334,1344.673758,2346.55825,3691.232008,62,9262.304378,9308,21.688286,0.253345,85.607724,0,13689.53044,14045.869995,0.50207,0.404838,"large",0.039913,0.026717,1.493911,0.135233,"parametric",NA,NA
"coefficient","cod_nlmod_ln_price_no_ecf_23_25","df",NA,NA,"2026-02-18 21:55:36 UTC",NA,9309,0.603563,0.364289,0.361152,0.503334,1344.673758,2346.55825,3691.232008,62,9262.304378,9308,21.688286,0.253345,85.607724,0,13689.53044,14045.869995,0.50207,0.404838,"largest",0.10361,0.046446,2.230767,0.02572,"parametric",NA,NA
"coefficient","cod_nlmod_ln_price_no_ecf_23_25","df",NA,NA,"2026-02-18 21:55:36 UTC",NA,9309,0.603563,0.364289,0.361152,0.503334,1344.673758,2346.55825,3691.232008,62,9262.304378,9308,21.688286,0.253345,85.607724,0,13689.53044,14045.869995,0.50207,0.404838,"two_plus_baths",0.136857,0.052565,2.603607,0.00924,"parametric",NA,NA
"coefficient","cod_nlmod_ln_price_no_ecf_23_25","df",NA,NA,"2026-02-18 21:55:36 UTC",NA,9309,0.603563,0.364289,0.361152,0.503334,1344.673758,2346.55825,3691.232008,62,9262.304378,9308,21.688286,0.253345,85.607724,0,13689.53044,14045.869995,0.50207,0.404838,"powder_room",0.040592,0.025194,1.611171,0.107177,"parametric",NA,NA
"coefficient","cod_nlmod_ln_price_no_ecf_23_25","df",NA,NA,"2026-02-18 21:55:36 UTC",NA,9309,0.603563,0.364289,0.361152,0.503334,1344.673758,2346.55825,3691.232008,62,9262.304378,9308,21.688286,0.253345,85.607724,0,13689.53044,14045.869995,0.50207,0.404838,"good",0.297962,0.040161,7.419117,0,"parametric",NA,NA
"coefficient","cod_nlmod_ln_price_no_ecf_23_25","df",NA,NA,"2026-02-18 21:55:36 UTC",NA,9309,0.603563,0.364289,0.361152,0.503334,1344.673758,2346.55825,3691.232008,62,9262.304378,9308,21.688286,0.253345,85.607724,0,13689.53044,14045.869995,0.50207,0.404838,"fair",-0.199883,0.013373,-14.946196,0,"parametric",NA,NA
"coefficient","cod_nlmod_ln_price_no_ecf_23_25","df",NA,NA,"2026-02-18 21:55:36 UTC",NA,9309,0.603563,0.364289,0.361152,0.503334,1344.673758,2346.55825,3691.232008,62,9262.304378,9308,21.688286,0.253345,85.607724,0,13689.53044,14045.869995,0.50207,0.404838,"poor",-0.322817,0.032282,-9.999843,0,"parametric",NA,NA
"coefficient","cod_nlmod_ln_price_no_ecf_23_25","df",NA,NA,"2026-02-18 21:55:36 UTC",NA,9309,0.603563,0.364289,0.361152,0.503334,1344.673758,2346.55825,3691.232008,62,9262.304378,9308,21.688286,0.253345,85.607724,0,13689.53044,14045.869995,0.50207,0.404838,"very_poor_unsound",-0.382531,0.078277,-4.886886,1e-06,"parametric",NA,NA
"coefficient","cod_nlmod_ln_price_no_ecf_23_25","df",NA,NA,"2026-02-18 21:55:36 UTC",NA,9309,0.603563,0.364289,0.361152,0.503334,1344.673758,2346.55825,3691.232008,62,9262.304378,9308,21.688286,0.253345,85.607724,0,13689.53044,14045.869995,0.50207,0.404838,"qabove_avg",0.405072,0.039942,10.141501,0,"parametric",NA,NA
"coefficient","cod_nlmod_ln_price_no_ecf_23_25","df",NA,NA,"2026-02-18 21:55:36 UTC",NA,9309,0.603563,0.364289,0.361152,0.503334,1344.673758,2346.55825,3691.232008,62,9262.304378,9308,21.688286,0.253345,85.607724,0,13689.53044,14045.869995,0.50207,0.404838,"qbelow_avg",-0.045767,0.013846,-3.305418,0.000952,"parametric",NA,NA
"coefficient","cod_nlmod_ln_price_no_ecf_23_25","df",NA,NA,"2026-02-18 21:55:36 UTC",NA,9309,0.603563,0.364289,0.361152,0.503334,1344.673758,2346.55825,3691.232008,62,9262.304378,9308,21.688286,0.253345,85.607724,0,13689.53044,14045.869995,0.50207,0.404838,"crawl",-0.022075,0.042412,-0.520497,0.60273,"parametric",NA,NA
"coefficient","cod_nlmod_ln_price_no_ecf_23_25","df",NA,NA,"2026-02-18 21:55:36 UTC",NA,9309,0.603563,0.364289,0.361152,0.503334,1344.673758,2346.55825,3691.232008,62,9262.304378,9308,21.688286,0.253345,85.607724,0,13689.53044,14045.869995,0.50207,0.404838,"slab",-0.11529,0.051805,-2.225464,0.026074,"parametric",NA,NA
"coefficient","cod_nlmod_ln_price_no_ecf_23_25","df",NA,NA,"2026-02-18 21:55:36 UTC",NA,9309,0.603563,0.364289,0.361152,0.503334,1344.673758,2346.55825,3691.232008,62,9262.304378,9308,21.688286,0.253345,85.607724,0,13689.53044,14045.869995,0.50207,0.404838,"fireplace",0.118112,0.013752,8.588955,0,"parametric",NA,NA
"coefficient","cod_nlmod_ln_price_no_ecf_23_25","df",NA,NA,"2026-02-18 21:55:36 UTC",NA,9309,0.603563,0.364289,0.361152,0.503334,1344.673758,2346.55825,3691.232008,62,9262.304378,9308,21.688286,0.253345,85.607724,0,13689.53044,14045.869995,0.50207,0.404838,"hot_water",0.082522,0.021751,3.793868,0.000149,"parametric",NA,NA
"coefficient","cod_nlmod_ln_price_no_ecf_23_25","df",NA,NA,"2026-02-18 21:55:36 UTC",NA,9309,0.603563,0.364289,0.361152,0.503334,1344.673758,2346.55825,3691.232008,62,9262.304378,9308,21.688286,0.253345,85.607724,0,13689.53044,14045.869995,0.50207,0.404838,"elec_baseboard",-0.230779,0.229298,-1.006458,0.314221,"parametric",NA,NA
"coefficient","cod_nlmod_ln_price_no_ecf_23_25","df",NA,NA,"2026-02-18 21:55:36 UTC",NA,9309,0.603563,0.364289,0.361152,0.503334,1344.673758,2346.55825,3691.232008,62,9262.304378,9308,21.688286,0.253345,85.607724,0,13689.53044,14045.869995,0.50207,0.404838,"wall",-0.135269,0.085005,-1.591302,0.111576,"parametric",NA,NA
"coefficient","cod_nlmod_ln_price_no_ecf_23_25","df",NA,NA,"2026-02-18 21:55:36 UTC",NA,9309,0.603563,0.364289,0.361152,0.503334,1344.673758,2346.55825,3691.232008,62,9262.304378,9308,21.688286,0.253345,85.607724,0,13689.53044,14045.869995,0.50207,0.404838,"central_air",0.101795,0.013664,7.449655,0,"parametric",NA,NA
"coefficient","cod_nlmod_ln_price_no_ecf_23_25","df",NA,NA,"2026-02-18 21:55:36 UTC",NA,9309,0.603563,0.364289,0.361152,0.503334,1344.673758,2346.55825,3691.232008,62,9262.304378,9308,21.688286,0.253345,85.607724,0,13689.53044,14045.869995,0.50207,0.404838,"s(ln_landratio)",NA,NA,19.263901,0,"smooth",6.318444,9
"coefficient","cod_nlmod_ln_price_no_ecf_23_25","df",NA,NA,"2026-02-18 21:55:36 UTC",NA,9309,0.603563,0.364289,0.361152,0.503334,1344.673758,2346.55825,3691.232008,62,9262.304378,9308,21.688286,0.253345,85.607724,0,13689.53044,14045.869995,0.50207,0.404838,"s(ln_base_bldgsize_ratio)",NA,NA,8.482951,0,"smooth",2.93441,9
"coefficient","cod_nlmod_ln_price_no_ecf_23_25","df",NA,NA,"2026-02-18 21:55:36 UTC",NA,9309,0.603563,0.364289,0.361152,0.503334,1344.673758,2346.55825,3691.232008,62,9262.304378,9308,21.688286,0.253345,85.607724,0,13689.53044,14045.869995,0.50207,0.404838,"s(sresb_yearbuilt)",NA,NA,17.783299,0,"smooth",7.756367,9
"coefficient","cod_nlmod_ln_price_no_ecf_23_25","df",NA,NA,"2026-02-18 21:55:36 UTC",NA,9309,0.603563,0.364289,0.361152,0.503334,1344.673758,2346.55825,3691.232008,62,9262.304378,9308,21.688286,0.253345,85.607724,0,13689.53044,14045.869995,0.50207,0.404838,"s(ln_garagespaces)",NA,NA,0.000123,0.738473,"smooth",0.00228,3
"coefficient","cod_nlmod_ln_price_no_ecf_23_25","df",NA,NA,"2026-02-18 21:55:36 UTC",NA,9309,0.603563,0.364289,0.361152,0.503334,1344.673758,2346.55825,3691.232008,62,9262.304378,9308,21.688286,0.253345,85.607724,0,13689.53044,14045.869995,0.50207,0.404838,"s(months)",NA,NA,20.607853,0,"smooth",5.68412,9
"coefficient","cod_nlmod_base_23_25","df",NA,NA,"2026-02-18 21:55:36 UTC",NA,9309,0.714126,0.509976,0.49835,0.446024,1882.440408,1808.7916,3691.232008,243,9092.28459,9308,7.746668,0.198937,38.940314,0,11607.318715,13180.221237,0.440801,0.359995,"(Intercept)",11.509367,0.099509,115.66202,0,"parametric",NA,NA
"coefficient","cod_nlmod_base_23_25","df",NA,NA,"2026-02-18 21:55:36 UTC",NA,9309,0.714126,0.509976,0.49835,0.446024,1882.440408,1808.7916,3691.232008,243,9092.28459,9308,7.746668,0.198937,38.940314,0,11607.318715,13180.221237,0.440801,0.359995,"arterial",0.01318,0.018796,0.701207,0.483192,"parametric",NA,NA
"coefficient","cod_nlmod_base_23_25","df",NA,NA,"2026-02-18 21:55:36 UTC",NA,9309,0.714126,0.509976,0.49835,0.446024,1882.440408,1808.7916,3691.232008,243,9092.28459,9308,7.746668,0.198937,38.940314,0,11607.318715,13180.221237,0.440801,0.359995,"single_family1story",0.01392,0.015122,0.920563,0.357303,"parametric",NA,NA
"coefficient","cod_nlmod_base_23_25","df",NA,NA,"2026-02-18 21:55:36 UTC",NA,9309,0.714126,0.509976,0.49835,0.446024,1882.440408,1808.7916,3691.232008,243,9092.28459,9308,7.746668,0.198937,38.940314,0,11607.318715,13180.221237,0.440801,0.359995,"half_duplex1story",-0.232379,0.066112,-3.514936,0.000442,"parametric",NA,NA
"coefficient","cod_nlmod_base_23_25","df",NA,NA,"2026-02-18 21:55:36 UTC",NA,9309,0.714126,0.509976,0.49835,0.446024,1882.440408,1808.7916,3691.232008,243,9092.28459,9308,7.746668,0.198937,38.940314,0,11607.318715,13180.221237,0.440801,0.359995,"half_duplex2story",-0.10475,0.084982,-1.232618,0.21775,"parametric",NA,NA
"coefficient","cod_nlmod_base_23_25","df",NA,NA,"2026-02-18 21:55:36 UTC",NA,9309,0.714126,0.509976,0.49835,0.446024,1882.440408,1808.7916,3691.232008,243,9092.28459,9308,7.746668,0.198937,38.940314,0,11607.318715,13180.221237,0.440801,0.359995,"smallest",-0.029259,0.042379,-0.690403,0.489958,"parametric",NA,NA
"coefficient","cod_nlmod_base_23_25","df",NA,NA,"2026-02-18 21:55:36 UTC",NA,9309,0.714126,0.509976,0.49835,0.446024,1882.440408,1808.7916,3691.232008,243,9092.28459,9308,7.746668,0.198937,38.940314,0,11607.318715,13180.221237,0.440801,0.359995,"small",-0.016979,0.020942,-0.810731,0.417541,"parametric",NA,NA
"coefficient","cod_nlmod_base_23_25","df",NA,NA,"2026-02-18 21:55:36 UTC",NA,9309,0.714126,0.509976,0.49835,0.446024,1882.440408,1808.7916,3691.232008,243,9092.28459,9308,7.746668,0.198937,38.940314,0,11607.318715,13180.221237,0.440801,0.359995,"large",0.028419,0.022919,1.23999,0.215011,"parametric",NA,NA
"coefficient","cod_nlmod_base_23_25","df",NA,NA,"2026-02-18 21:55:36 UTC",NA,9309,0.714126,0.509976,0.49835,0.446024,1882.440408,1808.7916,3691.232008,243,9092.28459,9308,7.746668,0.198937,38.940314,0,11607.318715,13180.221237,0.440801,0.359995,"largest",0.089172,0.040222,2.216972,0.02665,"parametric",NA,NA
"coefficient","cod_nlmod_base_23_25","df",NA,NA,"2026-02-18 21:55:36 UTC",NA,9309,0.714126,0.509976,0.49835,0.446024,1882.440408,1808.7916,3691.232008,243,9092.28459,9308,7.746668,0.198937,38.940314,0,11607.318715,13180.221237,0.440801,0.359995,"two_plus_baths",0.105432,0.046533,2.265762,0.023489,"parametric",NA,NA
"coefficient","cod_nlmod_base_23_25","df",NA,NA,"2026-02-18 21:55:36 UTC",NA,9309,0.714126,0.509976,0.49835,0.446024,1882.440408,1808.7916,3691.232008,243,9092.28459,9308,7.746668,0.198937,38.940314,0,11607.318715,13180.221237,0.440801,0.359995,"powder_room",0.025385,0.022315,1.137568,0.255331,"parametric",NA,NA
"coefficient","cod_nlmod_base_23_25","df",NA,NA,"2026-02-18 21:55:36 UTC",NA,9309,0.714126,0.509976,0.49835,0.446024,1882.440408,1808.7916,3691.232008,243,9092.28459,9308,7.746668,0.198937,38.940314,0,11607.318715,13180.221237,0.440801,0.359995,"good",0.229963,0.036497,6.300942,0,"parametric",NA,NA
"coefficient","cod_nlmod_base_23_25","df",NA,NA,"2026-02-18 21:55:36 UTC",NA,9309,0.714126,0.509976,0.49835,0.446024,1882.440408,1808.7916,3691.232008,243,9092.28459,9308,7.746668,0.198937,38.940314,0,11607.318715,13180.221237,0.440801,0.359995,"fair",-0.166623,0.012158,-13.705072,0,"parametric",NA,NA
"coefficient","cod_nlmod_base_23_25","df",NA,NA,"2026-02-18 21:55:36 UTC",NA,9309,0.714126,0.509976,0.49835,0.446024,1882.440408,1808.7916,3691.232008,243,9092.28459,9308,7.746668,0.198937,38.940314,0,11607.318715,13180.221237,0.440801,0.359995,"poor",-0.271951,0.029207,-9.311243,0,"parametric",NA,NA
"coefficient","cod_nlmod_base_23_25","df",NA,NA,"2026-02-18 21:55:36 UTC",NA,9309,0.714126,0.509976,0.49835,0.446024,1882.440408,1808.7916,3691.232008,243,9092.28459,9308,7.746668,0.198937,38.940314,0,11607.318715,13180.221237,0.440801,0.359995,"very_poor_unsound",-0.234694,0.070397,-3.33387,0.00086,"parametric",NA,NA
"coefficient","cod_nlmod_base_23_25","df",NA,NA,"2026-02-18 21:55:36 UTC",NA,9309,0.714126,0.509976,0.49835,0.446024,1882.440408,1808.7916,3691.232008,243,9092.28459,9308,7.746668,0.198937,38.940314,0,11607.318715,13180.221237,0.440801,0.359995,"qabove_avg",0.185036,0.042274,4.377049,1.2e-05,"parametric",NA,NA
"coefficient","cod_nlmod_base_23_25","df",NA,NA,"2026-02-18 21:55:36 UTC",NA,9309,0.714126,0.509976,0.49835,0.446024,1882.440408,1808.7916,3691.232008,243,9092.28459,9308,7.746668,0.198937,38.940314,0,11607.318715,13180.221237,0.440801,0.359995,"qbelow_avg",-0.072967,0.013762,-5.301908,0,"parametric",NA,NA
"coefficient","cod_nlmod_base_23_25","df",NA,NA,"2026-02-18 21:55:36 UTC",NA,9309,0.714126,0.509976,0.49835,0.446024,1882.440408,1808.7916,3691.232008,243,9092.28459,9308,7.746668,0.198937,38.940314,0,11607.318715,13180.221237,0.440801,0.359995,"crawl",-0.055479,0.039685,-1.397991,0.16215,"parametric",NA,NA
"coefficient","cod_nlmod_base_23_25","df",NA,NA,"2026-02-18 21:55:36 UTC",NA,9309,0.714126,0.509976,0.49835,0.446024,1882.440408,1808.7916,3691.232008,243,9092.28459,9308,7.746668,0.198937,38.940314,0,11607.318715,13180.221237,0.440801,0.359995,"slab",-0.164969,0.046984,-3.511203,0.000448,"parametric",NA,NA
"coefficient","cod_nlmod_base_23_25","df",NA,NA,"2026-02-18 21:55:36 UTC",NA,9309,0.714126,0.509976,0.49835,0.446024,1882.440408,1808.7916,3691.232008,243,9092.28459,9308,7.746668,0.198937,38.940314,0,11607.318715,13180.221237,0.440801,0.359995,"fireplace",0.06836,0.012636,5.409847,0,"parametric",NA,NA
"coefficient","cod_nlmod_base_23_25","df",NA,NA,"2026-02-18 21:55:36 UTC",NA,9309,0.714126,0.509976,0.49835,0.446024,1882.440408,1808.7916,3691.232008,243,9092.28459,9308,7.746668,0.198937,38.940314,0,11607.318715,13180.221237,0.440801,0.359995,"hot_water",0.051131,0.019199,2.663216,0.007753,"parametric",NA,NA
"coefficient","cod_nlmod_base_23_25","df",NA,NA,"2026-02-18 21:55:36 UTC",NA,9309,0.714126,0.509976,0.49835,0.446024,1882.440408,1808.7916,3691.232008,243,9092.28459,9308,7.746668,0.198937,38.940314,0,11607.318715,13180.221237,0.440801,0.359995,"elec_baseboard",-0.11628,0.203992,-0.570024,0.568675,"parametric",NA,NA
"coefficient","cod_nlmod_base_23_25","df",NA,NA,"2026-02-18 21:55:36 UTC",NA,9309,0.714126,0.509976,0.49835,0.446024,1882.440408,1808.7916,3691.232008,243,9092.28459,9308,7.746668,0.198937,38.940314,0,11607.318715,13180.221237,0.440801,0.359995,"wall",-0.16828,0.079302,-2.122018,0.033863,"parametric",NA,NA
"coefficient","cod_nlmod_base_23_25","df",NA,NA,"2026-02-18 21:55:36 UTC",NA,9309,0.714126,0.509976,0.49835,0.446024,1882.440408,1808.7916,3691.232008,243,9092.28459,9308,7.746668,0.198937,38.940314,0,11607.318715,13180.221237,0.440801,0.359995,"central_air",0.06935,0.012326,5.626504,0,"parametric",NA,NA
"coefficient","cod_nlmod_base_23_25","df",NA,NA,"2026-02-18 21:55:36 UTC",NA,9309,0.714126,0.509976,0.49835,0.446024,1882.440408,1808.7916,3691.232008,243,9092.28459,9308,7.746668,0.198937,38.940314,0,11607.318715,13180.221237,0.440801,0.359995,"ecf1R102",-0.209963,0.129117,-1.626148,0.103953,"parametric",NA,NA
"coefficient","cod_nlmod_base_23_25","df",NA,NA,"2026-02-18 21:55:36 UTC",NA,9309,0.714126,0.509976,0.49835,0.446024,1882.440408,1808.7916,3691.232008,243,9092.28459,9308,7.746668,0.198937,38.940314,0,11607.318715,13180.221237,0.440801,0.359995,"ecf1R103",0.087097,0.113835,0.765113,0.444224,"parametric",NA,NA
"coefficient","cod_nlmod_base_23_25","df",NA,NA,"2026-02-18 21:55:36 UTC",NA,9309,0.714126,0.509976,0.49835,0.446024,1882.440408,1808.7916,3691.232008,243,9092.28459,9308,7.746668,0.198937,38.940314,0,11607.318715,13180.221237,0.440801,0.359995,"ecf1R104",-0.001493,0.103963,-0.014362,0.988541,"parametric",NA,NA
"coefficient","cod_nlmod_base_23_25","df",NA,NA,"2026-02-18 21:55:36 UTC",NA,9309,0.714126,0.509976,0.49835,0.446024,1882.440408,1808.7916,3691.232008,243,9092.28459,9308,7.746668,0.198937,38.940314,0,11607.318715,13180.221237,0.440801,0.359995,"ecf1R105",-0.238344,0.107426,-2.218669,0.026534,"parametric",NA,NA
"coefficient","cod_nlmod_base_23_25","df",NA,NA,"2026-02-18 21:55:36 UTC",NA,9309,0.714126,0.509976,0.49835,0.446024,1882.440408,1808.7916,3691.232008,243,9092.28459,9308,7.746668,0.198937,38.940314,0,11607.318715,13180.221237,0.440801,0.359995,"ecf1R106",-0.222009,0.114792,-1.934012,0.053143,"parametric",NA,NA
"coefficient","cod_nlmod_base_23_25","df",NA,NA,"2026-02-18 21:55:36 UTC",NA,9309,0.714126,0.509976,0.49835,0.446024,1882.440408,1808.7916,3691.232008,243,9092.28459,9308,7.746668,0.198937,38.940314,0,11607.318715,13180.221237,0.440801,0.359995,"ecf1R107",-0.118593,0.154658,-0.766805,0.443218,"parametric",NA,NA
"coefficient","cod_nlmod_base_23_25","df",NA,NA,"2026-02-18 21:55:36 UTC",NA,9309,0.714126,0.509976,0.49835,0.446024,1882.440408,1808.7916,3691.232008,243,9092.28459,9308,7.746668,0.198937,38.940314,0,11607.318715,13180.221237,0.440801,0.359995,"ecf1R108",-0.322886,0.107981,-2.990212,0.002795,"parametric",NA,NA
"coefficient","cod_nlmod_base_23_25","df",NA,NA,"2026-02-18 21:55:36 UTC",NA,9309,0.714126,0.509976,0.49835,0.446024,1882.440408,1808.7916,3691.232008,243,9092.28459,9308,7.746668,0.198937,38.940314,0,11607.318715,13180.221237,0.440801,0.359995,"ecf1R109",-0.07768,0.103868,-0.747877,0.454554,"parametric",NA,NA
"coefficient","cod_nlmod_base_23_25","df",NA,NA,"2026-02-18 21:55:36 UTC",NA,9309,0.714126,0.509976,0.49835,0.446024,1882.440408,1808.7916,3691.232008,243,9092.28459,9308,7.746668,0.198937,38.940314,0,11607.318715,13180.221237,0.440801,0.359995,"ecf1R110",-0.076414,0.114181,-0.669237,0.503361,"parametric",NA,NA
"coefficient","cod_nlmod_base_23_25","df",NA,NA,"2026-02-18 21:55:36 UTC",NA,9309,0.714126,0.509976,0.49835,0.446024,1882.440408,1808.7916,3691.232008,243,9092.28459,9308,7.746668,0.198937,38.940314,0,11607.318715,13180.221237,0.440801,0.359995,"ecf1R111",-0.167659,0.178127,-0.941229,0.346612,"parametric",NA,NA
"coefficient","cod_nlmod_base_23_25","df",NA,NA,"2026-02-18 21:55:36 UTC",NA,9309,0.714126,0.509976,0.49835,0.446024,1882.440408,1808.7916,3691.232008,243,9092.28459,9308,7.746668,0.198937,38.940314,0,11607.318715,13180.221237,0.440801,0.359995,"ecf1R112",-0.033154,0.125726,-0.263697,0.79202,"parametric",NA,NA
"coefficient","cod_nlmod_base_23_25","df",NA,NA,"2026-02-18 21:55:36 UTC",NA,9309,0.714126,0.509976,0.49835,0.446024,1882.440408,1808.7916,3691.232008,243,9092.28459,9308,7.746668,0.198937,38.940314,0,11607.318715,13180.221237,0.440801,0.359995,"ecf1R113",-0.552172,0.125597,-4.396395,1.1e-05,"parametric",NA,NA
"coefficient","cod_nlmod_base_23_25","df",NA,NA,"2026-02-18 21:55:36 UTC",NA,9309,0.714126,0.509976,0.49835,0.446024,1882.440408,1808.7916,3691.232008,243,9092.28459,9308,7.746668,0.198937,38.940314,0,11607.318715,13180.221237,0.440801,0.359995,"ecf1R114",-0.25595,0.117233,-2.183256,0.029042,"parametric",NA,NA
"coefficient","cod_nlmod_base_23_25","df",NA,NA,"2026-02-18 21:55:36 UTC",NA,9309,0.714126,0.509976,0.49835,0.446024,1882.440408,1808.7916,3691.232008,243,9092.28459,9308,7.746668,0.198937,38.940314,0,11607.318715,13180.221237,0.440801,0.359995,"ecf1R115",0.127415,0.124386,1.024353,0.305696,"parametric",NA,NA
"coefficient","cod_nlmod_base_23_25","df",NA,NA,"2026-02-18 21:55:36 UTC",NA,9309,0.714126,0.509976,0.49835,0.446024,1882.440408,1808.7916,3691.232008,243,9092.28459,9308,7.746668,0.198937,38.940314,0,11607.318715,13180.221237,0.440801,0.359995,"ecf1R116",0.261068,0.110998,2.351998,0.018694,"parametric",NA,NA
"coefficient","cod_nlmod_base_23_25","df",NA,NA,"2026-02-18 21:55:36 UTC",NA,9309,0.714126,0.509976,0.49835,0.446024,1882.440408,1808.7916,3691.232008,243,9092.28459,9308,7.746668,0.198937,38.940314,0,11607.318715,13180.221237,0.440801,0.359995,"ecf1R117",-0.046427,0.106805,-0.434693,0.663795,"parametric",NA,NA
"coefficient","cod_nlmod_base_23_25","df",NA,NA,"2026-02-18 21:55:36 UTC",NA,9309,0.714126,0.509976,0.49835,0.446024,1882.440408,1808.7916,3691.232008,243,9092.28459,9308,7.746668,0.198937,38.940314,0,11607.318715,13180.221237,0.440801,0.359995,"ecf1R118",-0.161358,0.109976,-1.467216,0.142352,"parametric",NA,NA
"coefficient","cod_nlmod_base_23_25","df",NA,NA,"2026-02-18 21:55:36 UTC",NA,9309,0.714126,0.509976,0.49835,0.446024,1882.440408,1808.7916,3691.232008,243,9092.28459,9308,7.746668,0.198937,38.940314,0,11607.318715,13180.221237,0.440801,0.359995,"ecf1R119",-0.307393,0.116927,-2.628933,0.00858,"parametric",NA,NA
"coefficient","cod_nlmod_base_23_25","df",NA,NA,"2026-02-18 21:55:36 UTC",NA,9309,0.714126,0.509976,0.49835,0.446024,1882.440408,1808.7916,3691.232008,243,9092.28459,9308,7.746668,0.198937,38.940314,0,11607.318715,13180.221237,0.440801,0.359995,"ecf1R120",-0.031542,0.123276,-0.255865,0.798061,"parametric",NA,NA
"coefficient","cod_nlmod_base_23_25","df",NA,NA,"2026-02-18 21:55:36 UTC",NA,9309,0.714126,0.509976,0.49835,0.446024,1882.440408,1808.7916,3691.232008,243,9092.28459,9308,7.746668,0.198937,38.940314,0,11607.318715,13180.221237,0.440801,0.359995,"ecf1R121",-0.092749,0.1076,-0.86198,0.388721,"parametric",NA,NA
"coefficient","cod_nlmod_base_23_25","df",NA,NA,"2026-02-18 21:55:36 UTC",NA,9309,0.714126,0.509976,0.49835,0.446024,1882.440408,1808.7916,3691.232008,243,9092.28459,9308,7.746668,0.198937,38.940314,0,11607.318715,13180.221237,0.440801,0.359995,"ecf1R122",-0.326924,0.110337,-2.962956,0.003055,"parametric",NA,NA
"coefficient","cod_nlmod_base_23_25","df",NA,NA,"2026-02-18 21:55:36 UTC",NA,9309,0.714126,0.509976,0.49835,0.446024,1882.440408,1808.7916,3691.232008,243,9092.28459,9308,7.746668,0.198937,38.940314,0,11607.318715,13180.221237,0.440801,0.359995,"ecf1R123",-0.143442,0.119594,-1.199412,0.230399,"parametric",NA,NA
"coefficient","cod_nlmod_base_23_25","df",NA,NA,"2026-02-18 21:55:36 UTC",NA,9309,0.714126,0.509976,0.49835,0.446024,1882.440408,1808.7916,3691.232008,243,9092.28459,9308,7.746668,0.198937,38.940314,0,11607.318715,13180.221237,0.440801,0.359995,"ecf1R124",-0.604481,0.148434,-4.07239,4.7e-05,"parametric",NA,NA
"coefficient","cod_nlmod_base_23_25","df",NA,NA,"2026-02-18 21:55:36 UTC",NA,9309,0.714126,0.509976,0.49835,0.446024,1882.440408,1808.7916,3691.232008,243,9092.28459,9308,7.746668,0.198937,38.940314,0,11607.318715,13180.221237,0.440801,0.359995,"ecf1R125",-0.10219,0.13412,-0.761927,0.446123,"parametric",NA,NA
"coefficient","cod_nlmod_base_23_25","df",NA,NA,"2026-02-18 21:55:36 UTC",NA,9309,0.714126,0.509976,0.49835,0.446024,1882.440408,1808.7916,3691.232008,243,9092.28459,9308,7.746668,0.198937,38.940314,0,11607.318715,13180.221237,0.440801,0.359995,"ecf1R126",0.31317,0.110704,2.828891,0.004681,"parametric",NA,NA
"coefficient","cod_nlmod_base_23_25","df",NA,NA,"2026-02-18 21:55:36 UTC",NA,9309,0.714126,0.509976,0.49835,0.446024,1882.440408,1808.7916,3691.232008,243,9092.28459,9308,7.746668,0.198937,38.940314,0,11607.318715,13180.221237,0.440801,0.359995,"ecf1R127",-0.295947,0.126408,-2.341205,0.019243,"parametric",NA,NA
"coefficient","cod_nlmod_base_23_25","df",NA,NA,"2026-02-18 21:55:36 UTC",NA,9309,0.714126,0.509976,0.49835,0.446024,1882.440408,1808.7916,3691.232008,243,9092.28459,9308,7.746668,0.198937,38.940314,0,11607.318715,13180.221237,0.440801,0.359995,"ecf1R128",-0.455843,0.111247,-4.097578,4.2e-05,"parametric",NA,NA
"coefficient","cod_nlmod_base_23_25","df",NA,NA,"2026-02-18 21:55:36 UTC",NA,9309,0.714126,0.509976,0.49835,0.446024,1882.440408,1808.7916,3691.232008,243,9092.28459,9308,7.746668,0.198937,38.940314,0,11607.318715,13180.221237,0.440801,0.359995,"ecf1R129",-0.083835,0.117917,-0.710966,0.477124,"parametric",NA,NA
"coefficient","cod_nlmod_base_23_25","df",NA,NA,"2026-02-18 21:55:36 UTC",NA,9309,0.714126,0.509976,0.49835,0.446024,1882.440408,1808.7916,3691.232008,243,9092.28459,9308,7.746668,0.198937,38.940314,0,11607.318715,13180.221237,0.440801,0.359995,"ecf1R130",-0.685073,0.338281,-2.025162,0.04288,"parametric",NA,NA
"coefficient","cod_nlmod_base_23_25","df",NA,NA,"2026-02-18 21:55:36 UTC",NA,9309,0.714126,0.509976,0.49835,0.446024,1882.440408,1808.7916,3691.232008,243,9092.28459,9308,7.746668,0.198937,38.940314,0,11607.318715,13180.221237,0.440801,0.359995,"ecf1R131",-0.084141,0.178561,-0.471217,0.637497,"parametric",NA,NA
"coefficient","cod_nlmod_base_23_25","df",NA,NA,"2026-02-18 21:55:36 UTC",NA,9309,0.714126,0.509976,0.49835,0.446024,1882.440408,1808.7916,3691.232008,243,9092.28459,9308,7.746668,0.198937,38.940314,0,11607.318715,13180.221237,0.440801,0.359995,"ecf1R132",0.069092,0.121335,0.569433,0.569076,"parametric",NA,NA
"coefficient","cod_nlmod_base_23_25","df",NA,NA,"2026-02-18 21:55:36 UTC",NA,9309,0.714126,0.509976,0.49835,0.446024,1882.440408,1808.7916,3691.232008,243,9092.28459,9308,7.746668,0.198937,38.940314,0,11607.318715,13180.221237,0.440801,0.359995,"ecf1R133",-0.308144,0.139905,-2.202527,0.027653,"parametric",NA,NA
"coefficient","cod_nlmod_base_23_25","df",NA,NA,"2026-02-18 21:55:36 UTC",NA,9309,0.714126,0.509976,0.49835,0.446024,1882.440408,1808.7916,3691.232008,243,9092.28459,9308,7.746668,0.198937,38.940314,0,11607.318715,13180.221237,0.440801,0.359995,"ecf1R134",0.192756,0.128574,1.49918,0.133862,"parametric",NA,NA
"coefficient","cod_nlmod_base_23_25","df",NA,NA,"2026-02-18 21:55:36 UTC",NA,9309,0.714126,0.509976,0.49835,0.446024,1882.440408,1808.7916,3691.232008,243,9092.28459,9308,7.746668,0.198937,38.940314,0,11607.318715,13180.221237,0.440801,0.359995,"ecf1R135",-0.160929,0.112999,-1.424159,0.154435,"parametric",NA,NA
"coefficient","cod_nlmod_base_23_25","df",NA,NA,"2026-02-18 21:55:36 UTC",NA,9309,0.714126,0.509976,0.49835,0.446024,1882.440408,1808.7916,3691.232008,243,9092.28459,9308,7.746668,0.198937,38.940314,0,11607.318715,13180.221237,0.440801,0.359995,"ecf1R136",-0.182445,0.108427,-1.682662,0.092475,"parametric",NA,NA
"coefficient","cod_nlmod_base_23_25","df",NA,NA,"2026-02-18 21:55:36 UTC",NA,9309,0.714126,0.509976,0.49835,0.446024,1882.440408,1808.7916,3691.232008,243,9092.28459,9308,7.746668,0.198937,38.940314,0,11607.318715,13180.221237,0.440801,0.359995,"ecf1R137",-0.766358,0.142201,-5.389265,0,"parametric",NA,NA
"coefficient","cod_nlmod_base_23_25","df",NA,NA,"2026-02-18 21:55:36 UTC",NA,9309,0.714126,0.509976,0.49835,0.446024,1882.440408,1808.7916,3691.232008,243,9092.28459,9308,7.746668,0.198937,38.940314,0,11607.318715,13180.221237,0.440801,0.359995,"ecf2R201",-0.16665,0.104849,-1.589424,0.111999,"parametric",NA,NA
"coefficient","cod_nlmod_base_23_25","df",NA,NA,"2026-02-18 21:55:36 UTC",NA,9309,0.714126,0.509976,0.49835,0.446024,1882.440408,1808.7916,3691.232008,243,9092.28459,9308,7.746668,0.198937,38.940314,0,11607.318715,13180.221237,0.440801,0.359995,"ecf2R202",-0.081415,0.118926,-0.684583,0.493624,"parametric",NA,NA
"coefficient","cod_nlmod_base_23_25","df",NA,NA,"2026-02-18 21:55:36 UTC",NA,9309,0.714126,0.509976,0.49835,0.446024,1882.440408,1808.7916,3691.232008,243,9092.28459,9308,7.746668,0.198937,38.940314,0,11607.318715,13180.221237,0.440801,0.359995,"ecf2R203",0.043847,0.10583,0.414311,0.678656,"parametric",NA,NA
"coefficient","cod_nlmod_base_23_25","df",NA,NA,"2026-02-18 21:55:36 UTC",NA,9309,0.714126,0.509976,0.49835,0.446024,1882.440408,1808.7916,3691.232008,243,9092.28459,9308,7.746668,0.198937,38.940314,0,11607.318715,13180.221237,0.440801,0.359995,"ecf2R204",0.240381,0.173895,1.382335,0.166903,"parametric",NA,NA
"coefficient","cod_nlmod_base_23_25","df",NA,NA,"2026-02-18 21:55:36 UTC",NA,9309,0.714126,0.509976,0.49835,0.446024,1882.440408,1808.7916,3691.232008,243,9092.28459,9308,7.746668,0.198937,38.940314,0,11607.318715,13180.221237,0.440801,0.359995,"ecf2R205",-0.144023,0.109335,-1.317264,0.187783,"parametric",NA,NA
"coefficient","cod_nlmod_base_23_25","df",NA,NA,"2026-02-18 21:55:36 UTC",NA,9309,0.714126,0.509976,0.49835,0.446024,1882.440408,1808.7916,3691.232008,243,9092.28459,9308,7.746668,0.198937,38.940314,0,11607.318715,13180.221237,0.440801,0.359995,"ecf2R206",0.24765,0.330972,0.748251,0.454328,"parametric",NA,NA
"coefficient","cod_nlmod_base_23_25","df",NA,NA,"2026-02-18 21:55:36 UTC",NA,9309,0.714126,0.509976,0.49835,0.446024,1882.440408,1808.7916,3691.232008,243,9092.28459,9308,7.746668,0.198937,38.940314,0,11607.318715,13180.221237,0.440801,0.359995,"ecf2R207",-0.073166,0.146147,-0.500633,0.616641,"parametric",NA,NA
"coefficient","cod_nlmod_base_23_25","df",NA,NA,"2026-02-18 21:55:36 UTC",NA,9309,0.714126,0.509976,0.49835,0.446024,1882.440408,1808.7916,3691.232008,243,9092.28459,9308,7.746668,0.198937,38.940314,0,11607.318715,13180.221237,0.440801,0.359995,"ecf2R208",0.589311,0.139377,4.228179,2.4e-05,"parametric",NA,NA
"coefficient","cod_nlmod_base_23_25","df",NA,NA,"2026-02-18 21:55:36 UTC",NA,9309,0.714126,0.509976,0.49835,0.446024,1882.440408,1808.7916,3691.232008,243,9092.28459,9308,7.746668,0.198937,38.940314,0,11607.318715,13180.221237,0.440801,0.359995,"ecf2R209",0.370142,0.191642,1.931425,0.053462,"parametric",NA,NA
"coefficient","cod_nlmod_base_23_25","df",NA,NA,"2026-02-18 21:55:36 UTC",NA,9309,0.714126,0.509976,0.49835,0.446024,1882.440408,1808.7916,3691.232008,243,9092.28459,9308,7.746668,0.198937,38.940314,0,11607.318715,13180.221237,0.440801,0.359995,"ecf2R210",0.909882,0.233629,3.894556,9.9e-05,"parametric",NA,NA
"coefficient","cod_nlmod_base_23_25","df",NA,NA,"2026-02-18 21:55:36 UTC",NA,9309,0.714126,0.509976,0.49835,0.446024,1882.440408,1808.7916,3691.232008,243,9092.28459,9308,7.746668,0.198937,38.940314,0,11607.318715,13180.221237,0.440801,0.359995,"ecf2R212",-0.121295,0.10385,-1.167991,0.242841,"parametric",NA,NA
"coefficient","cod_nlmod_base_23_25","df",NA,NA,"2026-02-18 21:55:36 UTC",NA,9309,0.714126,0.509976,0.49835,0.446024,1882.440408,1808.7916,3691.232008,243,9092.28459,9308,7.746668,0.198937,38.940314,0,11607.318715,13180.221237,0.440801,0.359995,"ecf2R213",0.030586,0.106658,0.286764,0.774299,"parametric",NA,NA
"coefficient","cod_nlmod_base_23_25","df",NA,NA,"2026-02-18 21:55:36 UTC",NA,9309,0.714126,0.509976,0.49835,0.446024,1882.440408,1808.7916,3691.232008,243,9092.28459,9308,7.746668,0.198937,38.940314,0,11607.318715,13180.221237,0.440801,0.359995,"ecf2R214",0.14662,0.101906,1.438782,0.150247,"parametric",NA,NA
"coefficient","cod_nlmod_base_23_25","df",NA,NA,"2026-02-18 21:55:36 UTC",NA,9309,0.714126,0.509976,0.49835,0.446024,1882.440408,1808.7916,3691.232008,243,9092.28459,9308,7.746668,0.198937,38.940314,0,11607.318715,13180.221237,0.440801,0.359995,"ecf2R215",0.436576,0.128422,3.399544,0.000678,"parametric",NA,NA
"coefficient","cod_nlmod_base_23_25","df",NA,NA,"2026-02-18 21:55:36 UTC",NA,9309,0.714126,0.509976,0.49835,0.446024,1882.440408,1808.7916,3691.232008,243,9092.28459,9308,7.746668,0.198937,38.940314,0,11607.318715,13180.221237,0.440801,0.359995,"ecf2R216",0.563596,0.235625,2.391915,0.016781,"parametric",NA,NA
"coefficient","cod_nlmod_base_23_25","df",NA,NA,"2026-02-18 21:55:36 UTC",NA,9309,0.714126,0.509976,0.49835,0.446024,1882.440408,1808.7916,3691.232008,243,9092.28459,9308,7.746668,0.198937,38.940314,0,11607.318715,13180.221237,0.440801,0.359995,"ecf2R217",-0.142961,0.334058,-0.427951,0.668697,"parametric",NA,NA
"coefficient","cod_nlmod_base_23_25","df",NA,NA,"2026-02-18 21:55:36 UTC",NA,9309,0.714126,0.509976,0.49835,0.446024,1882.440408,1808.7916,3691.232008,243,9092.28459,9308,7.746668,0.198937,38.940314,0,11607.318715,13180.221237,0.440801,0.359995,"ecf2R218",-0.723331,0.158557,-4.561955,5e-06,"parametric",NA,NA
"coefficient","cod_nlmod_base_23_25","df",NA,NA,"2026-02-18 21:55:36 UTC",NA,9309,0.714126,0.509976,0.49835,0.446024,1882.440408,1808.7916,3691.232008,243,9092.28459,9308,7.746668,0.198937,38.940314,0,11607.318715,13180.221237,0.440801,0.359995,"ecf2R219",0.536552,0.186728,2.873442,0.00407,"parametric",NA,NA
"coefficient","cod_nlmod_base_23_25","df",NA,NA,"2026-02-18 21:55:36 UTC",NA,9309,0.714126,0.509976,0.49835,0.446024,1882.440408,1808.7916,3691.232008,243,9092.28459,9308,7.746668,0.198937,38.940314,0,11607.318715,13180.221237,0.440801,0.359995,"ecf2R220",-0.218953,0.111031,-1.972002,0.04864,"parametric",NA,NA
"coefficient","cod_nlmod_base_23_25","df",NA,NA,"2026-02-18 21:55:36 UTC",NA,9309,0.714126,0.509976,0.49835,0.446024,1882.440408,1808.7916,3691.232008,243,9092.28459,9308,7.746668,0.198937,38.940314,0,11607.318715,13180.221237,0.440801,0.359995,"ecf2R221",-0.134173,0.107246,-1.25108,0.210937,"parametric",NA,NA
"coefficient","cod_nlmod_base_23_25","df",NA,NA,"2026-02-18 21:55:36 UTC",NA,9309,0.714126,0.509976,0.49835,0.446024,1882.440408,1808.7916,3691.232008,243,9092.28459,9308,7.746668,0.198937,38.940314,0,11607.318715,13180.221237,0.440801,0.359995,"ecf2R222",-0.392076,0.109433,-3.582786,0.000342,"parametric",NA,NA
"coefficient","cod_nlmod_base_23_25","df",NA,NA,"2026-02-18 21:55:36 UTC",NA,9309,0.714126,0.509976,0.49835,0.446024,1882.440408,1808.7916,3691.232008,243,9092.28459,9308,7.746668,0.198937,38.940314,0,11607.318715,13180.221237,0.440801,0.359995,"ecf2R223",-0.153931,0.115146,-1.336825,0.181313,"parametric",NA,NA
"coefficient","cod_nlmod_base_23_25","df",NA,NA,"2026-02-18 21:55:36 UTC",NA,9309,0.714126,0.509976,0.49835,0.446024,1882.440408,1808.7916,3691.232008,243,9092.28459,9308,7.746668,0.198937,38.940314,0,11607.318715,13180.221237,0.440801,0.359995,"ecf2R224",-0.453979,0.114421,-3.967621,7.3e-05,"parametric",NA,NA
"coefficient","cod_nlmod_base_23_25","df",NA,NA,"2026-02-18 21:55:36 UTC",NA,9309,0.714126,0.509976,0.49835,0.446024,1882.440408,1808.7916,3691.232008,243,9092.28459,9308,7.746668,0.198937,38.940314,0,11607.318715,13180.221237,0.440801,0.359995,"ecf2R225",-0.155165,0.110236,-1.407568,0.159293,"parametric",NA,NA
"coefficient","cod_nlmod_base_23_25","df",NA,NA,"2026-02-18 21:55:36 UTC",NA,9309,0.714126,0.509976,0.49835,0.446024,1882.440408,1808.7916,3691.232008,243,9092.28459,9308,7.746668,0.198937,38.940314,0,11607.318715,13180.221237,0.440801,0.359995,"ecf2R226",-0.568223,0.222645,-2.552143,0.010722,"parametric",NA,NA
"coefficient","cod_nlmod_base_23_25","df",NA,NA,"2026-02-18 21:55:36 UTC",NA,9309,0.714126,0.509976,0.49835,0.446024,1882.440408,1808.7916,3691.232008,243,9092.28459,9308,7.746668,0.198937,38.940314,0,11607.318715,13180.221237,0.440801,0.359995,"ecf2R227",0.071904,0.174188,0.412797,0.679765,"parametric",NA,NA
"coefficient","cod_nlmod_base_23_25","df",NA,NA,"2026-02-18 21:55:36 UTC",NA,9309,0.714126,0.509976,0.49835,0.446024,1882.440408,1808.7916,3691.232008,243,9092.28459,9308,7.746668,0.198937,38.940314,0,11607.318715,13180.221237,0.440801,0.359995,"ecf2R228",-0.689748,0.18703,-3.687901,0.000227,"parametric",NA,NA
"coefficient","cod_nlmod_base_23_25","df",NA,NA,"2026-02-18 21:55:36 UTC",NA,9309,0.714126,0.509976,0.49835,0.446024,1882.440408,1808.7916,3691.232008,243,9092.28459,9308,7.746668,0.198937,38.940314,0,11607.318715,13180.221237,0.440801,0.359995,"ecf2R229",-0.823168,0.207752,-3.962261,7.5e-05,"parametric",NA,NA
"coefficient","cod_nlmod_base_23_25","df",NA,NA,"2026-02-18 21:55:36 UTC",NA,9309,0.714126,0.509976,0.49835,0.446024,1882.440408,1808.7916,3691.232008,243,9092.28459,9308,7.746668,0.198937,38.940314,0,11607.318715,13180.221237,0.440801,0.359995,"ecf2R230",-0.81091,0.276443,-2.933372,0.003361,"parametric",NA,NA
"coefficient","cod_nlmod_base_23_25","df",NA,NA,"2026-02-18 21:55:36 UTC",NA,9309,0.714126,0.509976,0.49835,0.446024,1882.440408,1808.7916,3691.232008,243,9092.28459,9308,7.746668,0.198937,38.940314,0,11607.318715,13180.221237,0.440801,0.359995,"ecf3R301",-0.76912,0.146505,-5.249789,0,"parametric",NA,NA
"coefficient","cod_nlmod_base_23_25","df",NA,NA,"2026-02-18 21:55:36 UTC",NA,9309,0.714126,0.509976,0.49835,0.446024,1882.440408,1808.7916,3691.232008,243,9092.28459,9308,7.746668,0.198937,38.940314,0,11607.318715,13180.221237,0.440801,0.359995,"ecf3R302",0.051604,0.210298,0.245388,0.806162,"parametric",NA,NA
"coefficient","cod_nlmod_base_23_25","df",NA,NA,"2026-02-18 21:55:36 UTC",NA,9309,0.714126,0.509976,0.49835,0.446024,1882.440408,1808.7916,3691.232008,243,9092.28459,9308,7.746668,0.198937,38.940314,0,11607.318715,13180.221237,0.440801,0.359995,"ecf3R303",-0.536303,0.108066,-4.962727,1e-06,"parametric",NA,NA
"coefficient","cod_nlmod_base_23_25","df",NA,NA,"2026-02-18 21:55:36 UTC",NA,9309,0.714126,0.509976,0.49835,0.446024,1882.440408,1808.7916,3691.232008,243,9092.28459,9308,7.746668,0.198937,38.940314,0,11607.318715,13180.221237,0.440801,0.359995,"ecf3R304",-0.660257,0.132045,-5.000252,1e-06,"parametric",NA,NA
"coefficient","cod_nlmod_base_23_25","df",NA,NA,"2026-02-18 21:55:36 UTC",NA,9309,0.714126,0.509976,0.49835,0.446024,1882.440408,1808.7916,3691.232008,243,9092.28459,9308,7.746668,0.198937,38.940314,0,11607.318715,13180.221237,0.440801,0.359995,"ecf3R306",0.200342,0.129665,1.545077,0.122362,"parametric",NA,NA
"coefficient","cod_nlmod_base_23_25","df",NA,NA,"2026-02-18 21:55:36 UTC",NA,9309,0.714126,0.509976,0.49835,0.446024,1882.440408,1808.7916,3691.232008,243,9092.28459,9308,7.746668,0.198937,38.940314,0,11607.318715,13180.221237,0.440801,0.359995,"ecf3R307",-0.381513,0.105432,-3.618566,0.000298,"parametric",NA,NA
"coefficient","cod_nlmod_base_23_25","df",NA,NA,"2026-02-18 21:55:36 UTC",NA,9309,0.714126,0.509976,0.49835,0.446024,1882.440408,1808.7916,3691.232008,243,9092.28459,9308,7.746668,0.198937,38.940314,0,11607.318715,13180.221237,0.440801,0.359995,"ecf3R308",-0.641439,0.138317,-4.637441,4e-06,"parametric",NA,NA
"coefficient","cod_nlmod_base_23_25","df",NA,NA,"2026-02-18 21:55:36 UTC",NA,9309,0.714126,0.509976,0.49835,0.446024,1882.440408,1808.7916,3691.232008,243,9092.28459,9308,7.746668,0.198937,38.940314,0,11607.318715,13180.221237,0.440801,0.359995,"ecf3R309",-0.797773,0.158247,-5.041302,0,"parametric",NA,NA
"coefficient","cod_nlmod_base_23_25","df",NA,NA,"2026-02-18 21:55:36 UTC",NA,9309,0.714126,0.509976,0.49835,0.446024,1882.440408,1808.7916,3691.232008,243,9092.28459,9308,7.746668,0.198937,38.940314,0,11607.318715,13180.221237,0.440801,0.359995,"ecf3R310",0.337676,0.117448,2.875123,0.004048,"parametric",NA,NA
"coefficient","cod_nlmod_base_23_25","df",NA,NA,"2026-02-18 21:55:36 UTC",NA,9309,0.714126,0.509976,0.49835,0.446024,1882.440408,1808.7916,3691.232008,243,9092.28459,9308,7.746668,0.198937,38.940314,0,11607.318715,13180.221237,0.440801,0.359995,"ecf3R311",-0.420836,0.137981,-3.049952,0.002295,"parametric",NA,NA
"coefficient","cod_nlmod_base_23_25","df",NA,NA,"2026-02-18 21:55:36 UTC",NA,9309,0.714126,0.509976,0.49835,0.446024,1882.440408,1808.7916,3691.232008,243,9092.28459,9308,7.746668,0.198937,38.940314,0,11607.318715,13180.221237,0.440801,0.359995,"ecf3R312",-0.623838,0.112847,-5.52817,0,"parametric",NA,NA
"coefficient","cod_nlmod_base_23_25","df",NA,NA,"2026-02-18 21:55:36 UTC",NA,9309,0.714126,0.509976,0.49835,0.446024,1882.440408,1808.7916,3691.232008,243,9092.28459,9308,7.746668,0.198937,38.940314,0,11607.318715,13180.221237,0.440801,0.359995,"ecf3R313",-0.545228,0.119585,-4.559333,5e-06,"parametric",NA,NA
"coefficient","cod_nlmod_base_23_25","df",NA,NA,"2026-02-18 21:55:36 UTC",NA,9309,0.714126,0.509976,0.49835,0.446024,1882.440408,1808.7916,3691.232008,243,9092.28459,9308,7.746668,0.198937,38.940314,0,11607.318715,13180.221237,0.440801,0.359995,"ecf3R314",-0.312403,0.117402,-2.660964,0.007805,"parametric",NA,NA
"coefficient","cod_nlmod_base_23_25","df",NA,NA,"2026-02-18 21:55:36 UTC",NA,9309,0.714126,0.509976,0.49835,0.446024,1882.440408,1808.7916,3691.232008,243,9092.28459,9308,7.746668,0.198937,38.940314,0,11607.318715,13180.221237,0.440801,0.359995,"ecf3R315",-0.291886,0.112979,-2.583529,0.009795,"parametric",NA,NA
"coefficient","cod_nlmod_base_23_25","df",NA,NA,"2026-02-18 21:55:36 UTC",NA,9309,0.714126,0.509976,0.49835,0.446024,1882.440408,1808.7916,3691.232008,243,9092.28459,9308,7.746668,0.198937,38.940314,0,11607.318715,13180.221237,0.440801,0.359995,"ecf3R316",-0.674568,0.123738,-5.451581,0,"parametric",NA,NA
"coefficient","cod_nlmod_base_23_25","df",NA,NA,"2026-02-18 21:55:36 UTC",NA,9309,0.714126,0.509976,0.49835,0.446024,1882.440408,1808.7916,3691.232008,243,9092.28459,9308,7.746668,0.198937,38.940314,0,11607.318715,13180.221237,0.440801,0.359995,"ecf3R317",-0.88913,0.178549,-4.97977,1e-06,"parametric",NA,NA
"coefficient","cod_nlmod_base_23_25","df",NA,NA,"2026-02-18 21:55:36 UTC",NA,9309,0.714126,0.509976,0.49835,0.446024,1882.440408,1808.7916,3691.232008,243,9092.28459,9308,7.746668,0.198937,38.940314,0,11607.318715,13180.221237,0.440801,0.359995,"ecf3R318",-0.268124,0.207038,-1.295047,0.195337,"parametric",NA,NA
"coefficient","cod_nlmod_base_23_25","df",NA,NA,"2026-02-18 21:55:36 UTC",NA,9309,0.714126,0.509976,0.49835,0.446024,1882.440408,1808.7916,3691.232008,243,9092.28459,9308,7.746668,0.198937,38.940314,0,11607.318715,13180.221237,0.440801,0.359995,"ecf3R319",-0.519927,0.102649,-5.065078,0,"parametric",NA,NA
"coefficient","cod_nlmod_base_23_25","df",NA,NA,"2026-02-18 21:55:36 UTC",NA,9309,0.714126,0.509976,0.49835,0.446024,1882.440408,1808.7916,3691.232008,243,9092.28459,9308,7.746668,0.198937,38.940314,0,11607.318715,13180.221237,0.440801,0.359995,"ecf3R320",-0.407809,0.105526,-3.864544,0.000112,"parametric",NA,NA
"coefficient","cod_nlmod_base_23_25","df",NA,NA,"2026-02-18 21:55:36 UTC",NA,9309,0.714126,0.509976,0.49835,0.446024,1882.440408,1808.7916,3691.232008,243,9092.28459,9308,7.746668,0.198937,38.940314,0,11607.318715,13180.221237,0.440801,0.359995,"ecf3R321",-0.877252,0.127651,-6.872272,0,"parametric",NA,NA
"coefficient","cod_nlmod_base_23_25","df",NA,NA,"2026-02-18 21:55:36 UTC",NA,9309,0.714126,0.509976,0.49835,0.446024,1882.440408,1808.7916,3691.232008,243,9092.28459,9308,7.746668,0.198937,38.940314,0,11607.318715,13180.221237,0.440801,0.359995,"ecf3R322",-0.204851,0.109775,-1.866099,0.06206,"parametric",NA,NA
"coefficient","cod_nlmod_base_23_25","df",NA,NA,"2026-02-18 21:55:36 UTC",NA,9309,0.714126,0.509976,0.49835,0.446024,1882.440408,1808.7916,3691.232008,243,9092.28459,9308,7.746668,0.198937,38.940314,0,11607.318715,13180.221237,0.440801,0.359995,"ecf3R323",-0.345119,0.104491,-3.302853,0.000961,"parametric",NA,NA
"coefficient","cod_nlmod_base_23_25","df",NA,NA,"2026-02-18 21:55:36 UTC",NA,9309,0.714126,0.509976,0.49835,0.446024,1882.440408,1808.7916,3691.232008,243,9092.28459,9308,7.746668,0.198937,38.940314,0,11607.318715,13180.221237,0.440801,0.359995,"ecf3R324",-0.766131,0.129589,-5.911993,0,"parametric",NA,NA
"coefficient","cod_nlmod_base_23_25","df",NA,NA,"2026-02-18 21:55:36 UTC",NA,9309,0.714126,0.509976,0.49835,0.446024,1882.440408,1808.7916,3691.232008,243,9092.28459,9308,7.746668,0.198937,38.940314,0,11607.318715,13180.221237,0.440801,0.359995,"ecf3R325",-0.436142,0.112743,-3.868446,0.00011,"parametric",NA,NA
"coefficient","cod_nlmod_base_23_25","df",NA,NA,"2026-02-18 21:55:36 UTC",NA,9309,0.714126,0.509976,0.49835,0.446024,1882.440408,1808.7916,3691.232008,243,9092.28459,9308,7.746668,0.198937,38.940314,0,11607.318715,13180.221237,0.440801,0.359995,"ecf3R326",-0.99646,0.15887,-6.272168,0,"parametric",NA,NA
"coefficient","cod_nlmod_base_23_25","df",NA,NA,"2026-02-18 21:55:36 UTC",NA,9309,0.714126,0.509976,0.49835,0.446024,1882.440408,1808.7916,3691.232008,243,9092.28459,9308,7.746668,0.198937,38.940314,0,11607.318715,13180.221237,0.440801,0.359995,"ecf4R401",-0.546001,0.108966,-5.010719,1e-06,"parametric",NA,NA
"coefficient","cod_nlmod_base_23_25","df",NA,NA,"2026-02-18 21:55:36 UTC",NA,9309,0.714126,0.509976,0.49835,0.446024,1882.440408,1808.7916,3691.232008,243,9092.28459,9308,7.746668,0.198937,38.940314,0,11607.318715,13180.221237,0.440801,0.359995,"ecf4R402",-1.137867,0.129186,-8.807997,0,"parametric",NA,NA
"coefficient","cod_nlmod_base_23_25","df",NA,NA,"2026-02-18 21:55:36 UTC",NA,9309,0.714126,0.509976,0.49835,0.446024,1882.440408,1808.7916,3691.232008,243,9092.28459,9308,7.746668,0.198937,38.940314,0,11607.318715,13180.221237,0.440801,0.359995,"ecf4R403",-0.411882,0.113075,-3.642568,0.000271,"parametric",NA,NA
"coefficient","cod_nlmod_base_23_25","df",NA,NA,"2026-02-18 21:55:36 UTC",NA,9309,0.714126,0.509976,0.49835,0.446024,1882.440408,1808.7916,3691.232008,243,9092.28459,9308,7.746668,0.198937,38.940314,0,11607.318715,13180.221237,0.440801,0.359995,"ecf4R404",-0.34549,0.112422,-3.073153,0.002124,"parametric",NA,NA
"coefficient","cod_nlmod_base_23_25","df",NA,NA,"2026-02-18 21:55:36 UTC",NA,9309,0.714126,0.509976,0.49835,0.446024,1882.440408,1808.7916,3691.232008,243,9092.28459,9308,7.746668,0.198937,38.940314,0,11607.318715,13180.221237,0.440801,0.359995,"ecf4R405",-0.332112,0.103548,-3.207333,0.001344,"parametric",NA,NA
"coefficient","cod_nlmod_base_23_25","df",NA,NA,"2026-02-18 21:55:36 UTC",NA,9309,0.714126,0.509976,0.49835,0.446024,1882.440408,1808.7916,3691.232008,243,9092.28459,9308,7.746668,0.198937,38.940314,0,11607.318715,13180.221237,0.440801,0.359995,"ecf4R406",-0.367356,0.103519,-3.548667,0.000389,"parametric",NA,NA
"coefficient","cod_nlmod_base_23_25","df",NA,NA,"2026-02-18 21:55:36 UTC",NA,9309,0.714126,0.509976,0.49835,0.446024,1882.440408,1808.7916,3691.232008,243,9092.28459,9308,7.746668,0.198937,38.940314,0,11607.318715,13180.221237,0.440801,0.359995,"ecf4R407",-0.485088,0.119246,-4.067974,4.8e-05,"parametric",NA,NA
"coefficient","cod_nlmod_base_23_25","df",NA,NA,"2026-02-18 21:55:36 UTC",NA,9309,0.714126,0.509976,0.49835,0.446024,1882.440408,1808.7916,3691.232008,243,9092.28459,9308,7.746668,0.198937,38.940314,0,11607.318715,13180.221237,0.440801,0.359995,"ecf4R408",-0.502431,0.106155,-4.73301,2e-06,"parametric",NA,NA
"coefficient","cod_nlmod_base_23_25","df",NA,NA,"2026-02-18 21:55:36 UTC",NA,9309,0.714126,0.509976,0.49835,0.446024,1882.440408,1808.7916,3691.232008,243,9092.28459,9308,7.746668,0.198937,38.940314,0,11607.318715,13180.221237,0.440801,0.359995,"ecf4R409",-0.389101,0.119104,-3.266895,0.001091,"parametric",NA,NA
"coefficient","cod_nlmod_base_23_25","df",NA,NA,"2026-02-18 21:55:36 UTC",NA,9309,0.714126,0.509976,0.49835,0.446024,1882.440408,1808.7916,3691.232008,243,9092.28459,9308,7.746668,0.198937,38.940314,0,11607.318715,13180.221237,0.440801,0.359995,"ecf4R410",-0.064274,0.102402,-0.627665,0.530239,"parametric",NA,NA
"coefficient","cod_nlmod_base_23_25","df",NA,NA,"2026-02-18 21:55:36 UTC",NA,9309,0.714126,0.509976,0.49835,0.446024,1882.440408,1808.7916,3691.232008,243,9092.28459,9308,7.746668,0.198937,38.940314,0,11607.318715,13180.221237,0.440801,0.359995,"ecf4R411",-0.562917,0.106457,-5.287735,0,"parametric",NA,NA
"coefficient","cod_nlmod_base_23_25","df",NA,NA,"2026-02-18 21:55:36 UTC",NA,9309,0.714126,0.509976,0.49835,0.446024,1882.440408,1808.7916,3691.232008,243,9092.28459,9308,7.746668,0.198937,38.940314,0,11607.318715,13180.221237,0.440801,0.359995,"ecf4R412",-0.556403,0.127208,-4.373979,1.2e-05,"parametric",NA,NA
"coefficient","cod_nlmod_base_23_25","df",NA,NA,"2026-02-18 21:55:36 UTC",NA,9309,0.714126,0.509976,0.49835,0.446024,1882.440408,1808.7916,3691.232008,243,9092.28459,9308,7.746668,0.198937,38.940314,0,11607.318715,13180.221237,0.440801,0.359995,"ecf4R413",-0.261656,0.106251,-2.462615,0.013811,"parametric",NA,NA
"coefficient","cod_nlmod_base_23_25","df",NA,NA,"2026-02-18 21:55:36 UTC",NA,9309,0.714126,0.509976,0.49835,0.446024,1882.440408,1808.7916,3691.232008,243,9092.28459,9308,7.746668,0.198937,38.940314,0,11607.318715,13180.221237,0.440801,0.359995,"ecf4R414",0.105857,0.113645,0.931475,0.351633,"parametric",NA,NA
"coefficient","cod_nlmod_base_23_25","df",NA,NA,"2026-02-18 21:55:36 UTC",NA,9309,0.714126,0.509976,0.49835,0.446024,1882.440408,1808.7916,3691.232008,243,9092.28459,9308,7.746668,0.198937,38.940314,0,11607.318715,13180.221237,0.440801,0.359995,"ecf4R415",0.20215,0.117379,1.722203,0.085067,"parametric",NA,NA
"coefficient","cod_nlmod_base_23_25","df",NA,NA,"2026-02-18 21:55:36 UTC",NA,9309,0.714126,0.509976,0.49835,0.446024,1882.440408,1808.7916,3691.232008,243,9092.28459,9308,7.746668,0.198937,38.940314,0,11607.318715,13180.221237,0.440801,0.359995,"ecf4R416",-0.731109,0.162197,-4.507544,7e-06,"parametric",NA,NA
"coefficient","cod_nlmod_base_23_25","df",NA,NA,"2026-02-18 21:55:36 UTC",NA,9309,0.714126,0.509976,0.49835,0.446024,1882.440408,1808.7916,3691.232008,243,9092.28459,9308,7.746668,0.198937,38.940314,0,11607.318715,13180.221237,0.440801,0.359995,"ecf4R417",-0.09208,0.105597,-0.871999,0.383232,"parametric",NA,NA
"coefficient","cod_nlmod_base_23_25","df",NA,NA,"2026-02-18 21:55:36 UTC",NA,9309,0.714126,0.509976,0.49835,0.446024,1882.440408,1808.7916,3691.232008,243,9092.28459,9308,7.746668,0.198937,38.940314,0,11607.318715,13180.221237,0.440801,0.359995,"ecf4R418",0.049581,0.458457,0.108147,0.913882,"parametric",NA,NA
"coefficient","cod_nlmod_base_23_25","df",NA,NA,"2026-02-18 21:55:36 UTC",NA,9309,0.714126,0.509976,0.49835,0.446024,1882.440408,1808.7916,3691.232008,243,9092.28459,9308,7.746668,0.198937,38.940314,0,11607.318715,13180.221237,0.440801,0.359995,"ecf4R419",-0.844741,0.125118,-6.751542,0,"parametric",NA,NA
"coefficient","cod_nlmod_base_23_25","df",NA,NA,"2026-02-18 21:55:36 UTC",NA,9309,0.714126,0.509976,0.49835,0.446024,1882.440408,1808.7916,3691.232008,243,9092.28459,9308,7.746668,0.198937,38.940314,0,11607.318715,13180.221237,0.440801,0.359995,"ecf4R421",-0.800104,0.134447,-5.95109,0,"parametric",NA,NA
"coefficient","cod_nlmod_base_23_25","df",NA,NA,"2026-02-18 21:55:36 UTC",NA,9309,0.714126,0.509976,0.49835,0.446024,1882.440408,1808.7916,3691.232008,243,9092.28459,9308,7.746668,0.198937,38.940314,0,11607.318715,13180.221237,0.440801,0.359995,"ecf4R422",0.187809,0.118813,1.580715,0.113978,"parametric",NA,NA
"coefficient","cod_nlmod_base_23_25","df",NA,NA,"2026-02-18 21:55:36 UTC",NA,9309,0.714126,0.509976,0.49835,0.446024,1882.440408,1808.7916,3691.232008,243,9092.28459,9308,7.746668,0.198937,38.940314,0,11607.318715,13180.221237,0.440801,0.359995,"ecf5R501",-0.563765,0.115985,-4.860678,1e-06,"parametric",NA,NA
"coefficient","cod_nlmod_base_23_25","df",NA,NA,"2026-02-18 21:55:36 UTC",NA,9309,0.714126,0.509976,0.49835,0.446024,1882.440408,1808.7916,3691.232008,243,9092.28459,9308,7.746668,0.198937,38.940314,0,11607.318715,13180.221237,0.440801,0.359995,"ecf5R502",-0.449954,0.116524,-3.861463,0.000113,"parametric",NA,NA
"coefficient","cod_nlmod_base_23_25","df",NA,NA,"2026-02-18 21:55:36 UTC",NA,9309,0.714126,0.509976,0.49835,0.446024,1882.440408,1808.7916,3691.232008,243,9092.28459,9308,7.746668,0.198937,38.940314,0,11607.318715,13180.221237,0.440801,0.359995,"ecf5R503",0.563531,0.179825,3.133776,0.001731,"parametric",NA,NA
"coefficient","cod_nlmod_base_23_25","df",NA,NA,"2026-02-18 21:55:36 UTC",NA,9309,0.714126,0.509976,0.49835,0.446024,1882.440408,1808.7916,3691.232008,243,9092.28459,9308,7.746668,0.198937,38.940314,0,11607.318715,13180.221237,0.440801,0.359995,"ecf5R504",0.316545,0.136024,2.32712,0.019981,"parametric",NA,NA
"coefficient","cod_nlmod_base_23_25","df",NA,NA,"2026-02-18 21:55:36 UTC",NA,9309,0.714126,0.509976,0.49835,0.446024,1882.440408,1808.7916,3691.232008,243,9092.28459,9308,7.746668,0.198937,38.940314,0,11607.318715,13180.221237,0.440801,0.359995,"ecf5R505",-0.820993,0.460143,-1.784213,0.074422,"parametric",NA,NA
"coefficient","cod_nlmod_base_23_25","df",NA,NA,"2026-02-18 21:55:36 UTC",NA,9309,0.714126,0.509976,0.49835,0.446024,1882.440408,1808.7916,3691.232008,243,9092.28459,9308,7.746668,0.198937,38.940314,0,11607.318715,13180.221237,0.440801,0.359995,"ecf5R506",0.415438,0.227597,1.825328,0.067984,"parametric",NA,NA
"coefficient","cod_nlmod_base_23_25","df",NA,NA,"2026-02-18 21:55:36 UTC",NA,9309,0.714126,0.509976,0.49835,0.446024,1882.440408,1808.7916,3691.232008,243,9092.28459,9308,7.746668,0.198937,38.940314,0,11607.318715,13180.221237,0.440801,0.359995,"ecf5R507",-0.02917,0.188314,-0.1549,0.876904,"parametric",NA,NA
"coefficient","cod_nlmod_base_23_25","df",NA,NA,"2026-02-18 21:55:36 UTC",NA,9309,0.714126,0.509976,0.49835,0.446024,1882.440408,1808.7916,3691.232008,243,9092.28459,9308,7.746668,0.198937,38.940314,0,11607.318715,13180.221237,0.440801,0.359995,"ecf5R508",0.623848,0.283157,2.203189,0.027606,"parametric",NA,NA
"coefficient","cod_nlmod_base_23_25","df",NA,NA,"2026-02-18 21:55:36 UTC",NA,9309,0.714126,0.509976,0.49835,0.446024,1882.440408,1808.7916,3691.232008,243,9092.28459,9308,7.746668,0.198937,38.940314,0,11607.318715,13180.221237,0.440801,0.359995,"ecf5R509",0.52935,0.225282,2.349722,0.018809,"parametric",NA,NA
"coefficient","cod_nlmod_base_23_25","df",NA,NA,"2026-02-18 21:55:36 UTC",NA,9309,0.714126,0.509976,0.49835,0.446024,1882.440408,1808.7916,3691.232008,243,9092.28459,9308,7.746668,0.198937,38.940314,0,11607.318715,13180.221237,0.440801,0.359995,"ecf5R510",-0.177426,0.187388,-0.946834,0.343748,"parametric",NA,NA
"coefficient","cod_nlmod_base_23_25","df",NA,NA,"2026-02-18 21:55:36 UTC",NA,9309,0.714126,0.509976,0.49835,0.446024,1882.440408,1808.7916,3691.232008,243,9092.28459,9308,7.746668,0.198937,38.940314,0,11607.318715,13180.221237,0.440801,0.359995,"ecf5R511",-0.561435,0.466018,-1.20475,0.228331,"parametric",NA,NA
"coefficient","cod_nlmod_base_23_25","df",NA,NA,"2026-02-18 21:55:36 UTC",NA,9309,0.714126,0.509976,0.49835,0.446024,1882.440408,1808.7916,3691.232008,243,9092.28459,9308,7.746668,0.198937,38.940314,0,11607.318715,13180.221237,0.440801,0.359995,"ecf5R512",0.417796,0.27681,1.509322,0.131251,"parametric",NA,NA
"coefficient","cod_nlmod_base_23_25","df",NA,NA,"2026-02-18 21:55:36 UTC",NA,9309,0.714126,0.509976,0.49835,0.446024,1882.440408,1808.7916,3691.232008,243,9092.28459,9308,7.746668,0.198937,38.940314,0,11607.318715,13180.221237,0.440801,0.359995,"ecf5R513",0.154658,0.230218,0.671788,0.501736,"parametric",NA,NA
"coefficient","cod_nlmod_base_23_25","df",NA,NA,"2026-02-18 21:55:36 UTC",NA,9309,0.714126,0.509976,0.49835,0.446024,1882.440408,1808.7916,3691.232008,243,9092.28459,9308,7.746668,0.198937,38.940314,0,11607.318715,13180.221237,0.440801,0.359995,"ecf5R514",0.499642,0.150867,3.311802,0.000931,"parametric",NA,NA
"coefficient","cod_nlmod_base_23_25","df",NA,NA,"2026-02-18 21:55:36 UTC",NA,9309,0.714126,0.509976,0.49835,0.446024,1882.440408,1808.7916,3691.232008,243,9092.28459,9308,7.746668,0.198937,38.940314,0,11607.318715,13180.221237,0.440801,0.359995,"ecf5R516",0.33286,0.459974,0.723649,0.4693,"parametric",NA,NA
"coefficient","cod_nlmod_base_23_25","df",NA,NA,"2026-02-18 21:55:36 UTC",NA,9309,0.714126,0.509976,0.49835,0.446024,1882.440408,1808.7916,3691.232008,243,9092.28459,9308,7.746668,0.198937,38.940314,0,11607.318715,13180.221237,0.440801,0.359995,"ecf5R517",0.762143,0.332787,2.29018,0.022034,"parametric",NA,NA
"coefficient","cod_nlmod_base_23_25","df",NA,NA,"2026-02-18 21:55:36 UTC",NA,9309,0.714126,0.509976,0.49835,0.446024,1882.440408,1808.7916,3691.232008,243,9092.28459,9308,7.746668,0.198937,38.940314,0,11607.318715,13180.221237,0.440801,0.359995,"ecf5R518",0.282794,0.283714,0.996756,0.31891,"parametric",NA,NA
"coefficient","cod_nlmod_base_23_25","df",NA,NA,"2026-02-18 21:55:36 UTC",NA,9309,0.714126,0.509976,0.49835,0.446024,1882.440408,1808.7916,3691.232008,243,9092.28459,9308,7.746668,0.198937,38.940314,0,11607.318715,13180.221237,0.440801,0.359995,"ecf5R521",0.588576,0.223983,2.627769,0.008609,"parametric",NA,NA
"coefficient","cod_nlmod_base_23_25","df",NA,NA,"2026-02-18 21:55:36 UTC",NA,9309,0.714126,0.509976,0.49835,0.446024,1882.440408,1808.7916,3691.232008,243,9092.28459,9308,7.746668,0.198937,38.940314,0,11607.318715,13180.221237,0.440801,0.359995,"ecf5R523",-0.556501,0.197655,-2.815519,0.00488,"parametric",NA,NA
"coefficient","cod_nlmod_base_23_25","df",NA,NA,"2026-02-18 21:55:36 UTC",NA,9309,0.714126,0.509976,0.49835,0.446024,1882.440408,1808.7916,3691.232008,243,9092.28459,9308,7.746668,0.198937,38.940314,0,11607.318715,13180.221237,0.440801,0.359995,"ecf5R528",-0.478355,0.244821,-1.953892,0.050745,"parametric",NA,NA
"coefficient","cod_nlmod_base_23_25","df",NA,NA,"2026-02-18 21:55:36 UTC",NA,9309,0.714126,0.509976,0.49835,0.446024,1882.440408,1808.7916,3691.232008,243,9092.28459,9308,7.746668,0.198937,38.940314,0,11607.318715,13180.221237,0.440801,0.359995,"ecf5R529",0.419589,0.148446,2.826538,0.004716,"parametric",NA,NA
"coefficient","cod_nlmod_base_23_25","df",NA,NA,"2026-02-18 21:55:36 UTC",NA,9309,0.714126,0.509976,0.49835,0.446024,1882.440408,1808.7916,3691.232008,243,9092.28459,9308,7.746668,0.198937,38.940314,0,11607.318715,13180.221237,0.440801,0.359995,"ecf5R530",0.494541,0.245292,2.016135,0.043815,"parametric",NA,NA
"coefficient","cod_nlmod_base_23_25","df",NA,NA,"2026-02-18 21:55:36 UTC",NA,9309,0.714126,0.509976,0.49835,0.446024,1882.440408,1808.7916,3691.232008,243,9092.28459,9308,7.746668,0.198937,38.940314,0,11607.318715,13180.221237,0.440801,0.359995,"ecf5R531",0.10603,0.143307,0.739879,0.459393,"parametric",NA,NA
"coefficient","cod_nlmod_base_23_25","df",NA,NA,"2026-02-18 21:55:36 UTC",NA,9309,0.714126,0.509976,0.49835,0.446024,1882.440408,1808.7916,3691.232008,243,9092.28459,9308,7.746668,0.198937,38.940314,0,11607.318715,13180.221237,0.440801,0.359995,"ecf5R532",0.632869,0.236251,2.678801,0.007402,"parametric",NA,NA
"coefficient","cod_nlmod_base_23_25","df",NA,NA,"2026-02-18 21:55:36 UTC",NA,9309,0.714126,0.509976,0.49835,0.446024,1882.440408,1808.7916,3691.232008,243,9092.28459,9308,7.746668,0.198937,38.940314,0,11607.318715,13180.221237,0.440801,0.359995,"ecf5R533",-1.033012,0.18222,-5.669049,0,"parametric",NA,NA
"coefficient","cod_nlmod_base_23_25","df",NA,NA,"2026-02-18 21:55:36 UTC",NA,9309,0.714126,0.509976,0.49835,0.446024,1882.440408,1808.7916,3691.232008,243,9092.28459,9308,7.746668,0.198937,38.940314,0,11607.318715,13180.221237,0.440801,0.359995,"ecf5R534",-0.202147,0.146841,-1.376638,0.168658,"parametric",NA,NA
"coefficient","cod_nlmod_base_23_25","df",NA,NA,"2026-02-18 21:55:36 UTC",NA,9309,0.714126,0.509976,0.49835,0.446024,1882.440408,1808.7916,3691.232008,243,9092.28459,9308,7.746668,0.198937,38.940314,0,11607.318715,13180.221237,0.440801,0.359995,"ecf5R535",0.022804,0.336015,0.067865,0.945895,"parametric",NA,NA
"coefficient","cod_nlmod_base_23_25","df",NA,NA,"2026-02-18 21:55:36 UTC",NA,9309,0.714126,0.509976,0.49835,0.446024,1882.440408,1808.7916,3691.232008,243,9092.28459,9308,7.746668,0.198937,38.940314,0,11607.318715,13180.221237,0.440801,0.359995,"ecf5r538",-1.585225,0.45772,-3.463311,0.000536,"parametric",NA,NA
"coefficient","cod_nlmod_base_23_25","df",NA,NA,"2026-02-18 21:55:36 UTC",NA,9309,0.714126,0.509976,0.49835,0.446024,1882.440408,1808.7916,3691.232008,243,9092.28459,9308,7.746668,0.198937,38.940314,0,11607.318715,13180.221237,0.440801,0.359995,"ecf5R539",-0.288261,0.277038,-1.040511,0.29813,"parametric",NA,NA
"coefficient","cod_nlmod_base_23_25","df",NA,NA,"2026-02-18 21:55:36 UTC",NA,9309,0.714126,0.509976,0.49835,0.446024,1882.440408,1808.7916,3691.232008,243,9092.28459,9308,7.746668,0.198937,38.940314,0,11607.318715,13180.221237,0.440801,0.359995,"ecf6R601",-1.019981,0.155075,-6.577353,0,"parametric",NA,NA
"coefficient","cod_nlmod_base_23_25","df",NA,NA,"2026-02-18 21:55:36 UTC",NA,9309,0.714126,0.509976,0.49835,0.446024,1882.440408,1808.7916,3691.232008,243,9092.28459,9308,7.746668,0.198937,38.940314,0,11607.318715,13180.221237,0.440801,0.359995,"ecf6R602",-0.732538,0.142499,-5.140666,0,"parametric",NA,NA
"coefficient","cod_nlmod_base_23_25","df",NA,NA,"2026-02-18 21:55:36 UTC",NA,9309,0.714126,0.509976,0.49835,0.446024,1882.440408,1808.7916,3691.232008,243,9092.28459,9308,7.746668,0.198937,38.940314,0,11607.318715,13180.221237,0.440801,0.359995,"ecf6R603",-0.822652,0.144926,-5.676364,0,"parametric",NA,NA
"coefficient","cod_nlmod_base_23_25","df",NA,NA,"2026-02-18 21:55:36 UTC",NA,9309,0.714126,0.509976,0.49835,0.446024,1882.440408,1808.7916,3691.232008,243,9092.28459,9308,7.746668,0.198937,38.940314,0,11607.318715,13180.221237,0.440801,0.359995,"ecf6R604",-0.2894,0.123972,-2.334403,0.019596,"parametric",NA,NA
"coefficient","cod_nlmod_base_23_25","df",NA,NA,"2026-02-18 21:55:36 UTC",NA,9309,0.714126,0.509976,0.49835,0.446024,1882.440408,1808.7916,3691.232008,243,9092.28459,9308,7.746668,0.198937,38.940314,0,11607.318715,13180.221237,0.440801,0.359995,"ecf6R605",-0.145927,0.147085,-0.992124,0.321163,"parametric",NA,NA
"coefficient","cod_nlmod_base_23_25","df",NA,NA,"2026-02-18 21:55:36 UTC",NA,9309,0.714126,0.509976,0.49835,0.446024,1882.440408,1808.7916,3691.232008,243,9092.28459,9308,7.746668,0.198937,38.940314,0,11607.318715,13180.221237,0.440801,0.359995,"ecf6R606",-0.341181,0.172654,-1.976091,0.048175,"parametric",NA,NA
"coefficient","cod_nlmod_base_23_25","df",NA,NA,"2026-02-18 21:55:36 UTC",NA,9309,0.714126,0.509976,0.49835,0.446024,1882.440408,1808.7916,3691.232008,243,9092.28459,9308,7.746668,0.198937,38.940314,0,11607.318715,13180.221237,0.440801,0.359995,"ecf6R607",0.235912,0.188533,1.251303,0.210856,"parametric",NA,NA
"coefficient","cod_nlmod_base_23_25","df",NA,NA,"2026-02-18 21:55:36 UTC",NA,9309,0.714126,0.509976,0.49835,0.446024,1882.440408,1808.7916,3691.232008,243,9092.28459,9308,7.746668,0.198937,38.940314,0,11607.318715,13180.221237,0.440801,0.359995,"ecf6R608",0.91023,0.246855,3.687301,0.000228,"parametric",NA,NA
"coefficient","cod_nlmod_base_23_25","df",NA,NA,"2026-02-18 21:55:36 UTC",NA,9309,0.714126,0.509976,0.49835,0.446024,1882.440408,1808.7916,3691.232008,243,9092.28459,9308,7.746668,0.198937,38.940314,0,11607.318715,13180.221237,0.440801,0.359995,"ecf6R609",1.440137,0.461269,3.122122,0.001801,"parametric",NA,NA
"coefficient","cod_nlmod_base_23_25","df",NA,NA,"2026-02-18 21:55:36 UTC",NA,9309,0.714126,0.509976,0.49835,0.446024,1882.440408,1808.7916,3691.232008,243,9092.28459,9308,7.746668,0.198937,38.940314,0,11607.318715,13180.221237,0.440801,0.359995,"ecf6R611",-0.090523,0.120064,-0.753959,0.450894,"parametric",NA,NA
"coefficient","cod_nlmod_base_23_25","df",NA,NA,"2026-02-18 21:55:36 UTC",NA,9309,0.714126,0.509976,0.49835,0.446024,1882.440408,1808.7916,3691.232008,243,9092.28459,9308,7.746668,0.198937,38.940314,0,11607.318715,13180.221237,0.440801,0.359995,"ecf6R612",-0.114315,0.160422,-0.71259,0.476118,"parametric",NA,NA
"coefficient","cod_nlmod_base_23_25","df",NA,NA,"2026-02-18 21:55:36 UTC",NA,9309,0.714126,0.509976,0.49835,0.446024,1882.440408,1808.7916,3691.232008,243,9092.28459,9308,7.746668,0.198937,38.940314,0,11607.318715,13180.221237,0.440801,0.359995,"ecf6R613",0.213852,0.174319,1.22679,0.219933,"parametric",NA,NA
"coefficient","cod_nlmod_base_23_25","df",NA,NA,"2026-02-18 21:55:36 UTC",NA,9309,0.714126,0.509976,0.49835,0.446024,1882.440408,1808.7916,3691.232008,243,9092.28459,9308,7.746668,0.198937,38.940314,0,11607.318715,13180.221237,0.440801,0.359995,"ecf6R614",1.36502,0.336666,4.054525,5.1e-05,"parametric",NA,NA
"coefficient","cod_nlmod_base_23_25","df",NA,NA,"2026-02-18 21:55:36 UTC",NA,9309,0.714126,0.509976,0.49835,0.446024,1882.440408,1808.7916,3691.232008,243,9092.28459,9308,7.746668,0.198937,38.940314,0,11607.318715,13180.221237,0.440801,0.359995,"ecf6R615",-0.140766,0.156255,-0.900873,0.36768,"parametric",NA,NA
"coefficient","cod_nlmod_base_23_25","df",NA,NA,"2026-02-18 21:55:36 UTC",NA,9309,0.714126,0.509976,0.49835,0.446024,1882.440408,1808.7916,3691.232008,243,9092.28459,9308,7.746668,0.198937,38.940314,0,11607.318715,13180.221237,0.440801,0.359995,"ecf6R616",0.276191,0.33198,0.831951,0.405458,"parametric",NA,NA
"coefficient","cod_nlmod_base_23_25","df",NA,NA,"2026-02-18 21:55:36 UTC",NA,9309,0.714126,0.509976,0.49835,0.446024,1882.440408,1808.7916,3691.232008,243,9092.28459,9308,7.746668,0.198937,38.940314,0,11607.318715,13180.221237,0.440801,0.359995,"ecf6R617",0.438503,0.462022,0.949095,0.342597,"parametric",NA,NA
"coefficient","cod_nlmod_base_23_25","df",NA,NA,"2026-02-18 21:55:36 UTC",NA,9309,0.714126,0.509976,0.49835,0.446024,1882.440408,1808.7916,3691.232008,243,9092.28459,9308,7.746668,0.198937,38.940314,0,11607.318715,13180.221237,0.440801,0.359995,"ecf6R618",-0.578971,0.277599,-2.085636,0.037039,"parametric",NA,NA
"coefficient","cod_nlmod_base_23_25","df",NA,NA,"2026-02-18 21:55:36 UTC",NA,9309,0.714126,0.509976,0.49835,0.446024,1882.440408,1808.7916,3691.232008,243,9092.28459,9308,7.746668,0.198937,38.940314,0,11607.318715,13180.221237,0.440801,0.359995,"ecf6R620",-0.595849,0.109903,-5.421588,0,"parametric",NA,NA
"coefficient","cod_nlmod_base_23_25","df",NA,NA,"2026-02-18 21:55:36 UTC",NA,9309,0.714126,0.509976,0.49835,0.446024,1882.440408,1808.7916,3691.232008,243,9092.28459,9308,7.746668,0.198937,38.940314,0,11607.318715,13180.221237,0.440801,0.359995,"ecf7R701",0.202546,0.112653,1.797969,0.072215,"parametric",NA,NA
"coefficient","cod_nlmod_base_23_25","df",NA,NA,"2026-02-18 21:55:36 UTC",NA,9309,0.714126,0.509976,0.49835,0.446024,1882.440408,1808.7916,3691.232008,243,9092.28459,9308,7.746668,0.198937,38.940314,0,11607.318715,13180.221237,0.440801,0.359995,"ecf7R702",0.090591,0.10789,0.839658,0.401122,"parametric",NA,NA
"coefficient","cod_nlmod_base_23_25","df",NA,NA,"2026-02-18 21:55:36 UTC",NA,9309,0.714126,0.509976,0.49835,0.446024,1882.440408,1808.7916,3691.232008,243,9092.28459,9308,7.746668,0.198937,38.940314,0,11607.318715,13180.221237,0.440801,0.359995,"ecf7R703",-0.444025,0.121649,-3.650038,0.000264,"parametric",NA,NA
"coefficient","cod_nlmod_base_23_25","df",NA,NA,"2026-02-18 21:55:36 UTC",NA,9309,0.714126,0.509976,0.49835,0.446024,1882.440408,1808.7916,3691.232008,243,9092.28459,9308,7.746668,0.198937,38.940314,0,11607.318715,13180.221237,0.440801,0.359995,"ecf7R704",-0.282208,0.102438,-2.75493,0.005882,"parametric",NA,NA
"coefficient","cod_nlmod_base_23_25","df",NA,NA,"2026-02-18 21:55:36 UTC",NA,9309,0.714126,0.509976,0.49835,0.446024,1882.440408,1808.7916,3691.232008,243,9092.28459,9308,7.746668,0.198937,38.940314,0,11607.318715,13180.221237,0.440801,0.359995,"ecf7R705",-0.280872,0.099728,-2.816387,0.004867,"parametric",NA,NA
"coefficient","cod_nlmod_base_23_25","df",NA,NA,"2026-02-18 21:55:36 UTC",NA,9309,0.714126,0.509976,0.49835,0.446024,1882.440408,1808.7916,3691.232008,243,9092.28459,9308,7.746668,0.198937,38.940314,0,11607.318715,13180.221237,0.440801,0.359995,"ecf7R706",-0.36856,0.143783,-2.563307,0.010384,"parametric",NA,NA
"coefficient","cod_nlmod_base_23_25","df",NA,NA,"2026-02-18 21:55:36 UTC",NA,9309,0.714126,0.509976,0.49835,0.446024,1882.440408,1808.7916,3691.232008,243,9092.28459,9308,7.746668,0.198937,38.940314,0,11607.318715,13180.221237,0.440801,0.359995,"ecf7R707",-0.461094,0.148634,-3.102208,0.001927,"parametric",NA,NA
"coefficient","cod_nlmod_base_23_25","df",NA,NA,"2026-02-18 21:55:36 UTC",NA,9309,0.714126,0.509976,0.49835,0.446024,1882.440408,1808.7916,3691.232008,243,9092.28459,9308,7.746668,0.198937,38.940314,0,11607.318715,13180.221237,0.440801,0.359995,"ecf7R708",-0.385689,0.111917,-3.446214,0.000571,"parametric",NA,NA
"coefficient","cod_nlmod_base_23_25","df",NA,NA,"2026-02-18 21:55:36 UTC",NA,9309,0.714126,0.509976,0.49835,0.446024,1882.440408,1808.7916,3691.232008,243,9092.28459,9308,7.746668,0.198937,38.940314,0,11607.318715,13180.221237,0.440801,0.359995,"ecf7R709",-0.328995,0.10753,-3.059552,0.002223,"parametric",NA,NA
"coefficient","cod_nlmod_base_23_25","df",NA,NA,"2026-02-18 21:55:36 UTC",NA,9309,0.714126,0.509976,0.49835,0.446024,1882.440408,1808.7916,3691.232008,243,9092.28459,9308,7.746668,0.198937,38.940314,0,11607.318715,13180.221237,0.440801,0.359995,"ecf7R710",-0.149621,0.109089,-1.371551,0.170237,"parametric",NA,NA
"coefficient","cod_nlmod_base_23_25","df",NA,NA,"2026-02-18 21:55:36 UTC",NA,9309,0.714126,0.509976,0.49835,0.446024,1882.440408,1808.7916,3691.232008,243,9092.28459,9308,7.746668,0.198937,38.940314,0,11607.318715,13180.221237,0.440801,0.359995,"ecf7R711",-0.444268,0.107968,-4.114821,3.9e-05,"parametric",NA,NA
"coefficient","cod_nlmod_base_23_25","df",NA,NA,"2026-02-18 21:55:36 UTC",NA,9309,0.714126,0.509976,0.49835,0.446024,1882.440408,1808.7916,3691.232008,243,9092.28459,9308,7.746668,0.198937,38.940314,0,11607.318715,13180.221237,0.440801,0.359995,"ecf7R712",-0.331163,0.133009,-2.489788,0.0128,"parametric",NA,NA
"coefficient","cod_nlmod_base_23_25","df",NA,NA,"2026-02-18 21:55:36 UTC",NA,9309,0.714126,0.509976,0.49835,0.446024,1882.440408,1808.7916,3691.232008,243,9092.28459,9308,7.746668,0.198937,38.940314,0,11607.318715,13180.221237,0.440801,0.359995,"ecf7R713",-0.31971,0.117029,-2.731883,0.006309,"parametric",NA,NA
"coefficient","cod_nlmod_base_23_25","df",NA,NA,"2026-02-18 21:55:36 UTC",NA,9309,0.714126,0.509976,0.49835,0.446024,1882.440408,1808.7916,3691.232008,243,9092.28459,9308,7.746668,0.198937,38.940314,0,11607.318715,13180.221237,0.440801,0.359995,"ecf7R715",-0.760008,0.178698,-4.253032,2.1e-05,"parametric",NA,NA
"coefficient","cod_nlmod_base_23_25","df",NA,NA,"2026-02-18 21:55:36 UTC",NA,9309,0.714126,0.509976,0.49835,0.446024,1882.440408,1808.7916,3691.232008,243,9092.28459,9308,7.746668,0.198937,38.940314,0,11607.318715,13180.221237,0.440801,0.359995,"ecf7R716",-0.805717,0.128997,-6.246031,0,"parametric",NA,NA
"coefficient","cod_nlmod_base_23_25","df",NA,NA,"2026-02-18 21:55:36 UTC",NA,9309,0.714126,0.509976,0.49835,0.446024,1882.440408,1808.7916,3691.232008,243,9092.28459,9308,7.746668,0.198937,38.940314,0,11607.318715,13180.221237,0.440801,0.359995,"ecf7R717",-0.897995,0.12021,-7.470232,0,"parametric",NA,NA
"coefficient","cod_nlmod_base_23_25","df",NA,NA,"2026-02-18 21:55:36 UTC",NA,9309,0.714126,0.509976,0.49835,0.446024,1882.440408,1808.7916,3691.232008,243,9092.28459,9308,7.746668,0.198937,38.940314,0,11607.318715,13180.221237,0.440801,0.359995,"ecf7R718",-0.657112,0.114085,-5.759823,0,"parametric",NA,NA
"coefficient","cod_nlmod_base_23_25","df",NA,NA,"2026-02-18 21:55:36 UTC",NA,9309,0.714126,0.509976,0.49835,0.446024,1882.440408,1808.7916,3691.232008,243,9092.28459,9308,7.746668,0.198937,38.940314,0,11607.318715,13180.221237,0.440801,0.359995,"ecf7R719",-0.231892,0.103231,-2.24634,0.024706,"parametric",NA,NA
"coefficient","cod_nlmod_base_23_25","df",NA,NA,"2026-02-18 21:55:36 UTC",NA,9309,0.714126,0.509976,0.49835,0.446024,1882.440408,1808.7916,3691.232008,243,9092.28459,9308,7.746668,0.198937,38.940314,0,11607.318715,13180.221237,0.440801,0.359995,"ecf7R720",-0.632429,0.197862,-3.196306,0.001397,"parametric",NA,NA
"coefficient","cod_nlmod_base_23_25","df",NA,NA,"2026-02-18 21:55:36 UTC",NA,9309,0.714126,0.509976,0.49835,0.446024,1882.440408,1808.7916,3691.232008,243,9092.28459,9308,7.746668,0.198937,38.940314,0,11607.318715,13180.221237,0.440801,0.359995,"ecf7R721",-0.1565,0.180487,-0.8671,0.38591,"parametric",NA,NA
"coefficient","cod_nlmod_base_23_25","df",NA,NA,"2026-02-18 21:55:36 UTC",NA,9309,0.714126,0.509976,0.49835,0.446024,1882.440408,1808.7916,3691.232008,243,9092.28459,9308,7.746668,0.198937,38.940314,0,11607.318715,13180.221237,0.440801,0.359995,"ecf7R722",-0.789808,0.173106,-4.562571,5e-06,"parametric",NA,NA
"coefficient","cod_nlmod_base_23_25","df",NA,NA,"2026-02-18 21:55:36 UTC",NA,9309,0.714126,0.509976,0.49835,0.446024,1882.440408,1808.7916,3691.232008,243,9092.28459,9308,7.746668,0.198937,38.940314,0,11607.318715,13180.221237,0.440801,0.359995,"ecf7R723",-0.038651,0.120437,-0.32092,0.748278,"parametric",NA,NA
"coefficient","cod_nlmod_base_23_25","df",NA,NA,"2026-02-18 21:55:36 UTC",NA,9309,0.714126,0.509976,0.49835,0.446024,1882.440408,1808.7916,3691.232008,243,9092.28459,9308,7.746668,0.198937,38.940314,0,11607.318715,13180.221237,0.440801,0.359995,"ecf7R724",-0.455472,0.146668,-3.105467,0.001906,"parametric",NA,NA
"coefficient","cod_nlmod_base_23_25","df",NA,NA,"2026-02-18 21:55:36 UTC",NA,9309,0.714126,0.509976,0.49835,0.446024,1882.440408,1808.7916,3691.232008,243,9092.28459,9308,7.746668,0.198937,38.940314,0,11607.318715,13180.221237,0.440801,0.359995,"s(ln_landratio)",NA,NA,1.900144,2.5e-05,"smooth",1.402896,9
"coefficient","cod_nlmod_base_23_25","df",NA,NA,"2026-02-18 21:55:36 UTC",NA,9309,0.714126,0.509976,0.49835,0.446024,1882.440408,1808.7916,3691.232008,243,9092.28459,9308,7.746668,0.198937,38.940314,0,11607.318715,13180.221237,0.440801,0.359995,"s(ln_base_bldgsize_ratio)",NA,NA,4.164249,0,"smooth",2.261633,9
"coefficient","cod_nlmod_base_23_25","df",NA,NA,"2026-02-18 21:55:36 UTC",NA,9309,0.714126,0.509976,0.49835,0.446024,1882.440408,1808.7916,3691.232008,243,9092.28459,9308,7.746668,0.198937,38.940314,0,11607.318715,13180.221237,0.440801,0.359995,"s(sresb_yearbuilt)",NA,NA,4.289611,0,"smooth",2.089436,9
"coefficient","cod_nlmod_base_23_25","df",NA,NA,"2026-02-18 21:55:36 UTC",NA,9309,0.714126,0.509976,0.49835,0.446024,1882.440408,1808.7916,3691.232008,243,9092.28459,9308,7.746668,0.198937,38.940314,0,11607.318715,13180.221237,0.440801,0.359995,"s(ln_garagespaces)",NA,NA,1.1845,0.033913,"smooth",0.892915,3
"coefficient","cod_nlmod_base_23_25","df",NA,NA,"2026-02-18 21:55:36 UTC",NA,9309,0.714126,0.509976,0.49835,0.446024,1882.440408,1808.7916,3691.232008,243,9092.28459,9308,7.746668,0.198937,38.940314,0,11607.318715,13180.221237,0.440801,0.359995,"s(months)",NA,NA,26.709867,0,"smooth",5.06853,9
"coefficient","cod_nlmod_tasp_23_25","dfa",NA,NA,"2026-02-18 21:55:36 UTC",NA,8441,0.752021,0.565536,0.555149,0.38213,1566.786435,1203.658992,2770.445426,229,8242.941515,8440,6.841862,0.146023,46.854691,0,7915.745048,9331.145103,0.37762,0.315856,"(Intercept)",11.665192,0.087518,133.288534,0,"parametric",NA,NA
"coefficient","cod_nlmod_tasp_23_25","dfa",NA,NA,"2026-02-18 21:55:36 UTC",NA,8441,0.752021,0.565536,0.555149,0.38213,1566.786435,1203.658992,2770.445426,229,8242.941515,8440,6.841862,0.146023,46.854691,0,7915.745048,9331.145103,0.37762,0.315856,"arterial",0.008748,0.016956,0.515962,0.605895,"parametric",NA,NA
"coefficient","cod_nlmod_tasp_23_25","dfa",NA,NA,"2026-02-18 21:55:36 UTC",NA,8441,0.752021,0.565536,0.555149,0.38213,1566.786435,1203.658992,2770.445426,229,8242.941515,8440,6.841862,0.146023,46.854691,0,7915.745048,9331.145103,0.37762,0.315856,"single_family1story",0.01057,0.012864,0.821672,0.411288,"parametric",NA,NA
"coefficient","cod_nlmod_tasp_23_25","dfa",NA,NA,"2026-02-18 21:55:36 UTC",NA,8441,0.752021,0.565536,0.555149,0.38213,1566.786435,1203.658992,2770.445426,229,8242.941515,8440,6.841862,0.146023,46.854691,0,7915.745048,9331.145103,0.37762,0.315856,"half_duplex1story",-0.278581,0.064322,-4.331013,1.5e-05,"parametric",NA,NA
"coefficient","cod_nlmod_tasp_23_25","dfa",NA,NA,"2026-02-18 21:55:36 UTC",NA,8441,0.752021,0.565536,0.555149,0.38213,1566.786435,1203.658992,2770.445426,229,8242.941515,8440,6.841862,0.146023,46.854691,0,7915.745048,9331.145103,0.37762,0.315856,"half_duplex2story",-0.162087,0.083473,-1.941791,0.052196,"parametric",NA,NA
"coefficient","cod_nlmod_tasp_23_25","dfa",NA,NA,"2026-02-18 21:55:36 UTC",NA,8441,0.752021,0.565536,0.555149,0.38213,1566.786435,1203.658992,2770.445426,229,8242.941515,8440,6.841862,0.146023,46.854691,0,7915.745048,9331.145103,0.37762,0.315856,"smallest",-0.04169,0.038819,-1.073955,0.282874,"parametric",NA,NA
"coefficient","cod_nlmod_tasp_23_25","dfa",NA,NA,"2026-02-18 21:55:36 UTC",NA,8441,0.752021,0.565536,0.555149,0.38213,1566.786435,1203.658992,2770.445426,229,8242.941515,8440,6.841862,0.146023,46.854691,0,7915.745048,9331.145103,0.37762,0.315856,"small",-0.019596,0.018921,-1.035641,0.3004,"parametric",NA,NA
"coefficient","cod_nlmod_tasp_23_25","dfa",NA,NA,"2026-02-18 21:55:36 UTC",NA,8441,0.752021,0.565536,0.555149,0.38213,1566.786435,1203.658992,2770.445426,229,8242.941515,8440,6.841862,0.146023,46.854691,0,7915.745048,9331.145103,0.37762,0.315856,"large",0.030175,0.020929,1.441816,0.149392,"parametric",NA,NA
"coefficient","cod_nlmod_tasp_23_25","dfa",NA,NA,"2026-02-18 21:55:36 UTC",NA,8441,0.752021,0.565536,0.555149,0.38213,1566.786435,1203.658992,2770.445426,229,8242.941515,8440,6.841862,0.146023,46.854691,0,7915.745048,9331.145103,0.37762,0.315856,"largest",0.084858,0.037105,2.286957,0.022224,"parametric",NA,NA
"coefficient","cod_nlmod_tasp_23_25","dfa",NA,NA,"2026-02-18 21:55:36 UTC",NA,8441,0.752021,0.565536,0.555149,0.38213,1566.786435,1203.658992,2770.445426,229,8242.941515,8440,6.841862,0.146023,46.854691,0,7915.745048,9331.145103,0.37762,0.315856,"two_plus_baths",0.113733,0.044778,2.539898,0.011107,"parametric",NA,NA
"coefficient","cod_nlmod_tasp_23_25","dfa",NA,NA,"2026-02-18 21:55:36 UTC",NA,8441,0.752021,0.565536,0.555149,0.38213,1566.786435,1203.658992,2770.445426,229,8242.941515,8440,6.841862,0.146023,46.854691,0,7915.745048,9331.145103,0.37762,0.315856,"powder_room",0.0357,0.020826,1.714194,0.086531,"parametric",NA,NA
"coefficient","cod_nlmod_tasp_23_25","dfa",NA,NA,"2026-02-18 21:55:36 UTC",NA,8441,0.752021,0.565536,0.555149,0.38213,1566.786435,1203.658992,2770.445426,229,8242.941515,8440,6.841862,0.146023,46.854691,0,7915.745048,9331.145103,0.37762,0.315856,"good",0.221033,0.033973,6.506114,0,"parametric",NA,NA
"coefficient","cod_nlmod_tasp_23_25","dfa",NA,NA,"2026-02-18 21:55:36 UTC",NA,8441,0.752021,0.565536,0.555149,0.38213,1566.786435,1203.658992,2770.445426,229,8242.941515,8440,6.841862,0.146023,46.854691,0,7915.745048,9331.145103,0.37762,0.315856,"fair",-0.169721,0.011079,-15.319265,0,"parametric",NA,NA
"coefficient","cod_nlmod_tasp_23_25","dfa",NA,NA,"2026-02-18 21:55:36 UTC",NA,8441,0.752021,0.565536,0.555149,0.38213,1566.786435,1203.658992,2770.445426,229,8242.941515,8440,6.841862,0.146023,46.854691,0,7915.745048,9331.145103,0.37762,0.315856,"poor",-0.273803,0.029297,-9.345789,0,"parametric",NA,NA
"coefficient","cod_nlmod_tasp_23_25","dfa",NA,NA,"2026-02-18 21:55:36 UTC",NA,8441,0.752021,0.565536,0.555149,0.38213,1566.786435,1203.658992,2770.445426,229,8242.941515,8440,6.841862,0.146023,46.854691,0,7915.745048,9331.145103,0.37762,0.315856,"very_poor_unsound",-0.319047,0.085496,-3.731701,0.000191,"parametric",NA,NA
"coefficient","cod_nlmod_tasp_23_25","dfa",NA,NA,"2026-02-18 21:55:36 UTC",NA,8441,0.752021,0.565536,0.555149,0.38213,1566.786435,1203.658992,2770.445426,229,8242.941515,8440,6.841862,0.146023,46.854691,0,7915.745048,9331.145103,0.37762,0.315856,"qabove_avg",0.18922,0.03921,4.825861,1e-06,"parametric",NA,NA
"coefficient","cod_nlmod_tasp_23_25","dfa",NA,NA,"2026-02-18 21:55:36 UTC",NA,8441,0.752021,0.565536,0.555149,0.38213,1566.786435,1203.658992,2770.445426,229,8242.941515,8440,6.841862,0.146023,46.854691,0,7915.745048,9331.145103,0.37762,0.315856,"qbelow_avg",-0.071416,0.012312,-5.800676,0,"parametric",NA,NA
"coefficient","cod_nlmod_tasp_23_25","dfa",NA,NA,"2026-02-18 21:55:36 UTC",NA,8441,0.752021,0.565536,0.555149,0.38213,1566.786435,1203.658992,2770.445426,229,8242.941515,8440,6.841862,0.146023,46.854691,0,7915.745048,9331.145103,0.37762,0.315856,"crawl",-0.027611,0.039455,-0.699815,0.484063,"parametric",NA,NA
"coefficient","cod_nlmod_tasp_23_25","dfa",NA,NA,"2026-02-18 21:55:36 UTC",NA,8441,0.752021,0.565536,0.555149,0.38213,1566.786435,1203.658992,2770.445426,229,8242.941515,8440,6.841862,0.146023,46.854691,0,7915.745048,9331.145103,0.37762,0.315856,"slab",-0.291351,0.046221,-6.303494,0,"parametric",NA,NA
"coefficient","cod_nlmod_tasp_23_25","dfa",NA,NA,"2026-02-18 21:55:36 UTC",NA,8441,0.752021,0.565536,0.555149,0.38213,1566.786435,1203.658992,2770.445426,229,8242.941515,8440,6.841862,0.146023,46.854691,0,7915.745048,9331.145103,0.37762,0.315856,"fireplace",0.070027,0.011356,6.166383,0,"parametric",NA,NA
"coefficient","cod_nlmod_tasp_23_25","dfa",NA,NA,"2026-02-18 21:55:36 UTC",NA,8441,0.752021,0.565536,0.555149,0.38213,1566.786435,1203.658992,2770.445426,229,8242.941515,8440,6.841862,0.146023,46.854691,0,7915.745048,9331.145103,0.37762,0.315856,"hot_water",0.045627,0.017916,2.546757,0.010891,"parametric",NA,NA
"coefficient","cod_nlmod_tasp_23_25","dfa",NA,NA,"2026-02-18 21:55:36 UTC",NA,8441,0.752021,0.565536,0.555149,0.38213,1566.786435,1203.658992,2770.445426,229,8242.941515,8440,6.841862,0.146023,46.854691,0,7915.745048,9331.145103,0.37762,0.315856,"elec_baseboard",-0.064759,0.175588,-0.368813,0.712277,"parametric",NA,NA
"coefficient","cod_nlmod_tasp_23_25","dfa",NA,NA,"2026-02-18 21:55:36 UTC",NA,8441,0.752021,0.565536,0.555149,0.38213,1566.786435,1203.658992,2770.445426,229,8242.941515,8440,6.841862,0.146023,46.854691,0,7915.745048,9331.145103,0.37762,0.315856,"wall",-0.12027,0.086334,-1.393079,0.163634,"parametric",NA,NA
"coefficient","cod_nlmod_tasp_23_25","dfa",NA,NA,"2026-02-18 21:55:36 UTC",NA,8441,0.752021,0.565536,0.555149,0.38213,1566.786435,1203.658992,2770.445426,229,8242.941515,8440,6.841862,0.146023,46.854691,0,7915.745048,9331.145103,0.37762,0.315856,"central_air",0.069912,0.010906,6.410332,0,"parametric",NA,NA
"coefficient","cod_nlmod_tasp_23_25","dfa",NA,NA,"2026-02-18 21:55:36 UTC",NA,8441,0.752021,0.565536,0.555149,0.38213,1566.786435,1203.658992,2770.445426,229,8242.941515,8440,6.841862,0.146023,46.854691,0,7915.745048,9331.145103,0.37762,0.315856,"ecf1R102",-0.193437,0.113999,-1.696832,0.089766,"parametric",NA,NA
"coefficient","cod_nlmod_tasp_23_25","dfa",NA,NA,"2026-02-18 21:55:36 UTC",NA,8441,0.752021,0.565536,0.555149,0.38213,1566.786435,1203.658992,2770.445426,229,8242.941515,8440,6.841862,0.146023,46.854691,0,7915.745048,9331.145103,0.37762,0.315856,"ecf1R103",0.038131,0.099652,0.382644,0.701994,"parametric",NA,NA
"coefficient","cod_nlmod_tasp_23_25","dfa",NA,NA,"2026-02-18 21:55:36 UTC",NA,8441,0.752021,0.565536,0.555149,0.38213,1566.786435,1203.658992,2770.445426,229,8242.941515,8440,6.841862,0.146023,46.854691,0,7915.745048,9331.145103,0.37762,0.315856,"ecf1R104",-0.065901,0.091119,-0.72324,0.469553,"parametric",NA,NA
"coefficient","cod_nlmod_tasp_23_25","dfa",NA,NA,"2026-02-18 21:55:36 UTC",NA,8441,0.752021,0.565536,0.555149,0.38213,1566.786435,1203.658992,2770.445426,229,8242.941515,8440,6.841862,0.146023,46.854691,0,7915.745048,9331.145103,0.37762,0.315856,"ecf1R105",-0.287324,0.094103,-3.053299,0.002271,"parametric",NA,NA
"coefficient","cod_nlmod_tasp_23_25","dfa",NA,NA,"2026-02-18 21:55:36 UTC",NA,8441,0.752021,0.565536,0.555149,0.38213,1566.786435,1203.658992,2770.445426,229,8242.941515,8440,6.841862,0.146023,46.854691,0,7915.745048,9331.145103,0.37762,0.315856,"ecf1R106",-0.26805,0.101527,-2.640191,0.008302,"parametric",NA,NA
"coefficient","cod_nlmod_tasp_23_25","dfa",NA,NA,"2026-02-18 21:55:36 UTC",NA,8441,0.752021,0.565536,0.555149,0.38213,1566.786435,1203.658992,2770.445426,229,8242.941515,8440,6.841862,0.146023,46.854691,0,7915.745048,9331.145103,0.37762,0.315856,"ecf1R107",-0.185084,0.133912,-1.382131,0.166969,"parametric",NA,NA
"coefficient","cod_nlmod_tasp_23_25","dfa",NA,NA,"2026-02-18 21:55:36 UTC",NA,8441,0.752021,0.565536,0.555149,0.38213,1566.786435,1203.658992,2770.445426,229,8242.941515,8440,6.841862,0.146023,46.854691,0,7915.745048,9331.145103,0.37762,0.315856,"ecf1R108",-0.361478,0.095286,-3.793608,0.00015,"parametric",NA,NA
"coefficient","cod_nlmod_tasp_23_25","dfa",NA,NA,"2026-02-18 21:55:36 UTC",NA,8441,0.752021,0.565536,0.555149,0.38213,1566.786435,1203.658992,2770.445426,229,8242.941515,8440,6.841862,0.146023,46.854691,0,7915.745048,9331.145103,0.37762,0.315856,"ecf1R109",-0.140624,0.091068,-1.544167,0.122586,"parametric",NA,NA
"coefficient","cod_nlmod_tasp_23_25","dfa",NA,NA,"2026-02-18 21:55:36 UTC",NA,8441,0.752021,0.565536,0.555149,0.38213,1566.786435,1203.658992,2770.445426,229,8242.941515,8440,6.841862,0.146023,46.854691,0,7915.745048,9331.145103,0.37762,0.315856,"ecf1R110",-0.135472,0.099672,-1.359173,0.174129,"parametric",NA,NA
"coefficient","cod_nlmod_tasp_23_25","dfa",NA,NA,"2026-02-18 21:55:36 UTC",NA,8441,0.752021,0.565536,0.555149,0.38213,1566.786435,1203.658992,2770.445426,229,8242.941515,8440,6.841862,0.146023,46.854691,0,7915.745048,9331.145103,0.37762,0.315856,"ecf1R111",-0.1176,0.160252,-0.733844,0.463065,"parametric",NA,NA
"coefficient","cod_nlmod_tasp_23_25","dfa",NA,NA,"2026-02-18 21:55:36 UTC",NA,8441,0.752021,0.565536,0.555149,0.38213,1566.786435,1203.658992,2770.445426,229,8242.941515,8440,6.841862,0.146023,46.854691,0,7915.745048,9331.145103,0.37762,0.315856,"ecf1R112",-0.072637,0.109442,-0.663703,0.506899,"parametric",NA,NA
"coefficient","cod_nlmod_tasp_23_25","dfa",NA,NA,"2026-02-18 21:55:36 UTC",NA,8441,0.752021,0.565536,0.555149,0.38213,1566.786435,1203.658992,2770.445426,229,8242.941515,8440,6.841862,0.146023,46.854691,0,7915.745048,9331.145103,0.37762,0.315856,"ecf1R113",-0.620152,0.124442,-4.983474,1e-06,"parametric",NA,NA
"coefficient","cod_nlmod_tasp_23_25","dfa",NA,NA,"2026-02-18 21:55:36 UTC",NA,8441,0.752021,0.565536,0.555149,0.38213,1566.786435,1203.658992,2770.445426,229,8242.941515,8440,6.841862,0.146023,46.854691,0,7915.745048,9331.145103,0.37762,0.315856,"ecf1R114",-0.298059,0.108158,-2.755763,0.005868,"parametric",NA,NA
"coefficient","cod_nlmod_tasp_23_25","dfa",NA,NA,"2026-02-18 21:55:36 UTC",NA,8441,0.752021,0.565536,0.555149,0.38213,1566.786435,1203.658992,2770.445426,229,8242.941515,8440,6.841862,0.146023,46.854691,0,7915.745048,9331.145103,0.37762,0.315856,"ecf1R115",0.189293,0.113992,1.66058,0.096836,"parametric",NA,NA
"coefficient","cod_nlmod_tasp_23_25","dfa",NA,NA,"2026-02-18 21:55:36 UTC",NA,8441,0.752021,0.565536,0.555149,0.38213,1566.786435,1203.658992,2770.445426,229,8242.941515,8440,6.841862,0.146023,46.854691,0,7915.745048,9331.145103,0.37762,0.315856,"ecf1R116",0.185177,0.097159,1.905909,0.056697,"parametric",NA,NA
"coefficient","cod_nlmod_tasp_23_25","dfa",NA,NA,"2026-02-18 21:55:36 UTC",NA,8441,0.752021,0.565536,0.555149,0.38213,1566.786435,1203.658992,2770.445426,229,8242.941515,8440,6.841862,0.146023,46.854691,0,7915.745048,9331.145103,0.37762,0.315856,"ecf1R117",-0.127452,0.093683,-1.360465,0.17372,"parametric",NA,NA
"coefficient","cod_nlmod_tasp_23_25","dfa",NA,NA,"2026-02-18 21:55:36 UTC",NA,8441,0.752021,0.565536,0.555149,0.38213,1566.786435,1203.658992,2770.445426,229,8242.941515,8440,6.841862,0.146023,46.854691,0,7915.745048,9331.145103,0.37762,0.315856,"ecf1R118",-0.213573,0.096488,-2.213462,0.026893,"parametric",NA,NA
"coefficient","cod_nlmod_tasp_23_25","dfa",NA,NA,"2026-02-18 21:55:36 UTC",NA,8441,0.752021,0.565536,0.555149,0.38213,1566.786435,1203.658992,2770.445426,229,8242.941515,8440,6.841862,0.146023,46.854691,0,7915.745048,9331.145103,0.37762,0.315856,"ecf1R119",-0.401329,0.106167,-3.780172,0.000158,"parametric",NA,NA
"coefficient","cod_nlmod_tasp_23_25","dfa",NA,NA,"2026-02-18 21:55:36 UTC",NA,8441,0.752021,0.565536,0.555149,0.38213,1566.786435,1203.658992,2770.445426,229,8242.941515,8440,6.841862,0.146023,46.854691,0,7915.745048,9331.145103,0.37762,0.315856,"ecf1R120",-0.099149,0.107391,-0.923254,0.355902,"parametric",NA,NA
"coefficient","cod_nlmod_tasp_23_25","dfa",NA,NA,"2026-02-18 21:55:36 UTC",NA,8441,0.752021,0.565536,0.555149,0.38213,1566.786435,1203.658992,2770.445426,229,8242.941515,8440,6.841862,0.146023,46.854691,0,7915.745048,9331.145103,0.37762,0.315856,"ecf1R121",-0.156601,0.094302,-1.660636,0.096825,"parametric",NA,NA
"coefficient","cod_nlmod_tasp_23_25","dfa",NA,NA,"2026-02-18 21:55:36 UTC",NA,8441,0.752021,0.565536,0.555149,0.38213,1566.786435,1203.658992,2770.445426,229,8242.941515,8440,6.841862,0.146023,46.854691,0,7915.745048,9331.145103,0.37762,0.315856,"ecf1R122",-0.398364,0.097319,-4.0934,4.3e-05,"parametric",NA,NA
"coefficient","cod_nlmod_tasp_23_25","dfa",NA,NA,"2026-02-18 21:55:36 UTC",NA,8441,0.752021,0.565536,0.555149,0.38213,1566.786435,1203.658992,2770.445426,229,8242.941515,8440,6.841862,0.146023,46.854691,0,7915.745048,9331.145103,0.37762,0.315856,"ecf1R123",-0.197143,0.105128,-1.875269,0.060791,"parametric",NA,NA
"coefficient","cod_nlmod_tasp_23_25","dfa",NA,NA,"2026-02-18 21:55:36 UTC",NA,8441,0.752021,0.565536,0.555149,0.38213,1566.786435,1203.658992,2770.445426,229,8242.941515,8440,6.841862,0.146023,46.854691,0,7915.745048,9331.145103,0.37762,0.315856,"ecf1R124",-0.563666,0.152032,-3.707545,0.000211,"parametric",NA,NA
"coefficient","cod_nlmod_tasp_23_25","dfa",NA,NA,"2026-02-18 21:55:36 UTC",NA,8441,0.752021,0.565536,0.555149,0.38213,1566.786435,1203.658992,2770.445426,229,8242.941515,8440,6.841862,0.146023,46.854691,0,7915.745048,9331.145103,0.37762,0.315856,"ecf1R125",-0.176826,0.116571,-1.516899,0.129331,"parametric",NA,NA
"coefficient","cod_nlmod_tasp_23_25","dfa",NA,NA,"2026-02-18 21:55:36 UTC",NA,8441,0.752021,0.565536,0.555149,0.38213,1566.786435,1203.658992,2770.445426,229,8242.941515,8440,6.841862,0.146023,46.854691,0,7915.745048,9331.145103,0.37762,0.315856,"ecf1R126",0.24974,0.096963,2.575618,0.010023,"parametric",NA,NA
"coefficient","cod_nlmod_tasp_23_25","dfa",NA,NA,"2026-02-18 21:55:36 UTC",NA,8441,0.752021,0.565536,0.555149,0.38213,1566.786435,1203.658992,2770.445426,229,8242.941515,8440,6.841862,0.146023,46.854691,0,7915.745048,9331.145103,0.37762,0.315856,"ecf1R127",-0.405395,0.116838,-3.469712,0.000524,"parametric",NA,NA
"coefficient","cod_nlmod_tasp_23_25","dfa",NA,NA,"2026-02-18 21:55:36 UTC",NA,8441,0.752021,0.565536,0.555149,0.38213,1566.786435,1203.658992,2770.445426,229,8242.941515,8440,6.841862,0.146023,46.854691,0,7915.745048,9331.145103,0.37762,0.315856,"ecf1R128",-0.527867,0.097941,-5.389654,0,"parametric",NA,NA
"coefficient","cod_nlmod_tasp_23_25","dfa",NA,NA,"2026-02-18 21:55:36 UTC",NA,8441,0.752021,0.565536,0.555149,0.38213,1566.786435,1203.658992,2770.445426,229,8242.941515,8440,6.841862,0.146023,46.854691,0,7915.745048,9331.145103,0.37762,0.315856,"ecf1R129",-0.170585,0.103445,-1.649044,0.099177,"parametric",NA,NA
"coefficient","cod_nlmod_tasp_23_25","dfa",NA,NA,"2026-02-18 21:55:36 UTC",NA,8441,0.752021,0.565536,0.555149,0.38213,1566.786435,1203.658992,2770.445426,229,8242.941515,8440,6.841862,0.146023,46.854691,0,7915.745048,9331.145103,0.37762,0.315856,"ecf1R131",-0.299776,0.16111,-1.860697,0.062823,"parametric",NA,NA
"coefficient","cod_nlmod_tasp_23_25","dfa",NA,NA,"2026-02-18 21:55:36 UTC",NA,8441,0.752021,0.565536,0.555149,0.38213,1566.786435,1203.658992,2770.445426,229,8242.941515,8440,6.841862,0.146023,46.854691,0,7915.745048,9331.145103,0.37762,0.315856,"ecf1R132",-0.041012,0.106653,-0.384537,0.70059,"parametric",NA,NA
"coefficient","cod_nlmod_tasp_23_25","dfa",NA,NA,"2026-02-18 21:55:36 UTC",NA,8441,0.752021,0.565536,0.555149,0.38213,1566.786435,1203.658992,2770.445426,229,8242.941515,8440,6.841862,0.146023,46.854691,0,7915.745048,9331.145103,0.37762,0.315856,"ecf1R133",-0.392567,0.14852,-2.643188,0.008228,"parametric",NA,NA
"coefficient","cod_nlmod_tasp_23_25","dfa",NA,NA,"2026-02-18 21:55:36 UTC",NA,8441,0.752021,0.565536,0.555149,0.38213,1566.786435,1203.658992,2770.445426,229,8242.941515,8440,6.841862,0.146023,46.854691,0,7915.745048,9331.145103,0.37762,0.315856,"ecf1R134",0.149032,0.114441,1.302258,0.192865,"parametric",NA,NA
"coefficient","cod_nlmod_tasp_23_25","dfa",NA,NA,"2026-02-18 21:55:36 UTC",NA,8441,0.752021,0.565536,0.555149,0.38213,1566.786435,1203.658992,2770.445426,229,8242.941515,8440,6.841862,0.146023,46.854691,0,7915.745048,9331.145103,0.37762,0.315856,"ecf1R135",-0.235877,0.098824,-2.386846,0.017016,"parametric",NA,NA
"coefficient","cod_nlmod_tasp_23_25","dfa",NA,NA,"2026-02-18 21:55:36 UTC",NA,8441,0.752021,0.565536,0.555149,0.38213,1566.786435,1203.658992,2770.445426,229,8242.941515,8440,6.841862,0.146023,46.854691,0,7915.745048,9331.145103,0.37762,0.315856,"ecf1R136",-0.244002,0.094972,-2.569188,0.010211,"parametric",NA,NA
"coefficient","cod_nlmod_tasp_23_25","dfa",NA,NA,"2026-02-18 21:55:36 UTC",NA,8441,0.752021,0.565536,0.555149,0.38213,1566.786435,1203.658992,2770.445426,229,8242.941515,8440,6.841862,0.146023,46.854691,0,7915.745048,9331.145103,0.37762,0.315856,"ecf1R137",-0.840223,0.140323,-5.987792,0,"parametric",NA,NA
"coefficient","cod_nlmod_tasp_23_25","dfa",NA,NA,"2026-02-18 21:55:36 UTC",NA,8441,0.752021,0.565536,0.555149,0.38213,1566.786435,1203.658992,2770.445426,229,8242.941515,8440,6.841862,0.146023,46.854691,0,7915.745048,9331.145103,0.37762,0.315856,"ecf2R201",-0.242946,0.091947,-2.64223,0.008252,"parametric",NA,NA
"coefficient","cod_nlmod_tasp_23_25","dfa",NA,NA,"2026-02-18 21:55:36 UTC",NA,8441,0.752021,0.565536,0.555149,0.38213,1566.786435,1203.658992,2770.445426,229,8242.941515,8440,6.841862,0.146023,46.854691,0,7915.745048,9331.145103,0.37762,0.315856,"ecf2R202",-0.194352,0.104073,-1.867458,0.061873,"parametric",NA,NA
"coefficient","cod_nlmod_tasp_23_25","dfa",NA,NA,"2026-02-18 21:55:36 UTC",NA,8441,0.752021,0.565536,0.555149,0.38213,1566.786435,1203.658992,2770.445426,229,8242.941515,8440,6.841862,0.146023,46.854691,0,7915.745048,9331.145103,0.37762,0.315856,"ecf2R203",-0.01773,0.092839,-0.190974,0.848551,"parametric",NA,NA
"coefficient","cod_nlmod_tasp_23_25","dfa",NA,NA,"2026-02-18 21:55:36 UTC",NA,8441,0.752021,0.565536,0.555149,0.38213,1566.786435,1203.658992,2770.445426,229,8242.941515,8440,6.841862,0.146023,46.854691,0,7915.745048,9331.145103,0.37762,0.315856,"ecf2R204",0.197064,0.179791,1.096069,0.273081,"parametric",NA,NA
"coefficient","cod_nlmod_tasp_23_25","dfa",NA,NA,"2026-02-18 21:55:36 UTC",NA,8441,0.752021,0.565536,0.555149,0.38213,1566.786435,1203.658992,2770.445426,229,8242.941515,8440,6.841862,0.146023,46.854691,0,7915.745048,9331.145103,0.37762,0.315856,"ecf2R205",-0.15323,0.095837,-1.598855,0.109891,"parametric",NA,NA
"coefficient","cod_nlmod_tasp_23_25","dfa",NA,NA,"2026-02-18 21:55:36 UTC",NA,8441,0.752021,0.565536,0.555149,0.38213,1566.786435,1203.658992,2770.445426,229,8242.941515,8440,6.841862,0.146023,46.854691,0,7915.745048,9331.145103,0.37762,0.315856,"ecf2R206",0.167925,0.284281,0.5907,0.554738,"parametric",NA,NA
"coefficient","cod_nlmod_tasp_23_25","dfa",NA,NA,"2026-02-18 21:55:36 UTC",NA,8441,0.752021,0.565536,0.555149,0.38213,1566.786435,1203.658992,2770.445426,229,8242.941515,8440,6.841862,0.146023,46.854691,0,7915.745048,9331.145103,0.37762,0.315856,"ecf2R207",-0.121957,0.126683,-0.962698,0.335727,"parametric",NA,NA
"coefficient","cod_nlmod_tasp_23_25","dfa",NA,NA,"2026-02-18 21:55:36 UTC",NA,8441,0.752021,0.565536,0.555149,0.38213,1566.786435,1203.658992,2770.445426,229,8242.941515,8440,6.841862,0.146023,46.854691,0,7915.745048,9331.145103,0.37762,0.315856,"ecf2R208",0.520065,0.132029,3.939031,8.2e-05,"parametric",NA,NA
"coefficient","cod_nlmod_tasp_23_25","dfa",NA,NA,"2026-02-18 21:55:36 UTC",NA,8441,0.752021,0.565536,0.555149,0.38213,1566.786435,1203.658992,2770.445426,229,8242.941515,8440,6.841862,0.146023,46.854691,0,7915.745048,9331.145103,0.37762,0.315856,"ecf2R209",0.280858,0.166572,1.68611,0.091812,"parametric",NA,NA
"coefficient","cod_nlmod_tasp_23_25","dfa",NA,NA,"2026-02-18 21:55:36 UTC",NA,8441,0.752021,0.565536,0.555149,0.38213,1566.786435,1203.658992,2770.445426,229,8242.941515,8440,6.841862,0.146023,46.854691,0,7915.745048,9331.145103,0.37762,0.315856,"ecf2R210",0.759004,0.2753,2.757003,0.005846,"parametric",NA,NA
"coefficient","cod_nlmod_tasp_23_25","dfa",NA,NA,"2026-02-18 21:55:36 UTC",NA,8441,0.752021,0.565536,0.555149,0.38213,1566.786435,1203.658992,2770.445426,229,8242.941515,8440,6.841862,0.146023,46.854691,0,7915.745048,9331.145103,0.37762,0.315856,"ecf2R212",-0.176734,0.091074,-1.94055,0.052347,"parametric",NA,NA
"coefficient","cod_nlmod_tasp_23_25","dfa",NA,NA,"2026-02-18 21:55:36 UTC",NA,8441,0.752021,0.565536,0.555149,0.38213,1566.786435,1203.658992,2770.445426,229,8242.941515,8440,6.841862,0.146023,46.854691,0,7915.745048,9331.145103,0.37762,0.315856,"ecf2R213",-0.043344,0.093436,-0.463887,0.642741,"parametric",NA,NA
"coefficient","cod_nlmod_tasp_23_25","dfa",NA,NA,"2026-02-18 21:55:36 UTC",NA,8441,0.752021,0.565536,0.555149,0.38213,1566.786435,1203.658992,2770.445426,229,8242.941515,8440,6.841862,0.146023,46.854691,0,7915.745048,9331.145103,0.37762,0.315856,"ecf2R214",0.070558,0.089644,0.787097,0.431248,"parametric",NA,NA
"coefficient","cod_nlmod_tasp_23_25","dfa",NA,NA,"2026-02-18 21:55:36 UTC",NA,8441,0.752021,0.565536,0.555149,0.38213,1566.786435,1203.658992,2770.445426,229,8242.941515,8440,6.841862,0.146023,46.854691,0,7915.745048,9331.145103,0.37762,0.315856,"ecf2R215",0.335486,0.113548,2.954561,0.00314,"parametric",NA,NA
"coefficient","cod_nlmod_tasp_23_25","dfa",NA,NA,"2026-02-18 21:55:36 UTC",NA,8441,0.752021,0.565536,0.555149,0.38213,1566.786435,1203.658992,2770.445426,229,8242.941515,8440,6.841862,0.146023,46.854691,0,7915.745048,9331.145103,0.37762,0.315856,"ecf2R216",0.589357,0.24877,2.36908,0.017855,"parametric",NA,NA
"coefficient","cod_nlmod_tasp_23_25","dfa",NA,NA,"2026-02-18 21:55:36 UTC",NA,8441,0.752021,0.565536,0.555149,0.38213,1566.786435,1203.658992,2770.445426,229,8242.941515,8440,6.841862,0.146023,46.854691,0,7915.745048,9331.145103,0.37762,0.315856,"ecf2R217",-0.215338,0.287405,-0.749251,0.453728,"parametric",NA,NA
"coefficient","cod_nlmod_tasp_23_25","dfa",NA,NA,"2026-02-18 21:55:36 UTC",NA,8441,0.752021,0.565536,0.555149,0.38213,1566.786435,1203.658992,2770.445426,229,8242.941515,8440,6.841862,0.146023,46.854691,0,7915.745048,9331.145103,0.37762,0.315856,"ecf2R218",-0.820815,0.169154,-4.852469,1e-06,"parametric",NA,NA
"coefficient","cod_nlmod_tasp_23_25","dfa",NA,NA,"2026-02-18 21:55:36 UTC",NA,8441,0.752021,0.565536,0.555149,0.38213,1566.786435,1203.658992,2770.445426,229,8242.941515,8440,6.841862,0.146023,46.854691,0,7915.745048,9331.145103,0.37762,0.315856,"ecf2R219",0.527379,0.169153,3.117754,0.001829,"parametric",NA,NA
"coefficient","cod_nlmod_tasp_23_25","dfa",NA,NA,"2026-02-18 21:55:36 UTC",NA,8441,0.752021,0.565536,0.555149,0.38213,1566.786435,1203.658992,2770.445426,229,8242.941515,8440,6.841862,0.146023,46.854691,0,7915.745048,9331.145103,0.37762,0.315856,"ecf2R220",-0.247967,0.097771,-2.536215,0.011224,"parametric",NA,NA
"coefficient","cod_nlmod_tasp_23_25","dfa",NA,NA,"2026-02-18 21:55:36 UTC",NA,8441,0.752021,0.565536,0.555149,0.38213,1566.786435,1203.658992,2770.445426,229,8242.941515,8440,6.841862,0.146023,46.854691,0,7915.745048,9331.145103,0.37762,0.315856,"ecf2R221",-0.228723,0.094279,-2.426037,0.015286,"parametric",NA,NA
"coefficient","cod_nlmod_tasp_23_25","dfa",NA,NA,"2026-02-18 21:55:36 UTC",NA,8441,0.752021,0.565536,0.555149,0.38213,1566.786435,1203.658992,2770.445426,229,8242.941515,8440,6.841862,0.146023,46.854691,0,7915.745048,9331.145103,0.37762,0.315856,"ecf2R222",-0.501024,0.096345,-5.200301,0,"parametric",NA,NA
"coefficient","cod_nlmod_tasp_23_25","dfa",NA,NA,"2026-02-18 21:55:36 UTC",NA,8441,0.752021,0.565536,0.555149,0.38213,1566.786435,1203.658992,2770.445426,229,8242.941515,8440,6.841862,0.146023,46.854691,0,7915.745048,9331.145103,0.37762,0.315856,"ecf2R223",-0.200974,0.100873,-1.992348,0.046366,"parametric",NA,NA
"coefficient","cod_nlmod_tasp_23_25","dfa",NA,NA,"2026-02-18 21:55:36 UTC",NA,8441,0.752021,0.565536,0.555149,0.38213,1566.786435,1203.658992,2770.445426,229,8242.941515,8440,6.841862,0.146023,46.854691,0,7915.745048,9331.145103,0.37762,0.315856,"ecf2R224",-0.578498,0.101923,-5.67583,0,"parametric",NA,NA
"coefficient","cod_nlmod_tasp_23_25","dfa",NA,NA,"2026-02-18 21:55:36 UTC",NA,8441,0.752021,0.565536,0.555149,0.38213,1566.786435,1203.658992,2770.445426,229,8242.941515,8440,6.841862,0.146023,46.854691,0,7915.745048,9331.145103,0.37762,0.315856,"ecf2R225",-0.182154,0.097051,-1.876901,0.060567,"parametric",NA,NA
"coefficient","cod_nlmod_tasp_23_25","dfa",NA,NA,"2026-02-18 21:55:36 UTC",NA,8441,0.752021,0.565536,0.555149,0.38213,1566.786435,1203.658992,2770.445426,229,8242.941515,8440,6.841862,0.146023,46.854691,0,7915.745048,9331.145103,0.37762,0.315856,"ecf2R227",-0.006878,0.150775,-0.045616,0.963617,"parametric",NA,NA
"coefficient","cod_nlmod_tasp_23_25","dfa",NA,NA,"2026-02-18 21:55:36 UTC",NA,8441,0.752021,0.565536,0.555149,0.38213,1566.786435,1203.658992,2770.445426,229,8242.941515,8440,6.841862,0.146023,46.854691,0,7915.745048,9331.145103,0.37762,0.315856,"ecf2R228",-0.837324,0.238309,-3.513613,0.000444,"parametric",NA,NA
"coefficient","cod_nlmod_tasp_23_25","dfa",NA,NA,"2026-02-18 21:55:36 UTC",NA,8441,0.752021,0.565536,0.555149,0.38213,1566.786435,1203.658992,2770.445426,229,8242.941515,8440,6.841862,0.146023,46.854691,0,7915.745048,9331.145103,0.37762,0.315856,"ecf3R301",-0.839569,0.21048,-3.988831,6.7e-05,"parametric",NA,NA
"coefficient","cod_nlmod_tasp_23_25","dfa",NA,NA,"2026-02-18 21:55:36 UTC",NA,8441,0.752021,0.565536,0.555149,0.38213,1566.786435,1203.658992,2770.445426,229,8242.941515,8440,6.841862,0.146023,46.854691,0,7915.745048,9331.145103,0.37762,0.315856,"ecf3R302",0.005603,0.182818,0.030646,0.975552,"parametric",NA,NA
"coefficient","cod_nlmod_tasp_23_25","dfa",NA,NA,"2026-02-18 21:55:36 UTC",NA,8441,0.752021,0.565536,0.555149,0.38213,1566.786435,1203.658992,2770.445426,229,8242.941515,8440,6.841862,0.146023,46.854691,0,7915.745048,9331.145103,0.37762,0.315856,"ecf3R303",-0.580387,0.094893,-6.116227,0,"parametric",NA,NA
"coefficient","cod_nlmod_tasp_23_25","dfa",NA,NA,"2026-02-18 21:55:36 UTC",NA,8441,0.752021,0.565536,0.555149,0.38213,1566.786435,1203.658992,2770.445426,229,8242.941515,8440,6.841862,0.146023,46.854691,0,7915.745048,9331.145103,0.37762,0.315856,"ecf3R304",-0.72251,0.144207,-5.01021,1e-06,"parametric",NA,NA
"coefficient","cod_nlmod_tasp_23_25","dfa",NA,NA,"2026-02-18 21:55:36 UTC",NA,8441,0.752021,0.565536,0.555149,0.38213,1566.786435,1203.658992,2770.445426,229,8242.941515,8440,6.841862,0.146023,46.854691,0,7915.745048,9331.145103,0.37762,0.315856,"ecf3R306",0.21174,0.154763,1.368156,0.171301,"parametric",NA,NA
"coefficient","cod_nlmod_tasp_23_25","dfa",NA,NA,"2026-02-18 21:55:36 UTC",NA,8441,0.752021,0.565536,0.555149,0.38213,1566.786435,1203.658992,2770.445426,229,8242.941515,8440,6.841862,0.146023,46.854691,0,7915.745048,9331.145103,0.37762,0.315856,"ecf3R307",-0.451306,0.092489,-4.879585,1e-06,"parametric",NA,NA
"coefficient","cod_nlmod_tasp_23_25","dfa",NA,NA,"2026-02-18 21:55:36 UTC",NA,8441,0.752021,0.565536,0.555149,0.38213,1566.786435,1203.658992,2770.445426,229,8242.941515,8440,6.841862,0.146023,46.854691,0,7915.745048,9331.145103,0.37762,0.315856,"ecf3R308",-0.770382,0.14017,-5.496061,0,"parametric",NA,NA
"coefficient","cod_nlmod_tasp_23_25","dfa",NA,NA,"2026-02-18 21:55:36 UTC",NA,8441,0.752021,0.565536,0.555149,0.38213,1566.786435,1203.658992,2770.445426,229,8242.941515,8440,6.841862,0.146023,46.854691,0,7915.745048,9331.145103,0.37762,0.315856,"ecf3R309",-0.703688,0.178388,-3.944714,8.1e-05,"parametric",NA,NA
"coefficient","cod_nlmod_tasp_23_25","dfa",NA,NA,"2026-02-18 21:55:36 UTC",NA,8441,0.752021,0.565536,0.555149,0.38213,1566.786435,1203.658992,2770.445426,229,8242.941515,8440,6.841862,0.146023,46.854691,0,7915.745048,9331.145103,0.37762,0.315856,"ecf3R310",0.392376,0.105036,3.735639,0.000189,"parametric",NA,NA
"coefficient","cod_nlmod_tasp_23_25","dfa",NA,NA,"2026-02-18 21:55:36 UTC",NA,8441,0.752021,0.565536,0.555149,0.38213,1566.786435,1203.658992,2770.445426,229,8242.941515,8440,6.841862,0.146023,46.854691,0,7915.745048,9331.145103,0.37762,0.315856,"ecf3R311",-0.437011,0.133455,-3.274602,0.001062,"parametric",NA,NA
"coefficient","cod_nlmod_tasp_23_25","dfa",NA,NA,"2026-02-18 21:55:36 UTC",NA,8441,0.752021,0.565536,0.555149,0.38213,1566.786435,1203.658992,2770.445426,229,8242.941515,8440,6.841862,0.146023,46.854691,0,7915.745048,9331.145103,0.37762,0.315856,"ecf3R312",-0.714718,0.101217,-7.061222,0,"parametric",NA,NA
"coefficient","cod_nlmod_tasp_23_25","dfa",NA,NA,"2026-02-18 21:55:36 UTC",NA,8441,0.752021,0.565536,0.555149,0.38213,1566.786435,1203.658992,2770.445426,229,8242.941515,8440,6.841862,0.146023,46.854691,0,7915.745048,9331.145103,0.37762,0.315856,"ecf3R313",-0.530079,0.114497,-4.629651,4e-06,"parametric",NA,NA
"coefficient","cod_nlmod_tasp_23_25","dfa",NA,NA,"2026-02-18 21:55:36 UTC",NA,8441,0.752021,0.565536,0.555149,0.38213,1566.786435,1203.658992,2770.445426,229,8242.941515,8440,6.841862,0.146023,46.854691,0,7915.745048,9331.145103,0.37762,0.315856,"ecf3R314",-0.324125,0.106326,-3.048419,0.002308,"parametric",NA,NA
"coefficient","cod_nlmod_tasp_23_25","dfa",NA,NA,"2026-02-18 21:55:36 UTC",NA,8441,0.752021,0.565536,0.555149,0.38213,1566.786435,1203.658992,2770.445426,229,8242.941515,8440,6.841862,0.146023,46.854691,0,7915.745048,9331.145103,0.37762,0.315856,"ecf3R315",-0.300177,0.100143,-2.997491,0.00273,"parametric",NA,NA
"coefficient","cod_nlmod_tasp_23_25","dfa",NA,NA,"2026-02-18 21:55:36 UTC",NA,8441,0.752021,0.565536,0.555149,0.38213,1566.786435,1203.658992,2770.445426,229,8242.941515,8440,6.841862,0.146023,46.854691,0,7915.745048,9331.145103,0.37762,0.315856,"ecf3R316",-0.741637,0.121501,-6.103975,0,"parametric",NA,NA
"coefficient","cod_nlmod_tasp_23_25","dfa",NA,NA,"2026-02-18 21:55:36 UTC",NA,8441,0.752021,0.565536,0.555149,0.38213,1566.786435,1203.658992,2770.445426,229,8242.941515,8440,6.841862,0.146023,46.854691,0,7915.745048,9331.145103,0.37762,0.315856,"ecf3R317",-0.940152,0.237347,-3.961093,7.5e-05,"parametric",NA,NA
"coefficient","cod_nlmod_tasp_23_25","dfa",NA,NA,"2026-02-18 21:55:36 UTC",NA,8441,0.752021,0.565536,0.555149,0.38213,1566.786435,1203.658992,2770.445426,229,8242.941515,8440,6.841862,0.146023,46.854691,0,7915.745048,9331.145103,0.37762,0.315856,"ecf3R318",-0.31678,0.178461,-1.775064,0.075924,"parametric",NA,NA
"coefficient","cod_nlmod_tasp_23_25","dfa",NA,NA,"2026-02-18 21:55:36 UTC",NA,8441,0.752021,0.565536,0.555149,0.38213,1566.786435,1203.658992,2770.445426,229,8242.941515,8440,6.841862,0.146023,46.854691,0,7915.745048,9331.145103,0.37762,0.315856,"ecf3R319",-0.602757,0.090164,-6.685109,0,"parametric",NA,NA
"coefficient","cod_nlmod_tasp_23_25","dfa",NA,NA,"2026-02-18 21:55:36 UTC",NA,8441,0.752021,0.565536,0.555149,0.38213,1566.786435,1203.658992,2770.445426,229,8242.941515,8440,6.841862,0.146023,46.854691,0,7915.745048,9331.145103,0.37762,0.315856,"ecf3R320",-0.487023,0.092663,-5.255875,0,"parametric",NA,NA
"coefficient","cod_nlmod_tasp_23_25","dfa",NA,NA,"2026-02-18 21:55:36 UTC",NA,8441,0.752021,0.565536,0.555149,0.38213,1566.786435,1203.658992,2770.445426,229,8242.941515,8440,6.841862,0.146023,46.854691,0,7915.745048,9331.145103,0.37762,0.315856,"ecf3R321",-0.964788,0.133827,-7.209195,0,"parametric",NA,NA
"coefficient","cod_nlmod_tasp_23_25","dfa",NA,NA,"2026-02-18 21:55:36 UTC",NA,8441,0.752021,0.565536,0.555149,0.38213,1566.786435,1203.658992,2770.445426,229,8242.941515,8440,6.841862,0.146023,46.854691,0,7915.745048,9331.145103,0.37762,0.315856,"ecf3R322",-0.276899,0.09605,-2.882867,0.003951,"parametric",NA,NA
"coefficient","cod_nlmod_tasp_23_25","dfa",NA,NA,"2026-02-18 21:55:36 UTC",NA,8441,0.752021,0.565536,0.555149,0.38213,1566.786435,1203.658992,2770.445426,229,8242.941515,8440,6.841862,0.146023,46.854691,0,7915.745048,9331.145103,0.37762,0.315856,"ecf3R323",-0.4119,0.091634,-4.49507,7e-06,"parametric",NA,NA
"coefficient","cod_nlmod_tasp_23_25","dfa",NA,NA,"2026-02-18 21:55:36 UTC",NA,8441,0.752021,0.565536,0.555149,0.38213,1566.786435,1203.658992,2770.445426,229,8242.941515,8440,6.841862,0.146023,46.854691,0,7915.745048,9331.145103,0.37762,0.315856,"ecf3R324",-0.870493,0.128869,-6.754889,0,"parametric",NA,NA
"coefficient","cod_nlmod_tasp_23_25","dfa",NA,NA,"2026-02-18 21:55:36 UTC",NA,8441,0.752021,0.565536,0.555149,0.38213,1566.786435,1203.658992,2770.445426,229,8242.941515,8440,6.841862,0.146023,46.854691,0,7915.745048,9331.145103,0.37762,0.315856,"ecf3R325",-0.524097,0.098874,-5.300646,0,"parametric",NA,NA
"coefficient","cod_nlmod_tasp_23_25","dfa",NA,NA,"2026-02-18 21:55:36 UTC",NA,8441,0.752021,0.565536,0.555149,0.38213,1566.786435,1203.658992,2770.445426,229,8242.941515,8440,6.841862,0.146023,46.854691,0,7915.745048,9331.145103,0.37762,0.315856,"ecf3R326",-1.029038,0.169008,-6.088698,0,"parametric",NA,NA
"coefficient","cod_nlmod_tasp_23_25","dfa",NA,NA,"2026-02-18 21:55:36 UTC",NA,8441,0.752021,0.565536,0.555149,0.38213,1566.786435,1203.658992,2770.445426,229,8242.941515,8440,6.841862,0.146023,46.854691,0,7915.745048,9331.145103,0.37762,0.315856,"ecf4R401",-0.663845,0.095897,-6.922481,0,"parametric",NA,NA
"coefficient","cod_nlmod_tasp_23_25","dfa",NA,NA,"2026-02-18 21:55:36 UTC",NA,8441,0.752021,0.565536,0.555149,0.38213,1566.786435,1203.658992,2770.445426,229,8242.941515,8440,6.841862,0.146023,46.854691,0,7915.745048,9331.145103,0.37762,0.315856,"ecf4R402",-1.35439,0.122668,-11.041123,0,"parametric",NA,NA
"coefficient","cod_nlmod_tasp_23_25","dfa",NA,NA,"2026-02-18 21:55:36 UTC",NA,8441,0.752021,0.565536,0.555149,0.38213,1566.786435,1203.658992,2770.445426,229,8242.941515,8440,6.841862,0.146023,46.854691,0,7915.745048,9331.145103,0.37762,0.315856,"ecf4R403",-0.487595,0.09974,-4.888647,1e-06,"parametric",NA,NA
"coefficient","cod_nlmod_tasp_23_25","dfa",NA,NA,"2026-02-18 21:55:36 UTC",NA,8441,0.752021,0.565536,0.555149,0.38213,1566.786435,1203.658992,2770.445426,229,8242.941515,8440,6.841862,0.146023,46.854691,0,7915.745048,9331.145103,0.37762,0.315856,"ecf4R404",-0.363855,0.099744,-3.647881,0.000266,"parametric",NA,NA
"coefficient","cod_nlmod_tasp_23_25","dfa",NA,NA,"2026-02-18 21:55:36 UTC",NA,8441,0.752021,0.565536,0.555149,0.38213,1566.786435,1203.658992,2770.445426,229,8242.941515,8440,6.841862,0.146023,46.854691,0,7915.745048,9331.145103,0.37762,0.315856,"ecf4R405",-0.38539,0.090824,-4.243247,2.2e-05,"parametric",NA,NA
"coefficient","cod_nlmod_tasp_23_25","dfa",NA,NA,"2026-02-18 21:55:36 UTC",NA,8441,0.752021,0.565536,0.555149,0.38213,1566.786435,1203.658992,2770.445426,229,8242.941515,8440,6.841862,0.146023,46.854691,0,7915.745048,9331.145103,0.37762,0.315856,"ecf4R406",-0.442727,0.090848,-4.873248,1e-06,"parametric",NA,NA
"coefficient","cod_nlmod_tasp_23_25","dfa",NA,NA,"2026-02-18 21:55:36 UTC",NA,8441,0.752021,0.565536,0.555149,0.38213,1566.786435,1203.658992,2770.445426,229,8242.941515,8440,6.841862,0.146023,46.854691,0,7915.745048,9331.145103,0.37762,0.315856,"ecf4R407",-0.547736,0.109143,-5.018521,1e-06,"parametric",NA,NA
"coefficient","cod_nlmod_tasp_23_25","dfa",NA,NA,"2026-02-18 21:55:36 UTC",NA,8441,0.752021,0.565536,0.555149,0.38213,1566.786435,1203.658992,2770.445426,229,8242.941515,8440,6.841862,0.146023,46.854691,0,7915.745048,9331.145103,0.37762,0.315856,"ecf4R408",-0.545846,0.093169,-5.85864,0,"parametric",NA,NA
"coefficient","cod_nlmod_tasp_23_25","dfa",NA,NA,"2026-02-18 21:55:36 UTC",NA,8441,0.752021,0.565536,0.555149,0.38213,1566.786435,1203.658992,2770.445426,229,8242.941515,8440,6.841862,0.146023,46.854691,0,7915.745048,9331.145103,0.37762,0.315856,"ecf4R409",-0.423892,0.106893,-3.965569,7.4e-05,"parametric",NA,NA
"coefficient","cod_nlmod_tasp_23_25","dfa",NA,NA,"2026-02-18 21:55:36 UTC",NA,8441,0.752021,0.565536,0.555149,0.38213,1566.786435,1203.658992,2770.445426,229,8242.941515,8440,6.841862,0.146023,46.854691,0,7915.745048,9331.145103,0.37762,0.315856,"ecf4R410",-0.142283,0.08993,-1.582147,0.113654,"parametric",NA,NA
"coefficient","cod_nlmod_tasp_23_25","dfa",NA,NA,"2026-02-18 21:55:36 UTC",NA,8441,0.752021,0.565536,0.555149,0.38213,1566.786435,1203.658992,2770.445426,229,8242.941515,8440,6.841862,0.146023,46.854691,0,7915.745048,9331.145103,0.37762,0.315856,"ecf4R411",-0.621957,0.094157,-6.60554,0,"parametric",NA,NA
"coefficient","cod_nlmod_tasp_23_25","dfa",NA,NA,"2026-02-18 21:55:36 UTC",NA,8441,0.752021,0.565536,0.555149,0.38213,1566.786435,1203.658992,2770.445426,229,8242.941515,8440,6.841862,0.146023,46.854691,0,7915.745048,9331.145103,0.37762,0.315856,"ecf4R412",-0.566305,0.123692,-4.578349,5e-06,"parametric",NA,NA
"coefficient","cod_nlmod_tasp_23_25","dfa",NA,NA,"2026-02-18 21:55:36 UTC",NA,8441,0.752021,0.565536,0.555149,0.38213,1566.786435,1203.658992,2770.445426,229,8242.941515,8440,6.841862,0.146023,46.854691,0,7915.745048,9331.145103,0.37762,0.315856,"ecf4R413",-0.332107,0.093294,-3.559805,0.000373,"parametric",NA,NA
"coefficient","cod_nlmod_tasp_23_25","dfa",NA,NA,"2026-02-18 21:55:36 UTC",NA,8441,0.752021,0.565536,0.555149,0.38213,1566.786435,1203.658992,2770.445426,229,8242.941515,8440,6.841862,0.146023,46.854691,0,7915.745048,9331.145103,0.37762,0.315856,"ecf4R414",0.086278,0.100129,0.861666,0.388897,"parametric",NA,NA
"coefficient","cod_nlmod_tasp_23_25","dfa",NA,NA,"2026-02-18 21:55:36 UTC",NA,8441,0.752021,0.565536,0.555149,0.38213,1566.786435,1203.658992,2770.445426,229,8242.941515,8440,6.841862,0.146023,46.854691,0,7915.745048,9331.145103,0.37762,0.315856,"ecf4R415",0.095424,0.103749,0.919752,0.357729,"parametric",NA,NA
"coefficient","cod_nlmod_tasp_23_25","dfa",NA,NA,"2026-02-18 21:55:36 UTC",NA,8441,0.752021,0.565536,0.555149,0.38213,1566.786435,1203.658992,2770.445426,229,8242.941515,8440,6.841862,0.146023,46.854691,0,7915.745048,9331.145103,0.37762,0.315856,"ecf4R416",-0.685799,0.209883,-3.26753,0.001089,"parametric",NA,NA
"coefficient","cod_nlmod_tasp_23_25","dfa",NA,NA,"2026-02-18 21:55:36 UTC",NA,8441,0.752021,0.565536,0.555149,0.38213,1566.786435,1203.658992,2770.445426,229,8242.941515,8440,6.841862,0.146023,46.854691,0,7915.745048,9331.145103,0.37762,0.315856,"ecf4R417",-0.157622,0.092669,-1.700913,0.088997,"parametric",NA,NA
"coefficient","cod_nlmod_tasp_23_25","dfa",NA,NA,"2026-02-18 21:55:36 UTC",NA,8441,0.752021,0.565536,0.555149,0.38213,1566.786435,1203.658992,2770.445426,229,8242.941515,8440,6.841862,0.146023,46.854691,0,7915.745048,9331.145103,0.37762,0.315856,"ecf4R418",0.046128,0.393604,0.117193,0.90671,"parametric",NA,NA
"coefficient","cod_nlmod_tasp_23_25","dfa",NA,NA,"2026-02-18 21:55:36 UTC",NA,8441,0.752021,0.565536,0.555149,0.38213,1566.786435,1203.658992,2770.445426,229,8242.941515,8440,6.841862,0.146023,46.854691,0,7915.745048,9331.145103,0.37762,0.315856,"ecf4R419",-0.989121,0.112781,-8.770304,0,"parametric",NA,NA
"coefficient","cod_nlmod_tasp_23_25","dfa",NA,NA,"2026-02-18 21:55:36 UTC",NA,8441,0.752021,0.565536,0.555149,0.38213,1566.786435,1203.658992,2770.445426,229,8242.941515,8440,6.841862,0.146023,46.854691,0,7915.745048,9331.145103,0.37762,0.315856,"ecf4R421",-0.888988,0.11952,-7.437992,0,"parametric",NA,NA
"coefficient","cod_nlmod_tasp_23_25","dfa",NA,NA,"2026-02-18 21:55:36 UTC",NA,8441,0.752021,0.565536,0.555149,0.38213,1566.786435,1203.658992,2770.445426,229,8242.941515,8440,6.841862,0.146023,46.854691,0,7915.745048,9331.145103,0.37762,0.315856,"ecf4R422",0.174552,0.105623,1.652598,0.098451,"parametric",NA,NA
"coefficient","cod_nlmod_tasp_23_25","dfa",NA,NA,"2026-02-18 21:55:36 UTC",NA,8441,0.752021,0.565536,0.555149,0.38213,1566.786435,1203.658992,2770.445426,229,8242.941515,8440,6.841862,0.146023,46.854691,0,7915.745048,9331.145103,0.37762,0.315856,"ecf5R501",-0.7357,0.108677,-6.769573,0,"parametric",NA,NA
"coefficient","cod_nlmod_tasp_23_25","dfa",NA,NA,"2026-02-18 21:55:36 UTC",NA,8441,0.752021,0.565536,0.555149,0.38213,1566.786435,1203.658992,2770.445426,229,8242.941515,8440,6.841862,0.146023,46.854691,0,7915.745048,9331.145103,0.37762,0.315856,"ecf5R502",-0.56136,0.111994,-5.012415,1e-06,"parametric",NA,NA
"coefficient","cod_nlmod_tasp_23_25","dfa",NA,NA,"2026-02-18 21:55:36 UTC",NA,8441,0.752021,0.565536,0.555149,0.38213,1566.786435,1203.658992,2770.445426,229,8242.941515,8440,6.841862,0.146023,46.854691,0,7915.745048,9331.145103,0.37762,0.315856,"ecf5R503",0.517165,0.215514,2.39968,0.016431,"parametric",NA,NA
"coefficient","cod_nlmod_tasp_23_25","dfa",NA,NA,"2026-02-18 21:55:36 UTC",NA,8441,0.752021,0.565536,0.555149,0.38213,1566.786435,1203.658992,2770.445426,229,8242.941515,8440,6.841862,0.146023,46.854691,0,7915.745048,9331.145103,0.37762,0.315856,"ecf5R504",0.284973,0.121999,2.335854,0.019523,"parametric",NA,NA
"coefficient","cod_nlmod_tasp_23_25","dfa",NA,NA,"2026-02-18 21:55:36 UTC",NA,8441,0.752021,0.565536,0.555149,0.38213,1566.786435,1203.658992,2770.445426,229,8242.941515,8440,6.841862,0.146023,46.854691,0,7915.745048,9331.145103,0.37762,0.315856,"ecf5R507",-0.091738,0.162827,-0.56341,0.573171,"parametric",NA,NA
"coefficient","cod_nlmod_tasp_23_25","dfa",NA,NA,"2026-02-18 21:55:36 UTC",NA,8441,0.752021,0.565536,0.555149,0.38213,1566.786435,1203.658992,2770.445426,229,8242.941515,8440,6.841862,0.146023,46.854691,0,7915.745048,9331.145103,0.37762,0.315856,"ecf5R509",0.530993,0.239274,2.219184,0.026501,"parametric",NA,NA
"coefficient","cod_nlmod_tasp_23_25","dfa",NA,NA,"2026-02-18 21:55:36 UTC",NA,8441,0.752021,0.565536,0.555149,0.38213,1566.786435,1203.658992,2770.445426,229,8242.941515,8440,6.841862,0.146023,46.854691,0,7915.745048,9331.145103,0.37762,0.315856,"ecf5R510",0.173765,0.180109,0.964776,0.334685,"parametric",NA,NA
"coefficient","cod_nlmod_tasp_23_25","dfa",NA,NA,"2026-02-18 21:55:36 UTC",NA,8441,0.752021,0.565536,0.555149,0.38213,1566.786435,1203.658992,2770.445426,229,8242.941515,8440,6.841862,0.146023,46.854691,0,7915.745048,9331.145103,0.37762,0.315856,"ecf5R513",0.076174,0.201034,0.378909,0.704765,"parametric",NA,NA
"coefficient","cod_nlmod_tasp_23_25","dfa",NA,NA,"2026-02-18 21:55:36 UTC",NA,8441,0.752021,0.565536,0.555149,0.38213,1566.786435,1203.658992,2770.445426,229,8242.941515,8440,6.841862,0.146023,46.854691,0,7915.745048,9331.145103,0.37762,0.315856,"ecf5R514",0.4767,0.150651,3.164262,0.00156,"parametric",NA,NA
"coefficient","cod_nlmod_tasp_23_25","dfa",NA,NA,"2026-02-18 21:55:36 UTC",NA,8441,0.752021,0.565536,0.555149,0.38213,1566.786435,1203.658992,2770.445426,229,8242.941515,8440,6.841862,0.146023,46.854691,0,7915.745048,9331.145103,0.37762,0.315856,"ecf5R516",0.350575,0.395168,0.887154,0.375022,"parametric",NA,NA
"coefficient","cod_nlmod_tasp_23_25","dfa",NA,NA,"2026-02-18 21:55:36 UTC",NA,8441,0.752021,0.565536,0.555149,0.38213,1566.786435,1203.658992,2770.445426,229,8242.941515,8440,6.841862,0.146023,46.854691,0,7915.745048,9331.145103,0.37762,0.315856,"ecf5R517",0.696968,0.286241,2.434896,0.014917,"parametric",NA,NA
"coefficient","cod_nlmod_tasp_23_25","dfa",NA,NA,"2026-02-18 21:55:36 UTC",NA,8441,0.752021,0.565536,0.555149,0.38213,1566.786435,1203.658992,2770.445426,229,8242.941515,8440,6.841862,0.146023,46.854691,0,7915.745048,9331.145103,0.37762,0.315856,"ecf5R518",0.222559,0.246371,0.903351,0.366366,"parametric",NA,NA
"coefficient","cod_nlmod_tasp_23_25","dfa",NA,NA,"2026-02-18 21:55:36 UTC",NA,8441,0.752021,0.565536,0.555149,0.38213,1566.786435,1203.658992,2770.445426,229,8242.941515,8440,6.841862,0.146023,46.854691,0,7915.745048,9331.145103,0.37762,0.315856,"ecf5R521",0.573052,0.393156,1.457568,0.144998,"parametric",NA,NA
"coefficient","cod_nlmod_tasp_23_25","dfa",NA,NA,"2026-02-18 21:55:36 UTC",NA,8441,0.752021,0.565536,0.555149,0.38213,1566.786435,1203.658992,2770.445426,229,8242.941515,8440,6.841862,0.146023,46.854691,0,7915.745048,9331.145103,0.37762,0.315856,"ecf5R523",-0.598888,0.288384,-2.0767,0.03786,"parametric",NA,NA
"coefficient","cod_nlmod_tasp_23_25","dfa",NA,NA,"2026-02-18 21:55:36 UTC",NA,8441,0.752021,0.565536,0.555149,0.38213,1566.786435,1203.658992,2770.445426,229,8242.941515,8440,6.841862,0.146023,46.854691,0,7915.745048,9331.145103,0.37762,0.315856,"ecf5R528",-0.517053,0.284875,-1.815018,0.069557,"parametric",NA,NA
"coefficient","cod_nlmod_tasp_23_25","dfa",NA,NA,"2026-02-18 21:55:36 UTC",NA,8441,0.752021,0.565536,0.555149,0.38213,1566.786435,1203.658992,2770.445426,229,8242.941515,8440,6.841862,0.146023,46.854691,0,7915.745048,9331.145103,0.37762,0.315856,"ecf5R529",0.424848,0.193045,2.200776,0.027779,"parametric",NA,NA
"coefficient","cod_nlmod_tasp_23_25","dfa",NA,NA,"2026-02-18 21:55:36 UTC",NA,8441,0.752021,0.565536,0.555149,0.38213,1566.786435,1203.658992,2770.445426,229,8242.941515,8440,6.841862,0.146023,46.854691,0,7915.745048,9331.145103,0.37762,0.315856,"ecf5R530",0.373868,0.238721,1.566126,0.117357,"parametric",NA,NA
"coefficient","cod_nlmod_tasp_23_25","dfa",NA,NA,"2026-02-18 21:55:36 UTC",NA,8441,0.752021,0.565536,0.555149,0.38213,1566.786435,1203.658992,2770.445426,229,8242.941515,8440,6.841862,0.146023,46.854691,0,7915.745048,9331.145103,0.37762,0.315856,"ecf5R531",0.005693,0.169619,0.033561,0.973228,"parametric",NA,NA
"coefficient","cod_nlmod_tasp_23_25","dfa",NA,NA,"2026-02-18 21:55:36 UTC",NA,8441,0.752021,0.565536,0.555149,0.38213,1566.786435,1203.658992,2770.445426,229,8242.941515,8440,6.841862,0.146023,46.854691,0,7915.745048,9331.145103,0.37762,0.315856,"ecf5R532",0.624077,0.399621,1.561673,0.118404,"parametric",NA,NA
"coefficient","cod_nlmod_tasp_23_25","dfa",NA,NA,"2026-02-18 21:55:36 UTC",NA,8441,0.752021,0.565536,0.555149,0.38213,1566.786435,1203.658992,2770.445426,229,8242.941515,8440,6.841862,0.146023,46.854691,0,7915.745048,9331.145103,0.37762,0.315856,"ecf5R534",-0.077448,0.141909,-0.545756,0.585248,"parametric",NA,NA
"coefficient","cod_nlmod_tasp_23_25","dfa",NA,NA,"2026-02-18 21:55:36 UTC",NA,8441,0.752021,0.565536,0.555149,0.38213,1566.786435,1203.658992,2770.445426,229,8242.941515,8440,6.841862,0.146023,46.854691,0,7915.745048,9331.145103,0.37762,0.315856,"ecf5R535",-0.014816,0.291085,-0.0509,0.959407,"parametric",NA,NA
"coefficient","cod_nlmod_tasp_23_25","dfa",NA,NA,"2026-02-18 21:55:36 UTC",NA,8441,0.752021,0.565536,0.555149,0.38213,1566.786435,1203.658992,2770.445426,229,8242.941515,8440,6.841862,0.146023,46.854691,0,7915.745048,9331.145103,0.37762,0.315856,"ecf5R539",-0.348726,0.238474,-1.462321,0.143692,"parametric",NA,NA
"coefficient","cod_nlmod_tasp_23_25","dfa",NA,NA,"2026-02-18 21:55:36 UTC",NA,8441,0.752021,0.565536,0.555149,0.38213,1566.786435,1203.658992,2770.445426,229,8242.941515,8440,6.841862,0.146023,46.854691,0,7915.745048,9331.145103,0.37762,0.315856,"ecf6R601",-1.162347,0.160821,-7.227578,0,"parametric",NA,NA
"coefficient","cod_nlmod_tasp_23_25","dfa",NA,NA,"2026-02-18 21:55:36 UTC",NA,8441,0.752021,0.565536,0.555149,0.38213,1566.786435,1203.658992,2770.445426,229,8242.941515,8440,6.841862,0.146023,46.854691,0,7915.745048,9331.145103,0.37762,0.315856,"ecf6R602",-0.777438,0.160857,-4.833093,1e-06,"parametric",NA,NA
"coefficient","cod_nlmod_tasp_23_25","dfa",NA,NA,"2026-02-18 21:55:36 UTC",NA,8441,0.752021,0.565536,0.555149,0.38213,1566.786435,1203.658992,2770.445426,229,8242.941515,8440,6.841862,0.146023,46.854691,0,7915.745048,9331.145103,0.37762,0.315856,"ecf6R603",-1.033873,0.149537,-6.913824,0,"parametric",NA,NA
"coefficient","cod_nlmod_tasp_23_25","dfa",NA,NA,"2026-02-18 21:55:36 UTC",NA,8441,0.752021,0.565536,0.555149,0.38213,1566.786435,1203.658992,2770.445426,229,8242.941515,8440,6.841862,0.146023,46.854691,0,7915.745048,9331.145103,0.37762,0.315856,"ecf6R604",-0.341723,0.119119,-2.868756,0.004131,"parametric",NA,NA
"coefficient","cod_nlmod_tasp_23_25","dfa",NA,NA,"2026-02-18 21:55:36 UTC",NA,8441,0.752021,0.565536,0.555149,0.38213,1566.786435,1203.658992,2770.445426,229,8242.941515,8440,6.841862,0.146023,46.854691,0,7915.745048,9331.145103,0.37762,0.315856,"ecf6R605",-0.150775,0.129888,-1.160804,0.245755,"parametric",NA,NA
"coefficient","cod_nlmod_tasp_23_25","dfa",NA,NA,"2026-02-18 21:55:36 UTC",NA,8441,0.752021,0.565536,0.555149,0.38213,1566.786435,1203.658992,2770.445426,229,8242.941515,8440,6.841862,0.146023,46.854691,0,7915.745048,9331.145103,0.37762,0.315856,"ecf6R606",-0.418882,0.237944,-1.760423,0.078373,"parametric",NA,NA
"coefficient","cod_nlmod_tasp_23_25","dfa",NA,NA,"2026-02-18 21:55:36 UTC",NA,8441,0.752021,0.565536,0.555149,0.38213,1566.786435,1203.658992,2770.445426,229,8242.941515,8440,6.841862,0.146023,46.854691,0,7915.745048,9331.145103,0.37762,0.315856,"ecf6R607",0.101399,0.17152,0.591178,0.554417,"parametric",NA,NA
"coefficient","cod_nlmod_tasp_23_25","dfa",NA,NA,"2026-02-18 21:55:36 UTC",NA,8441,0.752021,0.565536,0.555149,0.38213,1566.786435,1203.658992,2770.445426,229,8242.941515,8440,6.841862,0.146023,46.854691,0,7915.745048,9331.145103,0.37762,0.315856,"ecf6R608",0.711209,0.394317,1.803646,0.071323,"parametric",NA,NA
"coefficient","cod_nlmod_tasp_23_25","dfa",NA,NA,"2026-02-18 21:55:36 UTC",NA,8441,0.752021,0.565536,0.555149,0.38213,1566.786435,1203.658992,2770.445426,229,8242.941515,8440,6.841862,0.146023,46.854691,0,7915.745048,9331.145103,0.37762,0.315856,"ecf6R611",-0.143509,0.105833,-1.355997,0.175137,"parametric",NA,NA
"coefficient","cod_nlmod_tasp_23_25","dfa",NA,NA,"2026-02-18 21:55:36 UTC",NA,8441,0.752021,0.565536,0.555149,0.38213,1566.786435,1203.658992,2770.445426,229,8242.941515,8440,6.841862,0.146023,46.854691,0,7915.745048,9331.145103,0.37762,0.315856,"ecf6R612",-0.172561,0.139248,-1.239236,0.215293,"parametric",NA,NA
"coefficient","cod_nlmod_tasp_23_25","dfa",NA,NA,"2026-02-18 21:55:36 UTC",NA,8441,0.752021,0.565536,0.555149,0.38213,1566.786435,1203.658992,2770.445426,229,8242.941515,8440,6.841862,0.146023,46.854691,0,7915.745048,9331.145103,0.37762,0.315856,"ecf6R613",0.09112,0.156603,0.581854,0.560681,"parametric",NA,NA
"coefficient","cod_nlmod_tasp_23_25","dfa",NA,NA,"2026-02-18 21:55:36 UTC",NA,8441,0.752021,0.565536,0.555149,0.38213,1566.786435,1203.658992,2770.445426,229,8242.941515,8440,6.841862,0.146023,46.854691,0,7915.745048,9331.145103,0.37762,0.315856,"ecf6R615",-0.210681,0.141911,-1.484601,0.137688,"parametric",NA,NA
"coefficient","cod_nlmod_tasp_23_25","dfa",NA,NA,"2026-02-18 21:55:36 UTC",NA,8441,0.752021,0.565536,0.555149,0.38213,1566.786435,1203.658992,2770.445426,229,8242.941515,8440,6.841862,0.146023,46.854691,0,7915.745048,9331.145103,0.37762,0.315856,"ecf6R616",0.208899,0.28541,0.731925,0.464235,"parametric",NA,NA
"coefficient","cod_nlmod_tasp_23_25","dfa",NA,NA,"2026-02-18 21:55:36 UTC",NA,8441,0.752021,0.565536,0.555149,0.38213,1566.786435,1203.658992,2770.445426,229,8242.941515,8440,6.841862,0.146023,46.854691,0,7915.745048,9331.145103,0.37762,0.315856,"ecf6R617",0.335926,0.397293,0.845538,0.397835,"parametric",NA,NA
"coefficient","cod_nlmod_tasp_23_25","dfa",NA,NA,"2026-02-18 21:55:36 UTC",NA,8441,0.752021,0.565536,0.555149,0.38213,1566.786435,1203.658992,2770.445426,229,8242.941515,8440,6.841862,0.146023,46.854691,0,7915.745048,9331.145103,0.37762,0.315856,"ecf6R620",-0.659733,0.097056,-6.797436,0,"parametric",NA,NA
"coefficient","cod_nlmod_tasp_23_25","dfa",NA,NA,"2026-02-18 21:55:36 UTC",NA,8441,0.752021,0.565536,0.555149,0.38213,1566.786435,1203.658992,2770.445426,229,8242.941515,8440,6.841862,0.146023,46.854691,0,7915.745048,9331.145103,0.37762,0.315856,"ecf7R701",0.180125,0.098953,1.820302,0.068749,"parametric",NA,NA
"coefficient","cod_nlmod_tasp_23_25","dfa",NA,NA,"2026-02-18 21:55:36 UTC",NA,8441,0.752021,0.565536,0.555149,0.38213,1566.786435,1203.658992,2770.445426,229,8242.941515,8440,6.841862,0.146023,46.854691,0,7915.745048,9331.145103,0.37762,0.315856,"ecf7R702",0.051582,0.094584,0.545357,0.585523,"parametric",NA,NA
"coefficient","cod_nlmod_tasp_23_25","dfa",NA,NA,"2026-02-18 21:55:36 UTC",NA,8441,0.752021,0.565536,0.555149,0.38213,1566.786435,1203.658992,2770.445426,229,8242.941515,8440,6.841862,0.146023,46.854691,0,7915.745048,9331.145103,0.37762,0.315856,"ecf7R703",-0.482707,0.112393,-4.294811,1.8e-05,"parametric",NA,NA
"coefficient","cod_nlmod_tasp_23_25","dfa",NA,NA,"2026-02-18 21:55:36 UTC",NA,8441,0.752021,0.565536,0.555149,0.38213,1566.786435,1203.658992,2770.445426,229,8242.941515,8440,6.841862,0.146023,46.854691,0,7915.745048,9331.145103,0.37762,0.315856,"ecf7R704",-0.338547,0.089854,-3.767755,0.000166,"parametric",NA,NA
"coefficient","cod_nlmod_tasp_23_25","dfa",NA,NA,"2026-02-18 21:55:36 UTC",NA,8441,0.752021,0.565536,0.555149,0.38213,1566.786435,1203.658992,2770.445426,229,8242.941515,8440,6.841862,0.146023,46.854691,0,7915.745048,9331.145103,0.37762,0.315856,"ecf7R705",-0.336049,0.087608,-3.835818,0.000126,"parametric",NA,NA
"coefficient","cod_nlmod_tasp_23_25","dfa",NA,NA,"2026-02-18 21:55:36 UTC",NA,8441,0.752021,0.565536,0.555149,0.38213,1566.786435,1203.658992,2770.445426,229,8242.941515,8440,6.841862,0.146023,46.854691,0,7915.745048,9331.145103,0.37762,0.315856,"ecf7R706",-0.462734,0.143847,-3.216841,0.001301,"parametric",NA,NA
"coefficient","cod_nlmod_tasp_23_25","dfa",NA,NA,"2026-02-18 21:55:36 UTC",NA,8441,0.752021,0.565536,0.555149,0.38213,1566.786435,1203.658992,2770.445426,229,8242.941515,8440,6.841862,0.146023,46.854691,0,7915.745048,9331.145103,0.37762,0.315856,"ecf7R707",-0.655718,0.16032,-4.090047,4.4e-05,"parametric",NA,NA
"coefficient","cod_nlmod_tasp_23_25","dfa",NA,NA,"2026-02-18 21:55:36 UTC",NA,8441,0.752021,0.565536,0.555149,0.38213,1566.786435,1203.658992,2770.445426,229,8242.941515,8440,6.841862,0.146023,46.854691,0,7915.745048,9331.145103,0.37762,0.315856,"ecf7R708",-0.506557,0.098667,-5.133984,0,"parametric",NA,NA
"coefficient","cod_nlmod_tasp_23_25","dfa",NA,NA,"2026-02-18 21:55:36 UTC",NA,8441,0.752021,0.565536,0.555149,0.38213,1566.786435,1203.658992,2770.445426,229,8242.941515,8440,6.841862,0.146023,46.854691,0,7915.745048,9331.145103,0.37762,0.315856,"ecf7R709",-0.388669,0.09434,-4.119868,3.8e-05,"parametric",NA,NA
"coefficient","cod_nlmod_tasp_23_25","dfa",NA,NA,"2026-02-18 21:55:36 UTC",NA,8441,0.752021,0.565536,0.555149,0.38213,1566.786435,1203.658992,2770.445426,229,8242.941515,8440,6.841862,0.146023,46.854691,0,7915.745048,9331.145103,0.37762,0.315856,"ecf7R710",-0.185392,0.095848,-1.934222,0.05312,"parametric",NA,NA
"coefficient","cod_nlmod_tasp_23_25","dfa",NA,NA,"2026-02-18 21:55:36 UTC",NA,8441,0.752021,0.565536,0.555149,0.38213,1566.786435,1203.658992,2770.445426,229,8242.941515,8440,6.841862,0.146023,46.854691,0,7915.745048,9331.145103,0.37762,0.315856,"ecf7R711",-0.514603,0.094619,-5.438659,0,"parametric",NA,NA
"coefficient","cod_nlmod_tasp_23_25","dfa",NA,NA,"2026-02-18 21:55:36 UTC",NA,8441,0.752021,0.565536,0.555149,0.38213,1566.786435,1203.658992,2770.445426,229,8242.941515,8440,6.841862,0.146023,46.854691,0,7915.745048,9331.145103,0.37762,0.315856,"ecf7R712",-0.422392,0.129142,-3.270767,0.001077,"parametric",NA,NA
"coefficient","cod_nlmod_tasp_23_25","dfa",NA,NA,"2026-02-18 21:55:36 UTC",NA,8441,0.752021,0.565536,0.555149,0.38213,1566.786435,1203.658992,2770.445426,229,8242.941515,8440,6.841862,0.146023,46.854691,0,7915.745048,9331.145103,0.37762,0.315856,"ecf7R713",-0.353078,0.10528,-3.353694,0.000801,"parametric",NA,NA
"coefficient","cod_nlmod_tasp_23_25","dfa",NA,NA,"2026-02-18 21:55:36 UTC",NA,8441,0.752021,0.565536,0.555149,0.38213,1566.786435,1203.658992,2770.445426,229,8242.941515,8440,6.841862,0.146023,46.854691,0,7915.745048,9331.145103,0.37762,0.315856,"ecf7R715",-0.839825,0.284543,-2.951486,0.003171,"parametric",NA,NA
"coefficient","cod_nlmod_tasp_23_25","dfa",NA,NA,"2026-02-18 21:55:36 UTC",NA,8441,0.752021,0.565536,0.555149,0.38213,1566.786435,1203.658992,2770.445426,229,8242.941515,8440,6.841862,0.146023,46.854691,0,7915.745048,9331.145103,0.37762,0.315856,"ecf7R716",-0.809031,0.134193,-6.028848,0,"parametric",NA,NA
"coefficient","cod_nlmod_tasp_23_25","dfa",NA,NA,"2026-02-18 21:55:36 UTC",NA,8441,0.752021,0.565536,0.555149,0.38213,1566.786435,1203.658992,2770.445426,229,8242.941515,8440,6.841862,0.146023,46.854691,0,7915.745048,9331.145103,0.37762,0.315856,"ecf7R717",-1.024638,0.11135,-9.20194,0,"parametric",NA,NA
"coefficient","cod_nlmod_tasp_23_25","dfa",NA,NA,"2026-02-18 21:55:36 UTC",NA,8441,0.752021,0.565536,0.555149,0.38213,1566.786435,1203.658992,2770.445426,229,8242.941515,8440,6.841862,0.146023,46.854691,0,7915.745048,9331.145103,0.37762,0.315856,"ecf7R718",-0.73495,0.102533,-7.167905,0,"parametric",NA,NA
"coefficient","cod_nlmod_tasp_23_25","dfa",NA,NA,"2026-02-18 21:55:36 UTC",NA,8441,0.752021,0.565536,0.555149,0.38213,1566.786435,1203.658992,2770.445426,229,8242.941515,8440,6.841862,0.146023,46.854691,0,7915.745048,9331.145103,0.37762,0.315856,"ecf7R719",-0.293279,0.090658,-3.235016,0.001221,"parametric",NA,NA
"coefficient","cod_nlmod_tasp_23_25","dfa",NA,NA,"2026-02-18 21:55:36 UTC",NA,8441,0.752021,0.565536,0.555149,0.38213,1566.786435,1203.658992,2770.445426,229,8242.941515,8440,6.841862,0.146023,46.854691,0,7915.745048,9331.145103,0.37762,0.315856,"ecf7R720",-0.58222,0.287059,-2.028222,0.04257,"parametric",NA,NA
"coefficient","cod_nlmod_tasp_23_25","dfa",NA,NA,"2026-02-18 21:55:36 UTC",NA,8441,0.752021,0.565536,0.555149,0.38213,1566.786435,1203.658992,2770.445426,229,8242.941515,8440,6.841862,0.146023,46.854691,0,7915.745048,9331.145103,0.37762,0.315856,"ecf7R721",-0.232766,0.156131,-1.490837,0.136042,"parametric",NA,NA
"coefficient","cod_nlmod_tasp_23_25","dfa",NA,NA,"2026-02-18 21:55:36 UTC",NA,8441,0.752021,0.565536,0.555149,0.38213,1566.786435,1203.658992,2770.445426,229,8242.941515,8440,6.841862,0.146023,46.854691,0,7915.745048,9331.145103,0.37762,0.315856,"ecf7R722",-0.74661,0.237694,-3.141055,0.001689,"parametric",NA,NA
"coefficient","cod_nlmod_tasp_23_25","dfa",NA,NA,"2026-02-18 21:55:36 UTC",NA,8441,0.752021,0.565536,0.555149,0.38213,1566.786435,1203.658992,2770.445426,229,8242.941515,8440,6.841862,0.146023,46.854691,0,7915.745048,9331.145103,0.37762,0.315856,"ecf7R723",-0.130409,0.105644,-1.234418,0.217082,"parametric",NA,NA
"coefficient","cod_nlmod_tasp_23_25","dfa",NA,NA,"2026-02-18 21:55:36 UTC",NA,8441,0.752021,0.565536,0.555149,0.38213,1566.786435,1203.658992,2770.445426,229,8242.941515,8440,6.841862,0.146023,46.854691,0,7915.745048,9331.145103,0.37762,0.315856,"ecf7R724",-0.467903,0.148916,-3.142073,0.001684,"parametric",NA,NA
"coefficient","cod_nlmod_tasp_23_25","dfa",NA,NA,"2026-02-18 21:55:36 UTC",NA,8441,0.752021,0.565536,0.555149,0.38213,1566.786435,1203.658992,2770.445426,229,8242.941515,8440,6.841862,0.146023,46.854691,0,7915.745048,9331.145103,0.37762,0.315856,"s(ln_landratio)",NA,NA,2.930486,1e-06,"smooth",1.691369,9
"coefficient","cod_nlmod_tasp_23_25","dfa",NA,NA,"2026-02-18 21:55:36 UTC",NA,8441,0.752021,0.565536,0.555149,0.38213,1566.786435,1203.658992,2770.445426,229,8242.941515,8440,6.841862,0.146023,46.854691,0,7915.745048,9331.145103,0.37762,0.315856,"s(ln_base_bldgsize_ratio)",NA,NA,5.474698,0,"smooth",2.347426,9
"coefficient","cod_nlmod_tasp_23_25","dfa",NA,NA,"2026-02-18 21:55:36 UTC",NA,8441,0.752021,0.565536,0.555149,0.38213,1566.786435,1203.658992,2770.445426,229,8242.941515,8440,6.841862,0.146023,46.854691,0,7915.745048,9331.145103,0.37762,0.315856,"s(sresb_yearbuilt)",NA,NA,5.546305,0,"smooth",2.115706,9
"coefficient","cod_nlmod_tasp_23_25","dfa",NA,NA,"2026-02-18 21:55:36 UTC",NA,8441,0.752021,0.565536,0.555149,0.38213,1566.786435,1203.658992,2770.445426,229,8242.941515,8440,6.841862,0.146023,46.854691,0,7915.745048,9331.145103,0.37762,0.315856,"s(ln_garagespaces)",NA,NA,0.016317,0.338014,"smooth",0.053071,3
"coefficient","cod_nlmod_tasp_23_25","dfa",NA,NA,"2026-02-18 21:55:36 UTC",NA,8441,0.752021,0.565536,0.555149,0.38213,1566.786435,1203.658992,2770.445426,229,8242.941515,8440,6.841862,0.146023,46.854691,0,7915.745048,9331.145103,0.37762,0.315856,"s(months)",NA,NA,0.292348,0.059185,"smooth",0.850913,9
"coefficient","cod_nlmod_alt_23_25","dfa",NA,NA,"2026-02-18 21:55:36 UTC",NA,8441,0.752081,0.565626,0.555247,0.382088,1567.036982,1203.408445,2770.445426,226,8243.030298,8440,6.933792,0.145991,47.494645,0,7911.723658,9319.152848,0.377581,0.315808,"(Intercept)",0,0,NA,NA,"parametric",NA,NA
"coefficient","cod_nlmod_alt_23_25","dfa",NA,NA,"2026-02-18 21:55:36 UTC",NA,8441,0.752081,0.565626,0.555247,0.382088,1567.036982,1203.408445,2770.445426,226,8243.030298,8440,6.933792,0.145991,47.494645,0,7911.723658,9319.152848,0.377581,0.315808,"arterial",0.008772,0.016952,0.517488,0.604829,"parametric",NA,NA
"coefficient","cod_nlmod_alt_23_25","dfa",NA,NA,"2026-02-18 21:55:36 UTC",NA,8441,0.752081,0.565626,0.555247,0.382088,1567.036982,1203.408445,2770.445426,226,8243.030298,8440,6.933792,0.145991,47.494645,0,7911.723658,9319.152848,0.377581,0.315808,"single_family1story",0.0101,0.012858,0.785514,0.432175,"parametric",NA,NA
"coefficient","cod_nlmod_alt_23_25","dfa",NA,NA,"2026-02-18 21:55:36 UTC",NA,8441,0.752081,0.565626,0.555247,0.382088,1567.036982,1203.408445,2770.445426,226,8243.030298,8440,6.933792,0.145991,47.494645,0,7911.723658,9319.152848,0.377581,0.315808,"half_duplex1story",-0.155634,0.062916,-2.473664,0.013394,"parametric",NA,NA
"coefficient","cod_nlmod_alt_23_25","dfa",NA,NA,"2026-02-18 21:55:36 UTC",NA,8441,0.752081,0.565626,0.555247,0.382088,1567.036982,1203.408445,2770.445426,226,8243.030298,8440,6.933792,0.145991,47.494645,0,7911.723658,9319.152848,0.377581,0.315808,"half_duplex2story",-0.04368,0.082899,-0.526906,0.598273,"parametric",NA,NA
"coefficient","cod_nlmod_alt_23_25","dfa",NA,NA,"2026-02-18 21:55:36 UTC",NA,8441,0.752081,0.565626,0.555247,0.382088,1567.036982,1203.408445,2770.445426,226,8243.030298,8440,6.933792,0.145991,47.494645,0,7911.723658,9319.152848,0.377581,0.315808,"smallest",-0.025337,0.039962,-0.634015,0.526088,"parametric",NA,NA
"coefficient","cod_nlmod_alt_23_25","dfa",NA,NA,"2026-02-18 21:55:36 UTC",NA,8441,0.752081,0.565626,0.555247,0.382088,1567.036982,1203.408445,2770.445426,226,8243.030298,8440,6.933792,0.145991,47.494645,0,7911.723658,9319.152848,0.377581,0.315808,"small",-0.020429,0.018958,-1.077543,0.281269,"parametric",NA,NA
"coefficient","cod_nlmod_alt_23_25","dfa",NA,NA,"2026-02-18 21:55:36 UTC",NA,8441,0.752081,0.565626,0.555247,0.382088,1567.036982,1203.408445,2770.445426,226,8243.030298,8440,6.933792,0.145991,47.494645,0,7911.723658,9319.152848,0.377581,0.315808,"large",0.035953,0.020656,1.740552,0.081799,"parametric",NA,NA
"coefficient","cod_nlmod_alt_23_25","dfa",NA,NA,"2026-02-18 21:55:36 UTC",NA,8441,0.752081,0.565626,0.555247,0.382088,1567.036982,1203.408445,2770.445426,226,8243.030298,8440,6.933792,0.145991,47.494645,0,7911.723658,9319.152848,0.377581,0.315808,"largest",0.095286,0.036379,2.619293,0.008827,"parametric",NA,NA
"coefficient","cod_nlmod_alt_23_25","dfa",NA,NA,"2026-02-18 21:55:36 UTC",NA,8441,0.752081,0.565626,0.555247,0.382088,1567.036982,1203.408445,2770.445426,226,8243.030298,8440,6.933792,0.145991,47.494645,0,7911.723658,9319.152848,0.377581,0.315808,"two_plus_baths",0.126051,0.043227,2.916045,0.003555,"parametric",NA,NA
"coefficient","cod_nlmod_alt_23_25","dfa",NA,NA,"2026-02-18 21:55:36 UTC",NA,8441,0.752081,0.565626,0.555247,0.382088,1567.036982,1203.408445,2770.445426,226,8243.030298,8440,6.933792,0.145991,47.494645,0,7911.723658,9319.152848,0.377581,0.315808,"powder_room",0.040455,0.020555,1.96811,0.049089,"parametric",NA,NA
"coefficient","cod_nlmod_alt_23_25","dfa",NA,NA,"2026-02-18 21:55:36 UTC",NA,8441,0.752081,0.565626,0.555247,0.382088,1567.036982,1203.408445,2770.445426,226,8243.030298,8440,6.933792,0.145991,47.494645,0,7911.723658,9319.152848,0.377581,0.315808,"good",0.221355,0.033963,6.517483,0,"parametric",NA,NA
"coefficient","cod_nlmod_alt_23_25","dfa",NA,NA,"2026-02-18 21:55:36 UTC",NA,8441,0.752081,0.565626,0.555247,0.382088,1567.036982,1203.408445,2770.445426,226,8243.030298,8440,6.933792,0.145991,47.494645,0,7911.723658,9319.152848,0.377581,0.315808,"fair",-0.169586,0.011078,-15.307991,0,"parametric",NA,NA
"coefficient","cod_nlmod_alt_23_25","dfa",NA,NA,"2026-02-18 21:55:36 UTC",NA,8441,0.752081,0.565626,0.555247,0.382088,1567.036982,1203.408445,2770.445426,226,8243.030298,8440,6.933792,0.145991,47.494645,0,7911.723658,9319.152848,0.377581,0.315808,"poor",-0.273695,0.029291,-9.343901,0,"parametric",NA,NA
"coefficient","cod_nlmod_alt_23_25","dfa",NA,NA,"2026-02-18 21:55:36 UTC",NA,8441,0.752081,0.565626,0.555247,0.382088,1567.036982,1203.408445,2770.445426,226,8243.030298,8440,6.933792,0.145991,47.494645,0,7911.723658,9319.152848,0.377581,0.315808,"very_poor_unsound",-0.31988,0.085489,-3.74177,0.000184,"parametric",NA,NA
"coefficient","cod_nlmod_alt_23_25","dfa",NA,NA,"2026-02-18 21:55:36 UTC",NA,8441,0.752081,0.565626,0.555247,0.382088,1567.036982,1203.408445,2770.445426,226,8243.030298,8440,6.933792,0.145991,47.494645,0,7911.723658,9319.152848,0.377581,0.315808,"qabove_avg",0.189784,0.039186,4.843114,1e-06,"parametric",NA,NA
"coefficient","cod_nlmod_alt_23_25","dfa",NA,NA,"2026-02-18 21:55:36 UTC",NA,8441,0.752081,0.565626,0.555247,0.382088,1567.036982,1203.408445,2770.445426,226,8243.030298,8440,6.933792,0.145991,47.494645,0,7911.723658,9319.152848,0.377581,0.315808,"qbelow_avg",-0.071598,0.012305,-5.818577,0,"parametric",NA,NA
"coefficient","cod_nlmod_alt_23_25","dfa",NA,NA,"2026-02-18 21:55:36 UTC",NA,8441,0.752081,0.565626,0.555247,0.382088,1567.036982,1203.408445,2770.445426,226,8243.030298,8440,6.933792,0.145991,47.494645,0,7911.723658,9319.152848,0.377581,0.315808,"crawl",-0.025355,0.03947,-0.642388,0.520639,"parametric",NA,NA
"coefficient","cod_nlmod_alt_23_25","dfa",NA,NA,"2026-02-18 21:55:36 UTC",NA,8441,0.752081,0.565626,0.555247,0.382088,1567.036982,1203.408445,2770.445426,226,8243.030298,8440,6.933792,0.145991,47.494645,0,7911.723658,9319.152848,0.377581,0.315808,"slab",-0.289965,0.046201,-6.276222,0,"parametric",NA,NA
"coefficient","cod_nlmod_alt_23_25","dfa",NA,NA,"2026-02-18 21:55:36 UTC",NA,8441,0.752081,0.565626,0.555247,0.382088,1567.036982,1203.408445,2770.445426,226,8243.030298,8440,6.933792,0.145991,47.494645,0,7911.723658,9319.152848,0.377581,0.315808,"garage",11.659176,0.087505,133.240602,0,"parametric",NA,NA
"coefficient","cod_nlmod_alt_23_25","dfa",NA,NA,"2026-02-18 21:55:36 UTC",NA,8441,0.752081,0.565626,0.555247,0.382088,1567.036982,1203.408445,2770.445426,226,8243.030298,8440,6.933792,0.145991,47.494645,0,7911.723658,9319.152848,0.377581,0.315808,"fireplace",0.070494,0.011352,6.209874,0,"parametric",NA,NA
"coefficient","cod_nlmod_alt_23_25","dfa",NA,NA,"2026-02-18 21:55:36 UTC",NA,8441,0.752081,0.565626,0.555247,0.382088,1567.036982,1203.408445,2770.445426,226,8243.030298,8440,6.933792,0.145991,47.494645,0,7911.723658,9319.152848,0.377581,0.315808,"hot_water",0.045661,0.017912,2.549122,0.010817,"parametric",NA,NA
"coefficient","cod_nlmod_alt_23_25","dfa",NA,NA,"2026-02-18 21:55:36 UTC",NA,8441,0.752081,0.565626,0.555247,0.382088,1567.036982,1203.408445,2770.445426,226,8243.030298,8440,6.933792,0.145991,47.494645,0,7911.723658,9319.152848,0.377581,0.315808,"elec_baseboard",-0.064987,0.175555,-0.370182,0.711256,"parametric",NA,NA
"coefficient","cod_nlmod_alt_23_25","dfa",NA,NA,"2026-02-18 21:55:36 UTC",NA,8441,0.752081,0.565626,0.555247,0.382088,1567.036982,1203.408445,2770.445426,226,8243.030298,8440,6.933792,0.145991,47.494645,0,7911.723658,9319.152848,0.377581,0.315808,"wall",-0.112323,0.086436,-1.299494,0.193811,"parametric",NA,NA
"coefficient","cod_nlmod_alt_23_25","dfa",NA,NA,"2026-02-18 21:55:36 UTC",NA,8441,0.752081,0.565626,0.555247,0.382088,1567.036982,1203.408445,2770.445426,226,8243.030298,8440,6.933792,0.145991,47.494645,0,7911.723658,9319.152848,0.377581,0.315808,"central_air",0.069975,0.010904,6.417309,0,"parametric",NA,NA
"coefficient","cod_nlmod_alt_23_25","dfa",NA,NA,"2026-02-18 21:55:36 UTC",NA,8441,0.752081,0.565626,0.555247,0.382088,1567.036982,1203.408445,2770.445426,226,8243.030298,8440,6.933792,0.145991,47.494645,0,7911.723658,9319.152848,0.377581,0.315808,"ecf1R102",-0.192592,0.113988,-1.689583,0.091146,"parametric",NA,NA
"coefficient","cod_nlmod_alt_23_25","dfa",NA,NA,"2026-02-18 21:55:36 UTC",NA,8441,0.752081,0.565626,0.555247,0.382088,1567.036982,1203.408445,2770.445426,226,8243.030298,8440,6.933792,0.145991,47.494645,0,7911.723658,9319.152848,0.377581,0.315808,"ecf1R103",0.038882,0.099639,0.390231,0.696376,"parametric",NA,NA
"coefficient","cod_nlmod_alt_23_25","dfa",NA,NA,"2026-02-18 21:55:36 UTC",NA,8441,0.752081,0.565626,0.555247,0.382088,1567.036982,1203.408445,2770.445426,226,8243.030298,8440,6.933792,0.145991,47.494645,0,7911.723658,9319.152848,0.377581,0.315808,"ecf1R104",-0.065992,0.091108,-0.724324,0.468887,"parametric",NA,NA
"coefficient","cod_nlmod_alt_23_25","dfa",NA,NA,"2026-02-18 21:55:36 UTC",NA,8441,0.752081,0.565626,0.555247,0.382088,1567.036982,1203.408445,2770.445426,226,8243.030298,8440,6.933792,0.145991,47.494645,0,7911.723658,9319.152848,0.377581,0.315808,"ecf1R105",-0.286593,0.094092,-3.04587,0.002327,"parametric",NA,NA
"coefficient","cod_nlmod_alt_23_25","dfa",NA,NA,"2026-02-18 21:55:36 UTC",NA,8441,0.752081,0.565626,0.555247,0.382088,1567.036982,1203.408445,2770.445426,226,8243.030298,8440,6.933792,0.145991,47.494645,0,7911.723658,9319.152848,0.377581,0.315808,"ecf1R106",-0.268534,0.101516,-2.645226,0.008179,"parametric",NA,NA
"coefficient","cod_nlmod_alt_23_25","dfa",NA,NA,"2026-02-18 21:55:36 UTC",NA,8441,0.752081,0.565626,0.555247,0.382088,1567.036982,1203.408445,2770.445426,226,8243.030298,8440,6.933792,0.145991,47.494645,0,7911.723658,9319.152848,0.377581,0.315808,"ecf1R107",-0.185237,0.133895,-1.383449,0.166565,"parametric",NA,NA
"coefficient","cod_nlmod_alt_23_25","dfa",NA,NA,"2026-02-18 21:55:36 UTC",NA,8441,0.752081,0.565626,0.555247,0.382088,1567.036982,1203.408445,2770.445426,226,8243.030298,8440,6.933792,0.145991,47.494645,0,7911.723658,9319.152848,0.377581,0.315808,"ecf1R108",-0.362186,0.095277,-3.8014,0.000145,"parametric",NA,NA
"coefficient","cod_nlmod_alt_23_25","dfa",NA,NA,"2026-02-18 21:55:36 UTC",NA,8441,0.752081,0.565626,0.555247,0.382088,1567.036982,1203.408445,2770.445426,226,8243.030298,8440,6.933792,0.145991,47.494645,0,7911.723658,9319.152848,0.377581,0.315808,"ecf1R109",-0.140911,0.091058,-1.547476,0.121787,"parametric",NA,NA
"coefficient","cod_nlmod_alt_23_25","dfa",NA,NA,"2026-02-18 21:55:36 UTC",NA,8441,0.752081,0.565626,0.555247,0.382088,1567.036982,1203.408445,2770.445426,226,8243.030298,8440,6.933792,0.145991,47.494645,0,7911.723658,9319.152848,0.377581,0.315808,"ecf1R110",-0.136967,0.099665,-1.37428,0.169392,"parametric",NA,NA
"coefficient","cod_nlmod_alt_23_25","dfa",NA,NA,"2026-02-18 21:55:36 UTC",NA,8441,0.752081,0.565626,0.555247,0.382088,1567.036982,1203.408445,2770.445426,226,8243.030298,8440,6.933792,0.145991,47.494645,0,7911.723658,9319.152848,0.377581,0.315808,"ecf1R111",-0.117527,0.160233,-0.733476,0.463289,"parametric",NA,NA
"coefficient","cod_nlmod_alt_23_25","dfa",NA,NA,"2026-02-18 21:55:36 UTC",NA,8441,0.752081,0.565626,0.555247,0.382088,1567.036982,1203.408445,2770.445426,226,8243.030298,8440,6.933792,0.145991,47.494645,0,7911.723658,9319.152848,0.377581,0.315808,"ecf1R112",-0.072357,0.10943,-0.661222,0.508488,"parametric",NA,NA
"coefficient","cod_nlmod_alt_23_25","dfa",NA,NA,"2026-02-18 21:55:36 UTC",NA,8441,0.752081,0.565626,0.555247,0.382088,1567.036982,1203.408445,2770.445426,226,8243.030298,8440,6.933792,0.145991,47.494645,0,7911.723658,9319.152848,0.377581,0.315808,"ecf1R113",-0.61908,0.124427,-4.975432,1e-06,"parametric",NA,NA
"coefficient","cod_nlmod_alt_23_25","dfa",NA,NA,"2026-02-18 21:55:36 UTC",NA,8441,0.752081,0.565626,0.555247,0.382088,1567.036982,1203.408445,2770.445426,226,8243.030298,8440,6.933792,0.145991,47.494645,0,7911.723658,9319.152848,0.377581,0.315808,"ecf1R114",-0.298833,0.108147,-2.763209,0.005736,"parametric",NA,NA
"coefficient","cod_nlmod_alt_23_25","dfa",NA,NA,"2026-02-18 21:55:36 UTC",NA,8441,0.752081,0.565626,0.555247,0.382088,1567.036982,1203.408445,2770.445426,226,8243.030298,8440,6.933792,0.145991,47.494645,0,7911.723658,9319.152848,0.377581,0.315808,"ecf1R115",0.189813,0.113976,1.665375,0.095876,"parametric",NA,NA
"coefficient","cod_nlmod_alt_23_25","dfa",NA,NA,"2026-02-18 21:55:36 UTC",NA,8441,0.752081,0.565626,0.555247,0.382088,1567.036982,1203.408445,2770.445426,226,8243.030298,8440,6.933792,0.145991,47.494645,0,7911.723658,9319.152848,0.377581,0.315808,"ecf1R116",0.185056,0.097144,1.90496,0.05682,"parametric",NA,NA
"coefficient","cod_nlmod_alt_23_25","dfa",NA,NA,"2026-02-18 21:55:36 UTC",NA,8441,0.752081,0.565626,0.555247,0.382088,1567.036982,1203.408445,2770.445426,226,8243.030298,8440,6.933792,0.145991,47.494645,0,7911.723658,9319.152848,0.377581,0.315808,"ecf1R117",-0.12753,0.09367,-1.361478,0.1734,"parametric",NA,NA
"coefficient","cod_nlmod_alt_23_25","dfa",NA,NA,"2026-02-18 21:55:36 UTC",NA,8441,0.752081,0.565626,0.555247,0.382088,1567.036982,1203.408445,2770.445426,226,8243.030298,8440,6.933792,0.145991,47.494645,0,7911.723658,9319.152848,0.377581,0.315808,"ecf1R118",-0.213547,0.096475,-2.213485,0.026892,"parametric",NA,NA
"coefficient","cod_nlmod_alt_23_25","dfa",NA,NA,"2026-02-18 21:55:36 UTC",NA,8441,0.752081,0.565626,0.555247,0.382088,1567.036982,1203.408445,2770.445426,226,8243.030298,8440,6.933792,0.145991,47.494645,0,7911.723658,9319.152848,0.377581,0.315808,"ecf1R119",-0.401521,0.106154,-3.782436,0.000156,"parametric",NA,NA
"coefficient","cod_nlmod_alt_23_25","dfa",NA,NA,"2026-02-18 21:55:36 UTC",NA,8441,0.752081,0.565626,0.555247,0.382088,1567.036982,1203.408445,2770.445426,226,8243.030298,8440,6.933792,0.145991,47.494645,0,7911.723658,9319.152848,0.377581,0.315808,"ecf1R120",-0.099196,0.107375,-0.923829,0.355602,"parametric",NA,NA
"coefficient","cod_nlmod_alt_23_25","dfa",NA,NA,"2026-02-18 21:55:36 UTC",NA,8441,0.752081,0.565626,0.555247,0.382088,1567.036982,1203.408445,2770.445426,226,8243.030298,8440,6.933792,0.145991,47.494645,0,7911.723658,9319.152848,0.377581,0.315808,"ecf1R121",-0.156117,0.09429,-1.65571,0.097819,"parametric",NA,NA
"coefficient","cod_nlmod_alt_23_25","dfa",NA,NA,"2026-02-18 21:55:36 UTC",NA,8441,0.752081,0.565626,0.555247,0.382088,1567.036982,1203.408445,2770.445426,226,8243.030298,8440,6.933792,0.145991,47.494645,0,7911.723658,9319.152848,0.377581,0.315808,"ecf1R122",-0.398069,0.097306,-4.090894,4.3e-05,"parametric",NA,NA
"coefficient","cod_nlmod_alt_23_25","dfa",NA,NA,"2026-02-18 21:55:36 UTC",NA,8441,0.752081,0.565626,0.555247,0.382088,1567.036982,1203.408445,2770.445426,226,8243.030298,8440,6.933792,0.145991,47.494645,0,7911.723658,9319.152848,0.377581,0.315808,"ecf1R123",-0.197007,0.105118,-1.874159,0.060944,"parametric",NA,NA
"coefficient","cod_nlmod_alt_23_25","dfa",NA,NA,"2026-02-18 21:55:36 UTC",NA,8441,0.752081,0.565626,0.555247,0.382088,1567.036982,1203.408445,2770.445426,226,8243.030298,8440,6.933792,0.145991,47.494645,0,7911.723658,9319.152848,0.377581,0.315808,"ecf1R124",-0.562709,0.152016,-3.701654,0.000216,"parametric",NA,NA
"coefficient","cod_nlmod_alt_23_25","dfa",NA,NA,"2026-02-18 21:55:36 UTC",NA,8441,0.752081,0.565626,0.555247,0.382088,1567.036982,1203.408445,2770.445426,226,8243.030298,8440,6.933792,0.145991,47.494645,0,7911.723658,9319.152848,0.377581,0.315808,"ecf1R125",-0.176611,0.116554,-1.515269,0.129743,"parametric",NA,NA
"coefficient","cod_nlmod_alt_23_25","dfa",NA,NA,"2026-02-18 21:55:36 UTC",NA,8441,0.752081,0.565626,0.555247,0.382088,1567.036982,1203.408445,2770.445426,226,8243.030298,8440,6.933792,0.145991,47.494645,0,7911.723658,9319.152848,0.377581,0.315808,"ecf1R126",0.249692,0.096951,2.575447,0.010028,"parametric",NA,NA
"coefficient","cod_nlmod_alt_23_25","dfa",NA,NA,"2026-02-18 21:55:36 UTC",NA,8441,0.752081,0.565626,0.555247,0.382088,1567.036982,1203.408445,2770.445426,226,8243.030298,8440,6.933792,0.145991,47.494645,0,7911.723658,9319.152848,0.377581,0.315808,"ecf1R127",-0.405085,0.116824,-3.467495,0.000528,"parametric",NA,NA
"coefficient","cod_nlmod_alt_23_25","dfa",NA,NA,"2026-02-18 21:55:36 UTC",NA,8441,0.752081,0.565626,0.555247,0.382088,1567.036982,1203.408445,2770.445426,226,8243.030298,8440,6.933792,0.145991,47.494645,0,7911.723658,9319.152848,0.377581,0.315808,"ecf1R128",-0.527969,0.097928,-5.391406,0,"parametric",NA,NA
"coefficient","cod_nlmod_alt_23_25","dfa",NA,NA,"2026-02-18 21:55:36 UTC",NA,8441,0.752081,0.565626,0.555247,0.382088,1567.036982,1203.408445,2770.445426,226,8243.030298,8440,6.933792,0.145991,47.494645,0,7911.723658,9319.152848,0.377581,0.315808,"ecf1R129",-0.170794,0.103433,-1.651254,0.098725,"parametric",NA,NA
"coefficient","cod_nlmod_alt_23_25","dfa",NA,NA,"2026-02-18 21:55:36 UTC",NA,8441,0.752081,0.565626,0.555247,0.382088,1567.036982,1203.408445,2770.445426,226,8243.030298,8440,6.933792,0.145991,47.494645,0,7911.723658,9319.152848,0.377581,0.315808,"ecf1R131",-0.301094,0.161094,-1.869053,0.061651,"parametric",NA,NA
"coefficient","cod_nlmod_alt_23_25","dfa",NA,NA,"2026-02-18 21:55:36 UTC",NA,8441,0.752081,0.565626,0.555247,0.382088,1567.036982,1203.408445,2770.445426,226,8243.030298,8440,6.933792,0.145991,47.494645,0,7911.723658,9319.152848,0.377581,0.315808,"ecf1R132",-0.041218,0.106639,-0.386517,0.699124,"parametric",NA,NA
"coefficient","cod_nlmod_alt_23_25","dfa",NA,NA,"2026-02-18 21:55:36 UTC",NA,8441,0.752081,0.565626,0.555247,0.382088,1567.036982,1203.408445,2770.445426,226,8243.030298,8440,6.933792,0.145991,47.494645,0,7911.723658,9319.152848,0.377581,0.315808,"ecf1R133",-0.388309,0.148519,-2.614537,0.008951,"parametric",NA,NA
"coefficient","cod_nlmod_alt_23_25","dfa",NA,NA,"2026-02-18 21:55:36 UTC",NA,8441,0.752081,0.565626,0.555247,0.382088,1567.036982,1203.408445,2770.445426,226,8243.030298,8440,6.933792,0.145991,47.494645,0,7911.723658,9319.152848,0.377581,0.315808,"ecf1R134",0.148257,0.11443,1.295613,0.195145,"parametric",NA,NA
"coefficient","cod_nlmod_alt_23_25","dfa",NA,NA,"2026-02-18 21:55:36 UTC",NA,8441,0.752081,0.565626,0.555247,0.382088,1567.036982,1203.408445,2770.445426,226,8243.030298,8440,6.933792,0.145991,47.494645,0,7911.723658,9319.152848,0.377581,0.315808,"ecf1R135",-0.235903,0.09881,-2.387438,0.016989,"parametric",NA,NA
"coefficient","cod_nlmod_alt_23_25","dfa",NA,NA,"2026-02-18 21:55:36 UTC",NA,8441,0.752081,0.565626,0.555247,0.382088,1567.036982,1203.408445,2770.445426,226,8243.030298,8440,6.933792,0.145991,47.494645,0,7911.723658,9319.152848,0.377581,0.315808,"ecf1R136",-0.244041,0.094961,-2.569906,0.01019,"parametric",NA,NA
"coefficient","cod_nlmod_alt_23_25","dfa",NA,NA,"2026-02-18 21:55:36 UTC",NA,8441,0.752081,0.565626,0.555247,0.382088,1567.036982,1203.408445,2770.445426,226,8243.030298,8440,6.933792,0.145991,47.494645,0,7911.723658,9319.152848,0.377581,0.315808,"ecf1R137",-0.839326,0.140304,-5.982183,0,"parametric",NA,NA
"coefficient","cod_nlmod_alt_23_25","dfa",NA,NA,"2026-02-18 21:55:36 UTC",NA,8441,0.752081,0.565626,0.555247,0.382088,1567.036982,1203.408445,2770.445426,226,8243.030298,8440,6.933792,0.145991,47.494645,0,7911.723658,9319.152848,0.377581,0.315808,"ecf2R201",-0.24304,0.091937,-2.643543,0.00822,"parametric",NA,NA
"coefficient","cod_nlmod_alt_23_25","dfa",NA,NA,"2026-02-18 21:55:36 UTC",NA,8441,0.752081,0.565626,0.555247,0.382088,1567.036982,1203.408445,2770.445426,226,8243.030298,8440,6.933792,0.145991,47.494645,0,7911.723658,9319.152848,0.377581,0.315808,"ecf2R202",-0.196269,0.104065,-1.886024,0.059327,"parametric",NA,NA
"coefficient","cod_nlmod_alt_23_25","dfa",NA,NA,"2026-02-18 21:55:36 UTC",NA,8441,0.752081,0.565626,0.555247,0.382088,1567.036982,1203.408445,2770.445426,226,8243.030298,8440,6.933792,0.145991,47.494645,0,7911.723658,9319.152848,0.377581,0.315808,"ecf2R203",-0.017751,0.092828,-0.191222,0.848357,"parametric",NA,NA
"coefficient","cod_nlmod_alt_23_25","dfa",NA,NA,"2026-02-18 21:55:36 UTC",NA,8441,0.752081,0.565626,0.555247,0.382088,1567.036982,1203.408445,2770.445426,226,8243.030298,8440,6.933792,0.145991,47.494645,0,7911.723658,9319.152848,0.377581,0.315808,"ecf2R204",0.198078,0.179763,1.10188,0.270546,"parametric",NA,NA
"coefficient","cod_nlmod_alt_23_25","dfa",NA,NA,"2026-02-18 21:55:36 UTC",NA,8441,0.752081,0.565626,0.555247,0.382088,1567.036982,1203.408445,2770.445426,226,8243.030298,8440,6.933792,0.145991,47.494645,0,7911.723658,9319.152848,0.377581,0.315808,"ecf2R205",-0.150691,0.095836,-1.572383,0.1159,"parametric",NA,NA
"coefficient","cod_nlmod_alt_23_25","dfa",NA,NA,"2026-02-18 21:55:36 UTC",NA,8441,0.752081,0.565626,0.555247,0.382088,1567.036982,1203.408445,2770.445426,226,8243.030298,8440,6.933792,0.145991,47.494645,0,7911.723658,9319.152848,0.377581,0.315808,"ecf2R206",0.167428,0.284242,0.589033,0.555855,"parametric",NA,NA
"coefficient","cod_nlmod_alt_23_25","dfa",NA,NA,"2026-02-18 21:55:36 UTC",NA,8441,0.752081,0.565626,0.555247,0.382088,1567.036982,1203.408445,2770.445426,226,8243.030298,8440,6.933792,0.145991,47.494645,0,7911.723658,9319.152848,0.377581,0.315808,"ecf2R207",-0.123652,0.126672,-0.97616,0.329014,"parametric",NA,NA
"coefficient","cod_nlmod_alt_23_25","dfa",NA,NA,"2026-02-18 21:55:36 UTC",NA,8441,0.752081,0.565626,0.555247,0.382088,1567.036982,1203.408445,2770.445426,226,8243.030298,8440,6.933792,0.145991,47.494645,0,7911.723658,9319.152848,0.377581,0.315808,"ecf2R208",0.519812,0.132012,3.93762,8.3e-05,"parametric",NA,NA
"coefficient","cod_nlmod_alt_23_25","dfa",NA,NA,"2026-02-18 21:55:36 UTC",NA,8441,0.752081,0.565626,0.555247,0.382088,1567.036982,1203.408445,2770.445426,226,8243.030298,8440,6.933792,0.145991,47.494645,0,7911.723658,9319.152848,0.377581,0.315808,"ecf2R209",0.286181,0.16637,1.720141,0.085444,"parametric",NA,NA
"coefficient","cod_nlmod_alt_23_25","dfa",NA,NA,"2026-02-18 21:55:36 UTC",NA,8441,0.752081,0.565626,0.555247,0.382088,1567.036982,1203.408445,2770.445426,226,8243.030298,8440,6.933792,0.145991,47.494645,0,7911.723658,9319.152848,0.377581,0.315808,"ecf2R210",0.797126,0.263787,3.021852,0.00252,"parametric",NA,NA
"coefficient","cod_nlmod_alt_23_25","dfa",NA,NA,"2026-02-18 21:55:36 UTC",NA,8441,0.752081,0.565626,0.555247,0.382088,1567.036982,1203.408445,2770.445426,226,8243.030298,8440,6.933792,0.145991,47.494645,0,7911.723658,9319.152848,0.377581,0.315808,"ecf2R212",-0.177555,0.091065,-1.94976,0.051239,"parametric",NA,NA
"coefficient","cod_nlmod_alt_23_25","dfa",NA,NA,"2026-02-18 21:55:36 UTC",NA,8441,0.752081,0.565626,0.555247,0.382088,1567.036982,1203.408445,2770.445426,226,8243.030298,8440,6.933792,0.145991,47.494645,0,7911.723658,9319.152848,0.377581,0.315808,"ecf2R213",-0.043,0.093423,-0.460269,0.645336,"parametric",NA,NA
"coefficient","cod_nlmod_alt_23_25","dfa",NA,NA,"2026-02-18 21:55:36 UTC",NA,8441,0.752081,0.565626,0.555247,0.382088,1567.036982,1203.408445,2770.445426,226,8243.030298,8440,6.933792,0.145991,47.494645,0,7911.723658,9319.152848,0.377581,0.315808,"ecf2R214",0.070719,0.08963,0.789014,0.430127,"parametric",NA,NA
"coefficient","cod_nlmod_alt_23_25","dfa",NA,NA,"2026-02-18 21:55:36 UTC",NA,8441,0.752081,0.565626,0.555247,0.382088,1567.036982,1203.408445,2770.445426,226,8243.030298,8440,6.933792,0.145991,47.494645,0,7911.723658,9319.152848,0.377581,0.315808,"ecf2R215",0.339354,0.113386,2.992902,0.002772,"parametric",NA,NA
"coefficient","cod_nlmod_alt_23_25","dfa",NA,NA,"2026-02-18 21:55:36 UTC",NA,8441,0.752081,0.565626,0.555247,0.382088,1567.036982,1203.408445,2770.445426,226,8243.030298,8440,6.933792,0.145991,47.494645,0,7911.723658,9319.152848,0.377581,0.315808,"ecf2R216",0.604334,0.24792,2.437614,0.014806,"parametric",NA,NA
"coefficient","cod_nlmod_alt_23_25","dfa",NA,NA,"2026-02-18 21:55:36 UTC",NA,8441,0.752081,0.565626,0.555247,0.382088,1567.036982,1203.408445,2770.445426,226,8243.030298,8440,6.933792,0.145991,47.494645,0,7911.723658,9319.152848,0.377581,0.315808,"ecf2R217",-0.215989,0.287378,-0.751586,0.452322,"parametric",NA,NA
"coefficient","cod_nlmod_alt_23_25","dfa",NA,NA,"2026-02-18 21:55:36 UTC",NA,8441,0.752081,0.565626,0.555247,0.382088,1567.036982,1203.408445,2770.445426,226,8243.030298,8440,6.933792,0.145991,47.494645,0,7911.723658,9319.152848,0.377581,0.315808,"ecf2R218",-0.821018,0.169132,-4.854297,1e-06,"parametric",NA,NA
"coefficient","cod_nlmod_alt_23_25","dfa",NA,NA,"2026-02-18 21:55:36 UTC",NA,8441,0.752081,0.565626,0.555247,0.382088,1567.036982,1203.408445,2770.445426,226,8243.030298,8440,6.933792,0.145991,47.494645,0,7911.723658,9319.152848,0.377581,0.315808,"ecf2R219",0.527241,0.169129,3.117396,0.001831,"parametric",NA,NA
"coefficient","cod_nlmod_alt_23_25","dfa",NA,NA,"2026-02-18 21:55:36 UTC",NA,8441,0.752081,0.565626,0.555247,0.382088,1567.036982,1203.408445,2770.445426,226,8243.030298,8440,6.933792,0.145991,47.494645,0,7911.723658,9319.152848,0.377581,0.315808,"ecf2R220",-0.247923,0.097758,-2.536081,0.011228,"parametric",NA,NA
"coefficient","cod_nlmod_alt_23_25","dfa",NA,NA,"2026-02-18 21:55:36 UTC",NA,8441,0.752081,0.565626,0.555247,0.382088,1567.036982,1203.408445,2770.445426,226,8243.030298,8440,6.933792,0.145991,47.494645,0,7911.723658,9319.152848,0.377581,0.315808,"ecf2R221",-0.228503,0.094266,-2.424026,0.015371,"parametric",NA,NA
"coefficient","cod_nlmod_alt_23_25","dfa",NA,NA,"2026-02-18 21:55:36 UTC",NA,8441,0.752081,0.565626,0.555247,0.382088,1567.036982,1203.408445,2770.445426,226,8243.030298,8440,6.933792,0.145991,47.494645,0,7911.723658,9319.152848,0.377581,0.315808,"ecf2R222",-0.501033,0.096334,-5.20099,0,"parametric",NA,NA
"coefficient","cod_nlmod_alt_23_25","dfa",NA,NA,"2026-02-18 21:55:36 UTC",NA,8441,0.752081,0.565626,0.555247,0.382088,1567.036982,1203.408445,2770.445426,226,8243.030298,8440,6.933792,0.145991,47.494645,0,7911.723658,9319.152848,0.377581,0.315808,"ecf2R223",-0.20031,0.100859,-1.986034,0.047063,"parametric",NA,NA
"coefficient","cod_nlmod_alt_23_25","dfa",NA,NA,"2026-02-18 21:55:36 UTC",NA,8441,0.752081,0.565626,0.555247,0.382088,1567.036982,1203.408445,2770.445426,226,8243.030298,8440,6.933792,0.145991,47.494645,0,7911.723658,9319.152848,0.377581,0.315808,"ecf2R224",-0.578415,0.101911,-5.675689,0,"parametric",NA,NA
"coefficient","cod_nlmod_alt_23_25","dfa",NA,NA,"2026-02-18 21:55:36 UTC",NA,8441,0.752081,0.565626,0.555247,0.382088,1567.036982,1203.408445,2770.445426,226,8243.030298,8440,6.933792,0.145991,47.494645,0,7911.723658,9319.152848,0.377581,0.315808,"ecf2R225",-0.182334,0.097039,-1.878975,0.060283,"parametric",NA,NA
"coefficient","cod_nlmod_alt_23_25","dfa",NA,NA,"2026-02-18 21:55:36 UTC",NA,8441,0.752081,0.565626,0.555247,0.382088,1567.036982,1203.408445,2770.445426,226,8243.030298,8440,6.933792,0.145991,47.494645,0,7911.723658,9319.152848,0.377581,0.315808,"ecf2R227",-0.006165,0.150754,-0.040894,0.967381,"parametric",NA,NA
"coefficient","cod_nlmod_alt_23_25","dfa",NA,NA,"2026-02-18 21:55:36 UTC",NA,8441,0.752081,0.565626,0.555247,0.382088,1567.036982,1203.408445,2770.445426,226,8243.030298,8440,6.933792,0.145991,47.494645,0,7911.723658,9319.152848,0.377581,0.315808,"ecf2R228",-0.835741,0.238274,-3.507477,0.000455,"parametric",NA,NA
"coefficient","cod_nlmod_alt_23_25","dfa",NA,NA,"2026-02-18 21:55:36 UTC",NA,8441,0.752081,0.565626,0.555247,0.382088,1567.036982,1203.408445,2770.445426,226,8243.030298,8440,6.933792,0.145991,47.494645,0,7911.723658,9319.152848,0.377581,0.315808,"ecf3R301",-0.840024,0.210455,-3.991462,6.6e-05,"parametric",NA,NA
"coefficient","cod_nlmod_alt_23_25","dfa",NA,NA,"2026-02-18 21:55:36 UTC",NA,8441,0.752081,0.565626,0.555247,0.382088,1567.036982,1203.408445,2770.445426,226,8243.030298,8440,6.933792,0.145991,47.494645,0,7911.723658,9319.152848,0.377581,0.315808,"ecf3R302",0.009035,0.182789,0.049429,0.960578,"parametric",NA,NA
"coefficient","cod_nlmod_alt_23_25","dfa",NA,NA,"2026-02-18 21:55:36 UTC",NA,8441,0.752081,0.565626,0.555247,0.382088,1567.036982,1203.408445,2770.445426,226,8243.030298,8440,6.933792,0.145991,47.494645,0,7911.723658,9319.152848,0.377581,0.315808,"ecf3R303",-0.580751,0.094883,-6.120733,0,"parametric",NA,NA
"coefficient","cod_nlmod_alt_23_25","dfa",NA,NA,"2026-02-18 21:55:36 UTC",NA,8441,0.752081,0.565626,0.555247,0.382088,1567.036982,1203.408445,2770.445426,226,8243.030298,8440,6.933792,0.145991,47.494645,0,7911.723658,9319.152848,0.377581,0.315808,"ecf3R304",-0.723195,0.144193,-5.015458,1e-06,"parametric",NA,NA
"coefficient","cod_nlmod_alt_23_25","dfa",NA,NA,"2026-02-18 21:55:36 UTC",NA,8441,0.752081,0.565626,0.555247,0.382088,1567.036982,1203.408445,2770.445426,226,8243.030298,8440,6.933792,0.145991,47.494645,0,7911.723658,9319.152848,0.377581,0.315808,"ecf3R306",0.211539,0.154743,1.367033,0.171652,"parametric",NA,NA
"coefficient","cod_nlmod_alt_23_25","dfa",NA,NA,"2026-02-18 21:55:36 UTC",NA,8441,0.752081,0.565626,0.555247,0.382088,1567.036982,1203.408445,2770.445426,226,8243.030298,8440,6.933792,0.145991,47.494645,0,7911.723658,9319.152848,0.377581,0.315808,"ecf3R307",-0.450968,0.092478,-4.876489,1e-06,"parametric",NA,NA
"coefficient","cod_nlmod_alt_23_25","dfa",NA,NA,"2026-02-18 21:55:36 UTC",NA,8441,0.752081,0.565626,0.555247,0.382088,1567.036982,1203.408445,2770.445426,226,8243.030298,8440,6.933792,0.145991,47.494645,0,7911.723658,9319.152848,0.377581,0.315808,"ecf3R308",-0.771408,0.140155,-5.503964,0,"parametric",NA,NA
"coefficient","cod_nlmod_alt_23_25","dfa",NA,NA,"2026-02-18 21:55:36 UTC",NA,8441,0.752081,0.565626,0.555247,0.382088,1567.036982,1203.408445,2770.445426,226,8243.030298,8440,6.933792,0.145991,47.494645,0,7911.723658,9319.152848,0.377581,0.315808,"ecf3R309",-0.704057,0.178368,-3.947218,8e-05,"parametric",NA,NA
"coefficient","cod_nlmod_alt_23_25","dfa",NA,NA,"2026-02-18 21:55:36 UTC",NA,8441,0.752081,0.565626,0.555247,0.382088,1567.036982,1203.408445,2770.445426,226,8243.030298,8440,6.933792,0.145991,47.494645,0,7911.723658,9319.152848,0.377581,0.315808,"ecf3R310",0.391623,0.105027,3.728769,0.000194,"parametric",NA,NA
"coefficient","cod_nlmod_alt_23_25","dfa",NA,NA,"2026-02-18 21:55:36 UTC",NA,8441,0.752081,0.565626,0.555247,0.382088,1567.036982,1203.408445,2770.445426,226,8243.030298,8440,6.933792,0.145991,47.494645,0,7911.723658,9319.152848,0.377581,0.315808,"ecf3R311",-0.437308,0.13344,-3.277178,0.001053,"parametric",NA,NA
"coefficient","cod_nlmod_alt_23_25","dfa",NA,NA,"2026-02-18 21:55:36 UTC",NA,8441,0.752081,0.565626,0.555247,0.382088,1567.036982,1203.408445,2770.445426,226,8243.030298,8440,6.933792,0.145991,47.494645,0,7911.723658,9319.152848,0.377581,0.315808,"ecf3R312",-0.714493,0.101206,-7.059803,0,"parametric",NA,NA
"coefficient","cod_nlmod_alt_23_25","dfa",NA,NA,"2026-02-18 21:55:36 UTC",NA,8441,0.752081,0.565626,0.555247,0.382088,1567.036982,1203.408445,2770.445426,226,8243.030298,8440,6.933792,0.145991,47.494645,0,7911.723658,9319.152848,0.377581,0.315808,"ecf3R313",-0.524817,0.114519,-4.582791,5e-06,"parametric",NA,NA
"coefficient","cod_nlmod_alt_23_25","dfa",NA,NA,"2026-02-18 21:55:36 UTC",NA,8441,0.752081,0.565626,0.555247,0.382088,1567.036982,1203.408445,2770.445426,226,8243.030298,8440,6.933792,0.145991,47.494645,0,7911.723658,9319.152848,0.377581,0.315808,"ecf3R314",-0.32344,0.106313,-3.042326,0.002355,"parametric",NA,NA
"coefficient","cod_nlmod_alt_23_25","dfa",NA,NA,"2026-02-18 21:55:36 UTC",NA,8441,0.752081,0.565626,0.555247,0.382088,1567.036982,1203.408445,2770.445426,226,8243.030298,8440,6.933792,0.145991,47.494645,0,7911.723658,9319.152848,0.377581,0.315808,"ecf3R315",-0.299998,0.100132,-2.996032,0.002743,"parametric",NA,NA
"coefficient","cod_nlmod_alt_23_25","dfa",NA,NA,"2026-02-18 21:55:36 UTC",NA,8441,0.752081,0.565626,0.555247,0.382088,1567.036982,1203.408445,2770.445426,226,8243.030298,8440,6.933792,0.145991,47.494645,0,7911.723658,9319.152848,0.377581,0.315808,"ecf3R316",-0.741693,0.121487,-6.105102,0,"parametric",NA,NA
"coefficient","cod_nlmod_alt_23_25","dfa",NA,NA,"2026-02-18 21:55:36 UTC",NA,8441,0.752081,0.565626,0.555247,0.382088,1567.036982,1203.408445,2770.445426,226,8243.030298,8440,6.933792,0.145991,47.494645,0,7911.723658,9319.152848,0.377581,0.315808,"ecf3R317",-0.940207,0.23732,-3.961773,7.5e-05,"parametric",NA,NA
"coefficient","cod_nlmod_alt_23_25","dfa",NA,NA,"2026-02-18 21:55:36 UTC",NA,8441,0.752081,0.565626,0.555247,0.382088,1567.036982,1203.408445,2770.445426,226,8243.030298,8440,6.933792,0.145991,47.494645,0,7911.723658,9319.152848,0.377581,0.315808,"ecf3R318",-0.318297,0.178446,-1.783721,0.074506,"parametric",NA,NA
"coefficient","cod_nlmod_alt_23_25","dfa",NA,NA,"2026-02-18 21:55:36 UTC",NA,8441,0.752081,0.565626,0.555247,0.382088,1567.036982,1203.408445,2770.445426,226,8243.030298,8440,6.933792,0.145991,47.494645,0,7911.723658,9319.152848,0.377581,0.315808,"ecf3R319",-0.602425,0.090154,-6.682184,0,"parametric",NA,NA
"coefficient","cod_nlmod_alt_23_25","dfa",NA,NA,"2026-02-18 21:55:36 UTC",NA,8441,0.752081,0.565626,0.555247,0.382088,1567.036982,1203.408445,2770.445426,226,8243.030298,8440,6.933792,0.145991,47.494645,0,7911.723658,9319.152848,0.377581,0.315808,"ecf3R320",-0.486338,0.092653,-5.249002,0,"parametric",NA,NA
"coefficient","cod_nlmod_alt_23_25","dfa",NA,NA,"2026-02-18 21:55:36 UTC",NA,8441,0.752081,0.565626,0.555247,0.382088,1567.036982,1203.408445,2770.445426,226,8243.030298,8440,6.933792,0.145991,47.494645,0,7911.723658,9319.152848,0.377581,0.315808,"ecf3R321",-0.965464,0.133813,-7.215014,0,"parametric",NA,NA
"coefficient","cod_nlmod_alt_23_25","dfa",NA,NA,"2026-02-18 21:55:36 UTC",NA,8441,0.752081,0.565626,0.555247,0.382088,1567.036982,1203.408445,2770.445426,226,8243.030298,8440,6.933792,0.145991,47.494645,0,7911.723658,9319.152848,0.377581,0.315808,"ecf3R322",-0.276831,0.096038,-2.882503,0.003955,"parametric",NA,NA
"coefficient","cod_nlmod_alt_23_25","dfa",NA,NA,"2026-02-18 21:55:36 UTC",NA,8441,0.752081,0.565626,0.555247,0.382088,1567.036982,1203.408445,2770.445426,226,8243.030298,8440,6.933792,0.145991,47.494645,0,7911.723658,9319.152848,0.377581,0.315808,"ecf3R323",-0.412132,0.091624,-4.498098,7e-06,"parametric",NA,NA
"coefficient","cod_nlmod_alt_23_25","dfa",NA,NA,"2026-02-18 21:55:36 UTC",NA,8441,0.752081,0.565626,0.555247,0.382088,1567.036982,1203.408445,2770.445426,226,8243.030298,8440,6.933792,0.145991,47.494645,0,7911.723658,9319.152848,0.377581,0.315808,"ecf3R324",-0.870479,0.128853,-6.755604,0,"parametric",NA,NA
"coefficient","cod_nlmod_alt_23_25","dfa",NA,NA,"2026-02-18 21:55:36 UTC",NA,8441,0.752081,0.565626,0.555247,0.382088,1567.036982,1203.408445,2770.445426,226,8243.030298,8440,6.933792,0.145991,47.494645,0,7911.723658,9319.152848,0.377581,0.315808,"ecf3R325",-0.523101,0.098863,-5.291174,0,"parametric",NA,NA
"coefficient","cod_nlmod_alt_23_25","dfa",NA,NA,"2026-02-18 21:55:36 UTC",NA,8441,0.752081,0.565626,0.555247,0.382088,1567.036982,1203.408445,2770.445426,226,8243.030298,8440,6.933792,0.145991,47.494645,0,7911.723658,9319.152848,0.377581,0.315808,"ecf3R326",-1.029014,0.168987,-6.089316,0,"parametric",NA,NA
"coefficient","cod_nlmod_alt_23_25","dfa",NA,NA,"2026-02-18 21:55:36 UTC",NA,8441,0.752081,0.565626,0.555247,0.382088,1567.036982,1203.408445,2770.445426,226,8243.030298,8440,6.933792,0.145991,47.494645,0,7911.723658,9319.152848,0.377581,0.315808,"ecf4R401",-0.664098,0.095886,-6.9259,0,"parametric",NA,NA
"coefficient","cod_nlmod_alt_23_25","dfa",NA,NA,"2026-02-18 21:55:36 UTC",NA,8441,0.752081,0.565626,0.555247,0.382088,1567.036982,1203.408445,2770.445426,226,8243.030298,8440,6.933792,0.145991,47.494645,0,7911.723658,9319.152848,0.377581,0.315808,"ecf4R402",-1.353032,0.122652,-11.031474,0,"parametric",NA,NA
"coefficient","cod_nlmod_alt_23_25","dfa",NA,NA,"2026-02-18 21:55:36 UTC",NA,8441,0.752081,0.565626,0.555247,0.382088,1567.036982,1203.408445,2770.445426,226,8243.030298,8440,6.933792,0.145991,47.494645,0,7911.723658,9319.152848,0.377581,0.315808,"ecf4R403",-0.486459,0.099715,-4.878488,1e-06,"parametric",NA,NA
"coefficient","cod_nlmod_alt_23_25","dfa",NA,NA,"2026-02-18 21:55:36 UTC",NA,8441,0.752081,0.565626,0.555247,0.382088,1567.036982,1203.408445,2770.445426,226,8243.030298,8440,6.933792,0.145991,47.494645,0,7911.723658,9319.152848,0.377581,0.315808,"ecf4R404",-0.361082,0.099745,-3.62006,0.000296,"parametric",NA,NA
"coefficient","cod_nlmod_alt_23_25","dfa",NA,NA,"2026-02-18 21:55:36 UTC",NA,8441,0.752081,0.565626,0.555247,0.382088,1567.036982,1203.408445,2770.445426,226,8243.030298,8440,6.933792,0.145991,47.494645,0,7911.723658,9319.152848,0.377581,0.315808,"ecf4R405",-0.386225,0.090816,-4.252842,2.1e-05,"parametric",NA,NA
"coefficient","cod_nlmod_alt_23_25","dfa",NA,NA,"2026-02-18 21:55:36 UTC",NA,8441,0.752081,0.565626,0.555247,0.382088,1567.036982,1203.408445,2770.445426,226,8243.030298,8440,6.933792,0.145991,47.494645,0,7911.723658,9319.152848,0.377581,0.315808,"ecf4R406",-0.443275,0.090839,-4.879797,1e-06,"parametric",NA,NA
"coefficient","cod_nlmod_alt_23_25","dfa",NA,NA,"2026-02-18 21:55:36 UTC",NA,8441,0.752081,0.565626,0.555247,0.382088,1567.036982,1203.408445,2770.445426,226,8243.030298,8440,6.933792,0.145991,47.494645,0,7911.723658,9319.152848,0.377581,0.315808,"ecf4R407",-0.548679,0.10913,-5.027773,1e-06,"parametric",NA,NA
"coefficient","cod_nlmod_alt_23_25","dfa",NA,NA,"2026-02-18 21:55:36 UTC",NA,8441,0.752081,0.565626,0.555247,0.382088,1567.036982,1203.408445,2770.445426,226,8243.030298,8440,6.933792,0.145991,47.494645,0,7911.723658,9319.152848,0.377581,0.315808,"ecf4R408",-0.545702,0.093157,-5.857873,0,"parametric",NA,NA
"coefficient","cod_nlmod_alt_23_25","dfa",NA,NA,"2026-02-18 21:55:36 UTC",NA,8441,0.752081,0.565626,0.555247,0.382088,1567.036982,1203.408445,2770.445426,226,8243.030298,8440,6.933792,0.145991,47.494645,0,7911.723658,9319.152848,0.377581,0.315808,"ecf4R409",-0.424113,0.106881,-3.968093,7.3e-05,"parametric",NA,NA
"coefficient","cod_nlmod_alt_23_25","dfa",NA,NA,"2026-02-18 21:55:36 UTC",NA,8441,0.752081,0.565626,0.555247,0.382088,1567.036982,1203.408445,2770.445426,226,8243.030298,8440,6.933792,0.145991,47.494645,0,7911.723658,9319.152848,0.377581,0.315808,"ecf4R410",-0.142343,0.089922,-1.58295,0.113471,"parametric",NA,NA
"coefficient","cod_nlmod_alt_23_25","dfa",NA,NA,"2026-02-18 21:55:36 UTC",NA,8441,0.752081,0.565626,0.555247,0.382088,1567.036982,1203.408445,2770.445426,226,8243.030298,8440,6.933792,0.145991,47.494645,0,7911.723658,9319.152848,0.377581,0.315808,"ecf4R411",-0.621984,0.094146,-6.606609,0,"parametric",NA,NA
"coefficient","cod_nlmod_alt_23_25","dfa",NA,NA,"2026-02-18 21:55:36 UTC",NA,8441,0.752081,0.565626,0.555247,0.382088,1567.036982,1203.408445,2770.445426,226,8243.030298,8440,6.933792,0.145991,47.494645,0,7911.723658,9319.152848,0.377581,0.315808,"ecf4R412",-0.565658,0.123677,-4.573673,5e-06,"parametric",NA,NA
"coefficient","cod_nlmod_alt_23_25","dfa",NA,NA,"2026-02-18 21:55:36 UTC",NA,8441,0.752081,0.565626,0.555247,0.382088,1567.036982,1203.408445,2770.445426,226,8243.030298,8440,6.933792,0.145991,47.494645,0,7911.723658,9319.152848,0.377581,0.315808,"ecf4R413",-0.33197,0.093281,-3.558819,0.000375,"parametric",NA,NA
"coefficient","cod_nlmod_alt_23_25","dfa",NA,NA,"2026-02-18 21:55:36 UTC",NA,8441,0.752081,0.565626,0.555247,0.382088,1567.036982,1203.408445,2770.445426,226,8243.030298,8440,6.933792,0.145991,47.494645,0,7911.723658,9319.152848,0.377581,0.315808,"ecf4R414",0.086865,0.100115,0.867651,0.385611,"parametric",NA,NA
"coefficient","cod_nlmod_alt_23_25","dfa",NA,NA,"2026-02-18 21:55:36 UTC",NA,8441,0.752081,0.565626,0.555247,0.382088,1567.036982,1203.408445,2770.445426,226,8243.030298,8440,6.933792,0.145991,47.494645,0,7911.723658,9319.152848,0.377581,0.315808,"ecf4R415",0.095018,0.103736,0.915955,0.359717,"parametric",NA,NA
"coefficient","cod_nlmod_alt_23_25","dfa",NA,NA,"2026-02-18 21:55:36 UTC",NA,8441,0.752081,0.565626,0.555247,0.382088,1567.036982,1203.408445,2770.445426,226,8243.030298,8440,6.933792,0.145991,47.494645,0,7911.723658,9319.152848,0.377581,0.315808,"ecf4R416",-0.685612,0.209858,-3.267022,0.001091,"parametric",NA,NA
"coefficient","cod_nlmod_alt_23_25","dfa",NA,NA,"2026-02-18 21:55:36 UTC",NA,8441,0.752081,0.565626,0.555247,0.382088,1567.036982,1203.408445,2770.445426,226,8243.030298,8440,6.933792,0.145991,47.494645,0,7911.723658,9319.152848,0.377581,0.315808,"ecf4R417",-0.156858,0.092655,-1.692929,0.090507,"parametric",NA,NA
"coefficient","cod_nlmod_alt_23_25","dfa",NA,NA,"2026-02-18 21:55:36 UTC",NA,8441,0.752081,0.565626,0.555247,0.382088,1567.036982,1203.408445,2770.445426,226,8243.030298,8440,6.933792,0.145991,47.494645,0,7911.723658,9319.152848,0.377581,0.315808,"ecf4R418",0.047296,0.393557,0.120175,0.904348,"parametric",NA,NA
"coefficient","cod_nlmod_alt_23_25","dfa",NA,NA,"2026-02-18 21:55:36 UTC",NA,8441,0.752081,0.565626,0.555247,0.382088,1567.036982,1203.408445,2770.445426,226,8243.030298,8440,6.933792,0.145991,47.494645,0,7911.723658,9319.152848,0.377581,0.315808,"ecf4R419",-0.990259,0.11274,-8.783529,0,"parametric",NA,NA
"coefficient","cod_nlmod_alt_23_25","dfa",NA,NA,"2026-02-18 21:55:36 UTC",NA,8441,0.752081,0.565626,0.555247,0.382088,1567.036982,1203.408445,2770.445426,226,8243.030298,8440,6.933792,0.145991,47.494645,0,7911.723658,9319.152848,0.377581,0.315808,"ecf4R421",-0.889038,0.119475,-7.441183,0,"parametric",NA,NA
"coefficient","cod_nlmod_alt_23_25","dfa",NA,NA,"2026-02-18 21:55:36 UTC",NA,8441,0.752081,0.565626,0.555247,0.382088,1567.036982,1203.408445,2770.445426,226,8243.030298,8440,6.933792,0.145991,47.494645,0,7911.723658,9319.152848,0.377581,0.315808,"ecf4R422",0.174212,0.105606,1.649633,0.099056,"parametric",NA,NA
"coefficient","cod_nlmod_alt_23_25","dfa",NA,NA,"2026-02-18 21:55:36 UTC",NA,8441,0.752081,0.565626,0.555247,0.382088,1567.036982,1203.408445,2770.445426,226,8243.030298,8440,6.933792,0.145991,47.494645,0,7911.723658,9319.152848,0.377581,0.315808,"ecf5R501",-0.735978,0.108659,-6.773284,0,"parametric",NA,NA
"coefficient","cod_nlmod_alt_23_25","dfa",NA,NA,"2026-02-18 21:55:36 UTC",NA,8441,0.752081,0.565626,0.555247,0.382088,1567.036982,1203.408445,2770.445426,226,8243.030298,8440,6.933792,0.145991,47.494645,0,7911.723658,9319.152848,0.377581,0.315808,"ecf5R502",-0.561257,0.111977,-5.012227,1e-06,"parametric",NA,NA
"coefficient","cod_nlmod_alt_23_25","dfa",NA,NA,"2026-02-18 21:55:36 UTC",NA,8441,0.752081,0.565626,0.555247,0.382088,1567.036982,1203.408445,2770.445426,226,8243.030298,8440,6.933792,0.145991,47.494645,0,7911.723658,9319.152848,0.377581,0.315808,"ecf5R503",0.52504,0.215203,2.439739,0.014719,"parametric",NA,NA
"coefficient","cod_nlmod_alt_23_25","dfa",NA,NA,"2026-02-18 21:55:36 UTC",NA,8441,0.752081,0.565626,0.555247,0.382088,1567.036982,1203.408445,2770.445426,226,8243.030298,8440,6.933792,0.145991,47.494645,0,7911.723658,9319.152848,0.377581,0.315808,"ecf5R504",0.285517,0.121975,2.340793,0.019267,"parametric",NA,NA
"coefficient","cod_nlmod_alt_23_25","dfa",NA,NA,"2026-02-18 21:55:36 UTC",NA,8441,0.752081,0.565626,0.555247,0.382088,1567.036982,1203.408445,2770.445426,226,8243.030298,8440,6.933792,0.145991,47.494645,0,7911.723658,9319.152848,0.377581,0.315808,"ecf5R507",-0.093785,0.162798,-0.576079,0.564578,"parametric",NA,NA
"coefficient","cod_nlmod_alt_23_25","dfa",NA,NA,"2026-02-18 21:55:36 UTC",NA,8441,0.752081,0.565626,0.555247,0.382088,1567.036982,1203.408445,2770.445426,226,8243.030298,8440,6.933792,0.145991,47.494645,0,7911.723658,9319.152848,0.377581,0.315808,"ecf5R509",0.529034,0.239225,2.211447,0.027032,"parametric",NA,NA
"coefficient","cod_nlmod_alt_23_25","dfa",NA,NA,"2026-02-18 21:55:36 UTC",NA,8441,0.752081,0.565626,0.555247,0.382088,1567.036982,1203.408445,2770.445426,226,8243.030298,8440,6.933792,0.145991,47.494645,0,7911.723658,9319.152848,0.377581,0.315808,"ecf5R510",0.173031,0.180087,0.960818,0.336672,"parametric",NA,NA
"coefficient","cod_nlmod_alt_23_25","dfa",NA,NA,"2026-02-18 21:55:36 UTC",NA,8441,0.752081,0.565626,0.555247,0.382088,1567.036982,1203.408445,2770.445426,226,8243.030298,8440,6.933792,0.145991,47.494645,0,7911.723658,9319.152848,0.377581,0.315808,"ecf5R513",0.090788,0.199487,0.455107,0.649044,"parametric",NA,NA
"coefficient","cod_nlmod_alt_23_25","dfa",NA,NA,"2026-02-18 21:55:36 UTC",NA,8441,0.752081,0.565626,0.555247,0.382088,1567.036982,1203.408445,2770.445426,226,8243.030298,8440,6.933792,0.145991,47.494645,0,7911.723658,9319.152848,0.377581,0.315808,"ecf5R514",0.475243,0.150626,3.15512,0.00161,"parametric",NA,NA
"coefficient","cod_nlmod_alt_23_25","dfa",NA,NA,"2026-02-18 21:55:36 UTC",NA,8441,0.752081,0.565626,0.555247,0.382088,1567.036982,1203.408445,2770.445426,226,8243.030298,8440,6.933792,0.145991,47.494645,0,7911.723658,9319.152848,0.377581,0.315808,"ecf5R516",0.350986,0.395109,0.888328,0.374391,"parametric",NA,NA
"coefficient","cod_nlmod_alt_23_25","dfa",NA,NA,"2026-02-18 21:55:36 UTC",NA,8441,0.752081,0.565626,0.555247,0.382088,1567.036982,1203.408445,2770.445426,226,8243.030298,8440,6.933792,0.145991,47.494645,0,7911.723658,9319.152848,0.377581,0.315808,"ecf5R517",0.698663,0.286204,2.441131,0.014662,"parametric",NA,NA
"coefficient","cod_nlmod_alt_23_25","dfa",NA,NA,"2026-02-18 21:55:36 UTC",NA,8441,0.752081,0.565626,0.555247,0.382088,1567.036982,1203.408445,2770.445426,226,8243.030298,8440,6.933792,0.145991,47.494645,0,7911.723658,9319.152848,0.377581,0.315808,"ecf5R518",0.238638,0.244895,0.974449,0.329862,"parametric",NA,NA
"coefficient","cod_nlmod_alt_23_25","dfa",NA,NA,"2026-02-18 21:55:36 UTC",NA,8441,0.752081,0.565626,0.555247,0.382088,1567.036982,1203.408445,2770.445426,226,8243.030298,8440,6.933792,0.145991,47.494645,0,7911.723658,9319.152848,0.377581,0.315808,"ecf5R521",0.569011,0.393098,1.447504,0.147794,"parametric",NA,NA
"coefficient","cod_nlmod_alt_23_25","dfa",NA,NA,"2026-02-18 21:55:36 UTC",NA,8441,0.752081,0.565626,0.555247,0.382088,1567.036982,1203.408445,2770.445426,226,8243.030298,8440,6.933792,0.145991,47.494645,0,7911.723658,9319.152848,0.377581,0.315808,"ecf5R523",-0.600867,0.288353,-2.08379,0.03721,"parametric",NA,NA
"coefficient","cod_nlmod_alt_23_25","dfa",NA,NA,"2026-02-18 21:55:36 UTC",NA,8441,0.752081,0.565626,0.555247,0.382088,1567.036982,1203.408445,2770.445426,226,8243.030298,8440,6.933792,0.145991,47.494645,0,7911.723658,9319.152848,0.377581,0.315808,"ecf5R528",-0.517021,0.284836,-1.815155,0.069536,"parametric",NA,NA
"coefficient","cod_nlmod_alt_23_25","dfa",NA,NA,"2026-02-18 21:55:36 UTC",NA,8441,0.752081,0.565626,0.555247,0.382088,1567.036982,1203.408445,2770.445426,226,8243.030298,8440,6.933792,0.145991,47.494645,0,7911.723658,9319.152848,0.377581,0.315808,"ecf5R529",0.423509,0.193008,2.194259,0.028245,"parametric",NA,NA
"coefficient","cod_nlmod_alt_23_25","dfa",NA,NA,"2026-02-18 21:55:36 UTC",NA,8441,0.752081,0.565626,0.555247,0.382088,1567.036982,1203.408445,2770.445426,226,8243.030298,8440,6.933792,0.145991,47.494645,0,7911.723658,9319.152848,0.377581,0.315808,"ecf5R530",0.404531,0.23815,1.698641,0.089425,"parametric",NA,NA
"coefficient","cod_nlmod_alt_23_25","dfa",NA,NA,"2026-02-18 21:55:36 UTC",NA,8441,0.752081,0.565626,0.555247,0.382088,1567.036982,1203.408445,2770.445426,226,8243.030298,8440,6.933792,0.145991,47.494645,0,7911.723658,9319.152848,0.377581,0.315808,"ecf5R531",0.005799,0.169596,0.034195,0.972722,"parametric",NA,NA
"coefficient","cod_nlmod_alt_23_25","dfa",NA,NA,"2026-02-18 21:55:36 UTC",NA,8441,0.752081,0.565626,0.555247,0.382088,1567.036982,1203.408445,2770.445426,226,8243.030298,8440,6.933792,0.145991,47.494645,0,7911.723658,9319.152848,0.377581,0.315808,"ecf5R532",0.639486,0.39902,1.602643,0.109052,"parametric",NA,NA
"coefficient","cod_nlmod_alt_23_25","dfa",NA,NA,"2026-02-18 21:55:36 UTC",NA,8441,0.752081,0.565626,0.555247,0.382088,1567.036982,1203.408445,2770.445426,226,8243.030298,8440,6.933792,0.145991,47.494645,0,7911.723658,9319.152848,0.377581,0.315808,"ecf5R534",-0.076878,0.141838,-0.542011,0.587825,"parametric",NA,NA
"coefficient","cod_nlmod_alt_23_25","dfa",NA,NA,"2026-02-18 21:55:36 UTC",NA,8441,0.752081,0.565626,0.555247,0.382088,1567.036982,1203.408445,2770.445426,226,8243.030298,8440,6.933792,0.145991,47.494645,0,7911.723658,9319.152848,0.377581,0.315808,"ecf5R535",-0.006983,0.290871,-0.024006,0.980849,"parametric",NA,NA
"coefficient","cod_nlmod_alt_23_25","dfa",NA,NA,"2026-02-18 21:55:36 UTC",NA,8441,0.752081,0.565626,0.555247,0.382088,1567.036982,1203.408445,2770.445426,226,8243.030298,8440,6.933792,0.145991,47.494645,0,7911.723658,9319.152848,0.377581,0.315808,"ecf5R539",-0.350359,0.238427,-1.469458,0.141747,"parametric",NA,NA
"coefficient","cod_nlmod_alt_23_25","dfa",NA,NA,"2026-02-18 21:55:36 UTC",NA,8441,0.752081,0.565626,0.555247,0.382088,1567.036982,1203.408445,2770.445426,226,8243.030298,8440,6.933792,0.145991,47.494645,0,7911.723658,9319.152848,0.377581,0.315808,"ecf6R601",-1.162246,0.160802,-7.227791,0,"parametric",NA,NA
"coefficient","cod_nlmod_alt_23_25","dfa",NA,NA,"2026-02-18 21:55:36 UTC",NA,8441,0.752081,0.565626,0.555247,0.382088,1567.036982,1203.408445,2770.445426,226,8243.030298,8440,6.933792,0.145991,47.494645,0,7911.723658,9319.152848,0.377581,0.315808,"ecf6R602",-0.777517,0.160838,-4.834168,1e-06,"parametric",NA,NA
"coefficient","cod_nlmod_alt_23_25","dfa",NA,NA,"2026-02-18 21:55:36 UTC",NA,8441,0.752081,0.565626,0.555247,0.382088,1567.036982,1203.408445,2770.445426,226,8243.030298,8440,6.933792,0.145991,47.494645,0,7911.723658,9319.152848,0.377581,0.315808,"ecf6R603",-1.0346,0.149519,-6.919507,0,"parametric",NA,NA
"coefficient","cod_nlmod_alt_23_25","dfa",NA,NA,"2026-02-18 21:55:36 UTC",NA,8441,0.752081,0.565626,0.555247,0.382088,1567.036982,1203.408445,2770.445426,226,8243.030298,8440,6.933792,0.145991,47.494645,0,7911.723658,9319.152848,0.377581,0.315808,"ecf6R604",-0.341301,0.119108,-2.865472,0.004174,"parametric",NA,NA
"coefficient","cod_nlmod_alt_23_25","dfa",NA,NA,"2026-02-18 21:55:36 UTC",NA,8441,0.752081,0.565626,0.555247,0.382088,1567.036982,1203.408445,2770.445426,226,8243.030298,8440,6.933792,0.145991,47.494645,0,7911.723658,9319.152848,0.377581,0.315808,"ecf6R605",-0.150883,0.129873,-1.161772,0.245362,"parametric",NA,NA
"coefficient","cod_nlmod_alt_23_25","dfa",NA,NA,"2026-02-18 21:55:36 UTC",NA,8441,0.752081,0.565626,0.555247,0.382088,1567.036982,1203.408445,2770.445426,226,8243.030298,8440,6.933792,0.145991,47.494645,0,7911.723658,9319.152848,0.377581,0.315808,"ecf6R606",-0.417532,0.23791,-1.754998,0.079297,"parametric",NA,NA
"coefficient","cod_nlmod_alt_23_25","dfa",NA,NA,"2026-02-18 21:55:36 UTC",NA,8441,0.752081,0.565626,0.555247,0.382088,1567.036982,1203.408445,2770.445426,226,8243.030298,8440,6.933792,0.145991,47.494645,0,7911.723658,9319.152848,0.377581,0.315808,"ecf6R607",0.100701,0.17149,0.587213,0.557077,"parametric",NA,NA
"coefficient","cod_nlmod_alt_23_25","dfa",NA,NA,"2026-02-18 21:55:36 UTC",NA,8441,0.752081,0.565626,0.555247,0.382088,1567.036982,1203.408445,2770.445426,226,8243.030298,8440,6.933792,0.145991,47.494645,0,7911.723658,9319.152848,0.377581,0.315808,"ecf6R608",0.70766,0.394247,1.794966,0.072696,"parametric",NA,NA
"coefficient","cod_nlmod_alt_23_25","dfa",NA,NA,"2026-02-18 21:55:36 UTC",NA,8441,0.752081,0.565626,0.555247,0.382088,1567.036982,1203.408445,2770.445426,226,8243.030298,8440,6.933792,0.145991,47.494645,0,7911.723658,9319.152848,0.377581,0.315808,"ecf6R611",-0.144446,0.105822,-1.364988,0.172294,"parametric",NA,NA
"coefficient","cod_nlmod_alt_23_25","dfa",NA,NA,"2026-02-18 21:55:36 UTC",NA,8441,0.752081,0.565626,0.555247,0.382088,1567.036982,1203.408445,2770.445426,226,8243.030298,8440,6.933792,0.145991,47.494645,0,7911.723658,9319.152848,0.377581,0.315808,"ecf6R612",-0.171006,0.139197,-1.228517,0.219288,"parametric",NA,NA
"coefficient","cod_nlmod_alt_23_25","dfa",NA,NA,"2026-02-18 21:55:36 UTC",NA,8441,0.752081,0.565626,0.555247,0.382088,1567.036982,1203.408445,2770.445426,226,8243.030298,8440,6.933792,0.145991,47.494645,0,7911.723658,9319.152848,0.377581,0.315808,"ecf6R613",0.088288,0.156582,0.563843,0.572876,"parametric",NA,NA
"coefficient","cod_nlmod_alt_23_25","dfa",NA,NA,"2026-02-18 21:55:36 UTC",NA,8441,0.752081,0.565626,0.555247,0.382088,1567.036982,1203.408445,2770.445426,226,8243.030298,8440,6.933792,0.145991,47.494645,0,7911.723658,9319.152848,0.377581,0.315808,"ecf6R615",-0.211118,0.141886,-1.487948,0.136803,"parametric",NA,NA
"coefficient","cod_nlmod_alt_23_25","dfa",NA,NA,"2026-02-18 21:55:36 UTC",NA,8441,0.752081,0.565626,0.555247,0.382088,1567.036982,1203.408445,2770.445426,226,8243.030298,8440,6.933792,0.145991,47.494645,0,7911.723658,9319.152848,0.377581,0.315808,"ecf6R616",0.206691,0.285378,0.724272,0.468919,"parametric",NA,NA
"coefficient","cod_nlmod_alt_23_25","dfa",NA,NA,"2026-02-18 21:55:36 UTC",NA,8441,0.752081,0.565626,0.555247,0.382088,1567.036982,1203.408445,2770.445426,226,8243.030298,8440,6.933792,0.145991,47.494645,0,7911.723658,9319.152848,0.377581,0.315808,"ecf6R617",0.323712,0.397027,0.81534,0.414901,"parametric",NA,NA
"coefficient","cod_nlmod_alt_23_25","dfa",NA,NA,"2026-02-18 21:55:36 UTC",NA,8441,0.752081,0.565626,0.555247,0.382088,1567.036982,1203.408445,2770.445426,226,8243.030298,8440,6.933792,0.145991,47.494645,0,7911.723658,9319.152848,0.377581,0.315808,"ecf6R620",-0.659625,0.097045,-6.797089,0,"parametric",NA,NA
"coefficient","cod_nlmod_alt_23_25","dfa",NA,NA,"2026-02-18 21:55:36 UTC",NA,8441,0.752081,0.565626,0.555247,0.382088,1567.036982,1203.408445,2770.445426,226,8243.030298,8440,6.933792,0.145991,47.494645,0,7911.723658,9319.152848,0.377581,0.315808,"ecf7R701",0.179853,0.098943,1.817749,0.069139,"parametric",NA,NA
"coefficient","cod_nlmod_alt_23_25","dfa",NA,NA,"2026-02-18 21:55:36 UTC",NA,8441,0.752081,0.565626,0.555247,0.382088,1567.036982,1203.408445,2770.445426,226,8243.030298,8440,6.933792,0.145991,47.494645,0,7911.723658,9319.152848,0.377581,0.315808,"ecf7R702",0.053413,0.094577,0.564752,0.572258,"parametric",NA,NA
"coefficient","cod_nlmod_alt_23_25","dfa",NA,NA,"2026-02-18 21:55:36 UTC",NA,8441,0.752081,0.565626,0.555247,0.382088,1567.036982,1203.408445,2770.445426,226,8243.030298,8440,6.933792,0.145991,47.494645,0,7911.723658,9319.152848,0.377581,0.315808,"ecf7R703",-0.482846,0.112379,-4.296581,1.8e-05,"parametric",NA,NA
"coefficient","cod_nlmod_alt_23_25","dfa",NA,NA,"2026-02-18 21:55:36 UTC",NA,8441,0.752081,0.565626,0.555247,0.382088,1567.036982,1203.408445,2770.445426,226,8243.030298,8440,6.933792,0.145991,47.494645,0,7911.723658,9319.152848,0.377581,0.315808,"ecf7R704",-0.338982,0.089844,-3.773015,0.000162,"parametric",NA,NA
"coefficient","cod_nlmod_alt_23_25","dfa",NA,NA,"2026-02-18 21:55:36 UTC",NA,8441,0.752081,0.565626,0.555247,0.382088,1567.036982,1203.408445,2770.445426,226,8243.030298,8440,6.933792,0.145991,47.494645,0,7911.723658,9319.152848,0.377581,0.315808,"ecf7R705",-0.335406,0.087599,-3.828894,0.00013,"parametric",NA,NA
"coefficient","cod_nlmod_alt_23_25","dfa",NA,NA,"2026-02-18 21:55:36 UTC",NA,8441,0.752081,0.565626,0.555247,0.382088,1567.036982,1203.408445,2770.445426,226,8243.030298,8440,6.933792,0.145991,47.494645,0,7911.723658,9319.152848,0.377581,0.315808,"ecf7R706",-0.465725,0.143843,-3.237735,0.00121,"parametric",NA,NA
"coefficient","cod_nlmod_alt_23_25","dfa",NA,NA,"2026-02-18 21:55:36 UTC",NA,8441,0.752081,0.565626,0.555247,0.382088,1567.036982,1203.408445,2770.445426,226,8243.030298,8440,6.933792,0.145991,47.494645,0,7911.723658,9319.152848,0.377581,0.315808,"ecf7R707",-0.655557,0.160302,-4.089501,4.4e-05,"parametric",NA,NA
"coefficient","cod_nlmod_alt_23_25","dfa",NA,NA,"2026-02-18 21:55:36 UTC",NA,8441,0.752081,0.565626,0.555247,0.382088,1567.036982,1203.408445,2770.445426,226,8243.030298,8440,6.933792,0.145991,47.494645,0,7911.723658,9319.152848,0.377581,0.315808,"ecf7R708",-0.507038,0.098658,-5.139375,0,"parametric",NA,NA
"coefficient","cod_nlmod_alt_23_25","dfa",NA,NA,"2026-02-18 21:55:36 UTC",NA,8441,0.752081,0.565626,0.555247,0.382088,1567.036982,1203.408445,2770.445426,226,8243.030298,8440,6.933792,0.145991,47.494645,0,7911.723658,9319.152848,0.377581,0.315808,"ecf7R709",-0.387875,0.094332,-4.11183,4e-05,"parametric",NA,NA
"coefficient","cod_nlmod_alt_23_25","dfa",NA,NA,"2026-02-18 21:55:36 UTC",NA,8441,0.752081,0.565626,0.555247,0.382088,1567.036982,1203.408445,2770.445426,226,8243.030298,8440,6.933792,0.145991,47.494645,0,7911.723658,9319.152848,0.377581,0.315808,"ecf7R710",-0.185341,0.095838,-1.933901,0.053159,"parametric",NA,NA
"coefficient","cod_nlmod_alt_23_25","dfa",NA,NA,"2026-02-18 21:55:36 UTC",NA,8441,0.752081,0.565626,0.555247,0.382088,1567.036982,1203.408445,2770.445426,226,8243.030298,8440,6.933792,0.145991,47.494645,0,7911.723658,9319.152848,0.377581,0.315808,"ecf7R711",-0.51526,0.09461,-5.446153,0,"parametric",NA,NA
"coefficient","cod_nlmod_alt_23_25","dfa",NA,NA,"2026-02-18 21:55:36 UTC",NA,8441,0.752081,0.565626,0.555247,0.382088,1567.036982,1203.408445,2770.445426,226,8243.030298,8440,6.933792,0.145991,47.494645,0,7911.723658,9319.152848,0.377581,0.315808,"ecf7R712",-0.422379,0.129127,-3.271028,0.001076,"parametric",NA,NA
"coefficient","cod_nlmod_alt_23_25","dfa",NA,NA,"2026-02-18 21:55:36 UTC",NA,8441,0.752081,0.565626,0.555247,0.382088,1567.036982,1203.408445,2770.445426,226,8243.030298,8440,6.933792,0.145991,47.494645,0,7911.723658,9319.152848,0.377581,0.315808,"ecf7R713",-0.353617,0.10527,-3.359142,0.000785,"parametric",NA,NA
"coefficient","cod_nlmod_alt_23_25","dfa",NA,NA,"2026-02-18 21:55:36 UTC",NA,8441,0.752081,0.565626,0.555247,0.382088,1567.036982,1203.408445,2770.445426,226,8243.030298,8440,6.933792,0.145991,47.494645,0,7911.723658,9319.152848,0.377581,0.315808,"ecf7R715",-0.841143,0.284514,-2.956421,0.003121,"parametric",NA,NA
"coefficient","cod_nlmod_alt_23_25","dfa",NA,NA,"2026-02-18 21:55:36 UTC",NA,8441,0.752081,0.565626,0.555247,0.382088,1567.036982,1203.408445,2770.445426,226,8243.030298,8440,6.933792,0.145991,47.494645,0,7911.723658,9319.152848,0.377581,0.315808,"ecf7R716",-0.808035,0.134179,-6.022076,0,"parametric",NA,NA
"coefficient","cod_nlmod_alt_23_25","dfa",NA,NA,"2026-02-18 21:55:36 UTC",NA,8441,0.752081,0.565626,0.555247,0.382088,1567.036982,1203.408445,2770.445426,226,8243.030298,8440,6.933792,0.145991,47.494645,0,7911.723658,9319.152848,0.377581,0.315808,"ecf7R717",-1.024782,0.111335,-9.204505,0,"parametric",NA,NA
"coefficient","cod_nlmod_alt_23_25","dfa",NA,NA,"2026-02-18 21:55:36 UTC",NA,8441,0.752081,0.565626,0.555247,0.382088,1567.036982,1203.408445,2770.445426,226,8243.030298,8440,6.933792,0.145991,47.494645,0,7911.723658,9319.152848,0.377581,0.315808,"ecf7R718",-0.734529,0.102521,-7.164697,0,"parametric",NA,NA
"coefficient","cod_nlmod_alt_23_25","dfa",NA,NA,"2026-02-18 21:55:36 UTC",NA,8441,0.752081,0.565626,0.555247,0.382088,1567.036982,1203.408445,2770.445426,226,8243.030298,8440,6.933792,0.145991,47.494645,0,7911.723658,9319.152848,0.377581,0.315808,"ecf7R719",-0.293088,0.090647,-3.233302,0.001228,"parametric",NA,NA
"coefficient","cod_nlmod_alt_23_25","dfa",NA,NA,"2026-02-18 21:55:36 UTC",NA,8441,0.752081,0.565626,0.555247,0.382088,1567.036982,1203.408445,2770.445426,226,8243.030298,8440,6.933792,0.145991,47.494645,0,7911.723658,9319.152848,0.377581,0.315808,"ecf7R720",-0.588011,0.28702,-2.048679,0.040525,"parametric",NA,NA
"coefficient","cod_nlmod_alt_23_25","dfa",NA,NA,"2026-02-18 21:55:36 UTC",NA,8441,0.752081,0.565626,0.555247,0.382088,1567.036982,1203.408445,2770.445426,226,8243.030298,8440,6.933792,0.145991,47.494645,0,7911.723658,9319.152848,0.377581,0.315808,"ecf7R721",-0.231902,0.156107,-1.485529,0.137442,"parametric",NA,NA
"coefficient","cod_nlmod_alt_23_25","dfa",NA,NA,"2026-02-18 21:55:36 UTC",NA,8441,0.752081,0.565626,0.555247,0.382088,1567.036982,1203.408445,2770.445426,226,8243.030298,8440,6.933792,0.145991,47.494645,0,7911.723658,9319.152848,0.377581,0.315808,"ecf7R722",-0.745489,0.237664,-3.136735,0.001714,"parametric",NA,NA
"coefficient","cod_nlmod_alt_23_25","dfa",NA,NA,"2026-02-18 21:55:36 UTC",NA,8441,0.752081,0.565626,0.555247,0.382088,1567.036982,1203.408445,2770.445426,226,8243.030298,8440,6.933792,0.145991,47.494645,0,7911.723658,9319.152848,0.377581,0.315808,"ecf7R723",-0.129959,0.105625,-1.230386,0.218588,"parametric",NA,NA
"coefficient","cod_nlmod_alt_23_25","dfa",NA,NA,"2026-02-18 21:55:36 UTC",NA,8441,0.752081,0.565626,0.555247,0.382088,1567.036982,1203.408445,2770.445426,226,8243.030298,8440,6.933792,0.145991,47.494645,0,7911.723658,9319.152848,0.377581,0.315808,"ecf7R724",-0.467216,0.148897,-3.137841,0.001708,"parametric",NA,NA
"coefficient","cod_nlmod_alt_23_25","dfa",NA,NA,"2026-02-18 21:55:36 UTC",NA,8441,0.752081,0.565626,0.555247,0.382088,1567.036982,1203.408445,2770.445426,226,8243.030298,8440,6.933792,0.145991,47.494645,0,7911.723658,9319.152848,0.377581,0.315808,"s(ln_landratio)",NA,NA,2.98524,0,"smooth",1.69765,9
"coefficient","cod_nlmod_alt_23_25","dfa",NA,NA,"2026-02-18 21:55:36 UTC",NA,8441,0.752081,0.565626,0.555247,0.382088,1567.036982,1203.408445,2770.445426,226,8243.030298,8440,6.933792,0.145991,47.494645,0,7911.723658,9319.152848,0.377581,0.315808,"s(lnsbldsfint)",NA,NA,5.686031,0,"smooth",2.307548,9
"coefficient","cod_nlmod_alt_23_25","dfa",NA,NA,"2026-02-18 21:55:36 UTC",NA,8441,0.752081,0.565626,0.555247,0.382088,1567.036982,1203.408445,2770.445426,226,8243.030298,8440,6.933792,0.145991,47.494645,0,7911.723658,9319.152848,0.377581,0.315808,"s(sresb_yearbuilt)",NA,NA,5.479862,0,"smooth",2.111618,9
"coefficient","cod_nlmod_alt_23_25","dfa",NA,NA,"2026-02-18 21:55:36 UTC",NA,8441,0.752081,0.565626,0.555247,0.382088,1567.036982,1203.408445,2770.445426,226,8243.030298,8440,6.933792,0.145991,47.494645,0,7911.723658,9319.152848,0.377581,0.315808,"s(months)",NA,NA,0.293965,0.058678,"smooth",0.852886,9
"coefficient","cod_nlmod_alt2_23_25","dfa",NA,NA,"2026-02-18 21:55:36 UTC",NA,8441,0.751959,0.565443,0.555105,0.382149,1566.528132,1203.917295,2770.445426,217,8243.885463,8440,7.219024,0.146038,49.432635,0,7912.455447,9309.898397,0.37766,0.315922,"(Intercept)",0,0,NA,NA,"parametric",NA,NA
"coefficient","cod_nlmod_alt2_23_25","dfa",NA,NA,"2026-02-18 21:55:36 UTC",NA,8441,0.751959,0.565443,0.555105,0.382149,1566.528132,1203.917295,2770.445426,217,8243.885463,8440,7.219024,0.146038,49.432635,0,7912.455447,9309.898397,0.37766,0.315922,"arterial",0.008519,0.016954,0.502469,0.615351,"parametric",NA,NA
"coefficient","cod_nlmod_alt2_23_25","dfa",NA,NA,"2026-02-18 21:55:36 UTC",NA,8441,0.751959,0.565443,0.555105,0.382149,1566.528132,1203.917295,2770.445426,217,8243.885463,8440,7.219024,0.146038,49.432635,0,7912.455447,9309.898397,0.37766,0.315922,"single_family1story",0.007055,0.012633,0.558461,0.576545,"parametric",NA,NA
"coefficient","cod_nlmod_alt2_23_25","dfa",NA,NA,"2026-02-18 21:55:36 UTC",NA,8441,0.751959,0.565443,0.555105,0.382149,1566.528132,1203.917295,2770.445426,217,8243.885463,8440,7.219024,0.146038,49.432635,0,7912.455447,9309.898397,0.37766,0.315922,"half_duplex1story",-0.160484,0.062828,-2.554352,0.010656,"parametric",NA,NA
"coefficient","cod_nlmod_alt2_23_25","dfa",NA,NA,"2026-02-18 21:55:36 UTC",NA,8441,0.751959,0.565443,0.555105,0.382149,1566.528132,1203.917295,2770.445426,217,8243.885463,8440,7.219024,0.146038,49.432635,0,7912.455447,9309.898397,0.37766,0.315922,"half_duplex2story",-0.044454,0.082909,-0.536176,0.591852,"parametric",NA,NA
"coefficient","cod_nlmod_alt2_23_25","dfa",NA,NA,"2026-02-18 21:55:36 UTC",NA,8441,0.751959,0.565443,0.555105,0.382149,1566.528132,1203.917295,2770.445426,217,8243.885463,8440,7.219024,0.146038,49.432635,0,7912.455447,9309.898397,0.37766,0.315922,"smallest",-0.025383,0.039951,-0.635348,0.525219,"parametric",NA,NA
"coefficient","cod_nlmod_alt2_23_25","dfa",NA,NA,"2026-02-18 21:55:36 UTC",NA,8441,0.751959,0.565443,0.555105,0.382149,1566.528132,1203.917295,2770.445426,217,8243.885463,8440,7.219024,0.146038,49.432635,0,7912.455447,9309.898397,0.37766,0.315922,"small",-0.02032,0.018952,-1.072129,0.283693,"parametric",NA,NA
"coefficient","cod_nlmod_alt2_23_25","dfa",NA,NA,"2026-02-18 21:55:36 UTC",NA,8441,0.751959,0.565443,0.555105,0.382149,1566.528132,1203.917295,2770.445426,217,8243.885463,8440,7.219024,0.146038,49.432635,0,7912.455447,9309.898397,0.37766,0.315922,"large",0.036098,0.020646,1.748419,0.080429,"parametric",NA,NA
"coefficient","cod_nlmod_alt2_23_25","dfa",NA,NA,"2026-02-18 21:55:36 UTC",NA,8441,0.751959,0.565443,0.555105,0.382149,1566.528132,1203.917295,2770.445426,217,8243.885463,8440,7.219024,0.146038,49.432635,0,7912.455447,9309.898397,0.37766,0.315922,"largest",0.095718,0.036366,2.632053,0.008503,"parametric",NA,NA
"coefficient","cod_nlmod_alt2_23_25","dfa",NA,NA,"2026-02-18 21:55:36 UTC",NA,8441,0.751959,0.565443,0.555105,0.382149,1566.528132,1203.917295,2770.445426,217,8243.885463,8440,7.219024,0.146038,49.432635,0,7912.455447,9309.898397,0.37766,0.315922,"two_plus_baths",0.126206,0.04321,2.920802,0.003501,"parametric",NA,NA
"coefficient","cod_nlmod_alt2_23_25","dfa",NA,NA,"2026-02-18 21:55:36 UTC",NA,8441,0.751959,0.565443,0.555105,0.382149,1566.528132,1203.917295,2770.445426,217,8243.885463,8440,7.219024,0.146038,49.432635,0,7912.455447,9309.898397,0.37766,0.315922,"powder_room",0.039887,0.020549,1.941096,0.052281,"parametric",NA,NA
"coefficient","cod_nlmod_alt2_23_25","dfa",NA,NA,"2026-02-18 21:55:36 UTC",NA,8441,0.751959,0.565443,0.555105,0.382149,1566.528132,1203.917295,2770.445426,217,8243.885463,8440,7.219024,0.146038,49.432635,0,7912.455447,9309.898397,0.37766,0.315922,"good",0.221836,0.033967,6.530853,0,"parametric",NA,NA
"coefficient","cod_nlmod_alt2_23_25","dfa",NA,NA,"2026-02-18 21:55:36 UTC",NA,8441,0.751959,0.565443,0.555105,0.382149,1566.528132,1203.917295,2770.445426,217,8243.885463,8440,7.219024,0.146038,49.432635,0,7912.455447,9309.898397,0.37766,0.315922,"fair",-0.170213,0.011073,-15.371635,0,"parametric",NA,NA
"coefficient","cod_nlmod_alt2_23_25","dfa",NA,NA,"2026-02-18 21:55:36 UTC",NA,8441,0.751959,0.565443,0.555105,0.382149,1566.528132,1203.917295,2770.445426,217,8243.885463,8440,7.219024,0.146038,49.432635,0,7912.455447,9309.898397,0.37766,0.315922,"poor",-0.274298,0.029293,-9.363893,0,"parametric",NA,NA
"coefficient","cod_nlmod_alt2_23_25","dfa",NA,NA,"2026-02-18 21:55:36 UTC",NA,8441,0.751959,0.565443,0.555105,0.382149,1566.528132,1203.917295,2770.445426,217,8243.885463,8440,7.219024,0.146038,49.432635,0,7912.455447,9309.898397,0.37766,0.315922,"very_poor_unsound",-0.324127,0.085462,-3.792663,0.00015,"parametric",NA,NA
"coefficient","cod_nlmod_alt2_23_25","dfa",NA,NA,"2026-02-18 21:55:36 UTC",NA,8441,0.751959,0.565443,0.555105,0.382149,1566.528132,1203.917295,2770.445426,217,8243.885463,8440,7.219024,0.146038,49.432635,0,7912.455447,9309.898397,0.37766,0.315922,"qabove_avg",0.188932,0.039189,4.821077,1e-06,"parametric",NA,NA
"coefficient","cod_nlmod_alt2_23_25","dfa",NA,NA,"2026-02-18 21:55:36 UTC",NA,8441,0.751959,0.565443,0.555105,0.382149,1566.528132,1203.917295,2770.445426,217,8243.885463,8440,7.219024,0.146038,49.432635,0,7912.455447,9309.898397,0.37766,0.315922,"qbelow_avg",-0.071593,0.012307,-5.817382,0,"parametric",NA,NA
"coefficient","cod_nlmod_alt2_23_25","dfa",NA,NA,"2026-02-18 21:55:36 UTC",NA,8441,0.751959,0.565443,0.555105,0.382149,1566.528132,1203.917295,2770.445426,217,8243.885463,8440,7.219024,0.146038,49.432635,0,7912.455447,9309.898397,0.37766,0.315922,"crawl",-0.024239,0.03947,-0.614107,0.539162,"parametric",NA,NA
"coefficient","cod_nlmod_alt2_23_25","dfa",NA,NA,"2026-02-18 21:55:36 UTC",NA,8441,0.751959,0.565443,0.555105,0.382149,1566.528132,1203.917295,2770.445426,217,8243.885463,8440,7.219024,0.146038,49.432635,0,7912.455447,9309.898397,0.37766,0.315922,"slab",-0.291609,0.046197,-6.312316,0,"parametric",NA,NA
"coefficient","cod_nlmod_alt2_23_25","dfa",NA,NA,"2026-02-18 21:55:36 UTC",NA,8441,0.751959,0.565443,0.555105,0.382149,1566.528132,1203.917295,2770.445426,217,8243.885463,8440,7.219024,0.146038,49.432635,0,7912.455447,9309.898397,0.37766,0.315922,"garage",11.663857,0.087462,133.358794,0,"parametric",NA,NA
"coefficient","cod_nlmod_alt2_23_25","dfa",NA,NA,"2026-02-18 21:55:36 UTC",NA,8441,0.751959,0.565443,0.555105,0.382149,1566.528132,1203.917295,2770.445426,217,8243.885463,8440,7.219024,0.146038,49.432635,0,7912.455447,9309.898397,0.37766,0.315922,"fireplace",0.070565,0.011354,6.215111,0,"parametric",NA,NA
"coefficient","cod_nlmod_alt2_23_25","dfa",NA,NA,"2026-02-18 21:55:36 UTC",NA,8441,0.751959,0.565443,0.555105,0.382149,1566.528132,1203.917295,2770.445426,217,8243.885463,8440,7.219024,0.146038,49.432635,0,7912.455447,9309.898397,0.37766,0.315922,"hot_water",0.045808,0.017915,2.556918,0.010578,"parametric",NA,NA
"coefficient","cod_nlmod_alt2_23_25","dfa",NA,NA,"2026-02-18 21:55:36 UTC",NA,8441,0.751959,0.565443,0.555105,0.382149,1566.528132,1203.917295,2770.445426,217,8243.885463,8440,7.219024,0.146038,49.432635,0,7912.455447,9309.898397,0.37766,0.315922,"elec_baseboard",-0.058273,0.17553,-0.331985,0.739909,"parametric",NA,NA
"coefficient","cod_nlmod_alt2_23_25","dfa",NA,NA,"2026-02-18 21:55:36 UTC",NA,8441,0.751959,0.565443,0.555105,0.382149,1566.528132,1203.917295,2770.445426,217,8243.885463,8440,7.219024,0.146038,49.432635,0,7912.455447,9309.898397,0.37766,0.315922,"wall",-0.113351,0.086445,-1.311242,0.189813,"parametric",NA,NA
"coefficient","cod_nlmod_alt2_23_25","dfa",NA,NA,"2026-02-18 21:55:36 UTC",NA,8441,0.751959,0.565443,0.555105,0.382149,1566.528132,1203.917295,2770.445426,217,8243.885463,8440,7.219024,0.146038,49.432635,0,7912.455447,9309.898397,0.37766,0.315922,"central_air",0.070123,0.010905,6.430092,0,"parametric",NA,NA
"coefficient","cod_nlmod_alt2_23_25","dfa",NA,NA,"2026-02-18 21:55:36 UTC",NA,8441,0.751959,0.565443,0.555105,0.382149,1566.528132,1203.917295,2770.445426,217,8243.885463,8440,7.219024,0.146038,49.432635,0,7912.455447,9309.898397,0.37766,0.315922,"ecf1R102",-0.196203,0.113983,-1.72133,0.085228,"parametric",NA,NA
"coefficient","cod_nlmod_alt2_23_25","dfa",NA,NA,"2026-02-18 21:55:36 UTC",NA,8441,0.751959,0.565443,0.555105,0.382149,1566.528132,1203.917295,2770.445426,217,8243.885463,8440,7.219024,0.146038,49.432635,0,7912.455447,9309.898397,0.37766,0.315922,"ecf1R103",0.036085,0.099639,0.362153,0.717247,"parametric",NA,NA
"coefficient","cod_nlmod_alt2_23_25","dfa",NA,NA,"2026-02-18 21:55:36 UTC",NA,8441,0.751959,0.565443,0.555105,0.382149,1566.528132,1203.917295,2770.445426,217,8243.885463,8440,7.219024,0.146038,49.432635,0,7912.455447,9309.898397,0.37766,0.315922,"ecf1R104",-0.067958,0.091114,-0.745856,0.455776,"parametric",NA,NA
"coefficient","cod_nlmod_alt2_23_25","dfa",NA,NA,"2026-02-18 21:55:36 UTC",NA,8441,0.751959,0.565443,0.555105,0.382149,1566.528132,1203.917295,2770.445426,217,8243.885463,8440,7.219024,0.146038,49.432635,0,7912.455447,9309.898397,0.37766,0.315922,"ecf1R105",-0.288599,0.094098,-3.067012,0.002169,"parametric",NA,NA
"coefficient","cod_nlmod_alt2_23_25","dfa",NA,NA,"2026-02-18 21:55:36 UTC",NA,8441,0.751959,0.565443,0.555105,0.382149,1566.528132,1203.917295,2770.445426,217,8243.885463,8440,7.219024,0.146038,49.432635,0,7912.455447,9309.898397,0.37766,0.315922,"ecf1R106",-0.270283,0.101527,-2.662188,0.007779,"parametric",NA,NA
"coefficient","cod_nlmod_alt2_23_25","dfa",NA,NA,"2026-02-18 21:55:36 UTC",NA,8441,0.751959,0.565443,0.555105,0.382149,1566.528132,1203.917295,2770.445426,217,8243.885463,8440,7.219024,0.146038,49.432635,0,7912.455447,9309.898397,0.37766,0.315922,"ecf1R107",-0.186839,0.13391,-1.39526,0.162975,"parametric",NA,NA
"coefficient","cod_nlmod_alt2_23_25","dfa",NA,NA,"2026-02-18 21:55:36 UTC",NA,8441,0.751959,0.565443,0.555105,0.382149,1566.528132,1203.917295,2770.445426,217,8243.885463,8440,7.219024,0.146038,49.432635,0,7912.455447,9309.898397,0.37766,0.315922,"ecf1R108",-0.364565,0.095281,-3.826218,0.000131,"parametric",NA,NA
"coefficient","cod_nlmod_alt2_23_25","dfa",NA,NA,"2026-02-18 21:55:36 UTC",NA,8441,0.751959,0.565443,0.555105,0.382149,1566.528132,1203.917295,2770.445426,217,8243.885463,8440,7.219024,0.146038,49.432635,0,7912.455447,9309.898397,0.37766,0.315922,"ecf1R109",-0.143161,0.091062,-1.572132,0.115958,"parametric",NA,NA
"coefficient","cod_nlmod_alt2_23_25","dfa",NA,NA,"2026-02-18 21:55:36 UTC",NA,8441,0.751959,0.565443,0.555105,0.382149,1566.528132,1203.917295,2770.445426,217,8243.885463,8440,7.219024,0.146038,49.432635,0,7912.455447,9309.898397,0.37766,0.315922,"ecf1R110",-0.139207,0.099671,-1.396672,0.16255,"parametric",NA,NA
"coefficient","cod_nlmod_alt2_23_25","dfa",NA,NA,"2026-02-18 21:55:36 UTC",NA,8441,0.751959,0.565443,0.555105,0.382149,1566.528132,1203.917295,2770.445426,217,8243.885463,8440,7.219024,0.146038,49.432635,0,7912.455447,9309.898397,0.37766,0.315922,"ecf1R111",-0.123162,0.16022,-0.768705,0.44209,"parametric",NA,NA
"coefficient","cod_nlmod_alt2_23_25","dfa",NA,NA,"2026-02-18 21:55:36 UTC",NA,8441,0.751959,0.565443,0.555105,0.382149,1566.528132,1203.917295,2770.445426,217,8243.885463,8440,7.219024,0.146038,49.432635,0,7912.455447,9309.898397,0.37766,0.315922,"ecf1R112",-0.07408,0.109442,-0.676886,0.498497,"parametric",NA,NA
"coefficient","cod_nlmod_alt2_23_25","dfa",NA,NA,"2026-02-18 21:55:36 UTC",NA,8441,0.751959,0.565443,0.555105,0.382149,1566.528132,1203.917295,2770.445426,217,8243.885463,8440,7.219024,0.146038,49.432635,0,7912.455447,9309.898397,0.37766,0.315922,"ecf1R113",-0.620907,0.124442,-4.989527,1e-06,"parametric",NA,NA
"coefficient","cod_nlmod_alt2_23_25","dfa",NA,NA,"2026-02-18 21:55:36 UTC",NA,8441,0.751959,0.565443,0.555105,0.382149,1566.528132,1203.917295,2770.445426,217,8243.885463,8440,7.219024,0.146038,49.432635,0,7912.455447,9309.898397,0.37766,0.315922,"ecf1R114",-0.300086,0.108161,-2.774452,0.005542,"parametric",NA,NA
"coefficient","cod_nlmod_alt2_23_25","dfa",NA,NA,"2026-02-18 21:55:36 UTC",NA,8441,0.751959,0.565443,0.555105,0.382149,1566.528132,1203.917295,2770.445426,217,8243.885463,8440,7.219024,0.146038,49.432635,0,7912.455447,9309.898397,0.37766,0.315922,"ecf1R115",0.186599,0.113977,1.637172,0.101633,"parametric",NA,NA
"coefficient","cod_nlmod_alt2_23_25","dfa",NA,NA,"2026-02-18 21:55:36 UTC",NA,8441,0.751959,0.565443,0.555105,0.382149,1566.528132,1203.917295,2770.445426,217,8243.885463,8440,7.219024,0.146038,49.432635,0,7912.455447,9309.898397,0.37766,0.315922,"ecf1R116",0.182378,0.097145,1.877381,0.060501,"parametric",NA,NA
"coefficient","cod_nlmod_alt2_23_25","dfa",NA,NA,"2026-02-18 21:55:36 UTC",NA,8441,0.751959,0.565443,0.555105,0.382149,1566.528132,1203.917295,2770.445426,217,8243.885463,8440,7.219024,0.146038,49.432635,0,7912.455447,9309.898397,0.37766,0.315922,"ecf1R117",-0.129399,0.093678,-1.381321,0.167218,"parametric",NA,NA
"coefficient","cod_nlmod_alt2_23_25","dfa",NA,NA,"2026-02-18 21:55:36 UTC",NA,8441,0.751959,0.565443,0.555105,0.382149,1566.528132,1203.917295,2770.445426,217,8243.885463,8440,7.219024,0.146038,49.432635,0,7912.455447,9309.898397,0.37766,0.315922,"ecf1R118",-0.216129,0.096477,-2.240216,0.025103,"parametric",NA,NA
"coefficient","cod_nlmod_alt2_23_25","dfa",NA,NA,"2026-02-18 21:55:36 UTC",NA,8441,0.751959,0.565443,0.555105,0.382149,1566.528132,1203.917295,2770.445426,217,8243.885463,8440,7.219024,0.146038,49.432635,0,7912.455447,9309.898397,0.37766,0.315922,"ecf1R119",-0.403995,0.10616,-3.805536,0.000143,"parametric",NA,NA
"coefficient","cod_nlmod_alt2_23_25","dfa",NA,NA,"2026-02-18 21:55:36 UTC",NA,8441,0.751959,0.565443,0.555105,0.382149,1566.528132,1203.917295,2770.445426,217,8243.885463,8440,7.219024,0.146038,49.432635,0,7912.455447,9309.898397,0.37766,0.315922,"ecf1R120",-0.102032,0.107378,-0.950214,0.342031,"parametric",NA,NA
"coefficient","cod_nlmod_alt2_23_25","dfa",NA,NA,"2026-02-18 21:55:36 UTC",NA,8441,0.751959,0.565443,0.555105,0.382149,1566.528132,1203.917295,2770.445426,217,8243.885463,8440,7.219024,0.146038,49.432635,0,7912.455447,9309.898397,0.37766,0.315922,"ecf1R121",-0.159188,0.094285,-1.68837,0.091378,"parametric",NA,NA
"coefficient","cod_nlmod_alt2_23_25","dfa",NA,NA,"2026-02-18 21:55:36 UTC",NA,8441,0.751959,0.565443,0.555105,0.382149,1566.528132,1203.917295,2770.445426,217,8243.885463,8440,7.219024,0.146038,49.432635,0,7912.455447,9309.898397,0.37766,0.315922,"ecf1R122",-0.400608,0.097309,-4.11689,3.9e-05,"parametric",NA,NA
"coefficient","cod_nlmod_alt2_23_25","dfa",NA,NA,"2026-02-18 21:55:36 UTC",NA,8441,0.751959,0.565443,0.555105,0.382149,1566.528132,1203.917295,2770.445426,217,8243.885463,8440,7.219024,0.146038,49.432635,0,7912.455447,9309.898397,0.37766,0.315922,"ecf1R123",-0.199752,0.10512,-1.900224,0.057439,"parametric",NA,NA
"coefficient","cod_nlmod_alt2_23_25","dfa",NA,NA,"2026-02-18 21:55:36 UTC",NA,8441,0.751959,0.565443,0.555105,0.382149,1566.528132,1203.917295,2770.445426,217,8243.885463,8440,7.219024,0.146038,49.432635,0,7912.455447,9309.898397,0.37766,0.315922,"ecf1R124",-0.56745,0.152007,-3.733043,0.00019,"parametric",NA,NA
"coefficient","cod_nlmod_alt2_23_25","dfa",NA,NA,"2026-02-18 21:55:36 UTC",NA,8441,0.751959,0.565443,0.555105,0.382149,1566.528132,1203.917295,2770.445426,217,8243.885463,8440,7.219024,0.146038,49.432635,0,7912.455447,9309.898397,0.37766,0.315922,"ecf1R125",-0.177735,0.11657,-1.52471,0.12737,"parametric",NA,NA
"coefficient","cod_nlmod_alt2_23_25","dfa",NA,NA,"2026-02-18 21:55:36 UTC",NA,8441,0.751959,0.565443,0.555105,0.382149,1566.528132,1203.917295,2770.445426,217,8243.885463,8440,7.219024,0.146038,49.432635,0,7912.455447,9309.898397,0.37766,0.315922,"ecf1R126",0.247634,0.096958,2.554039,0.010666,"parametric",NA,NA
"coefficient","cod_nlmod_alt2_23_25","dfa",NA,NA,"2026-02-18 21:55:36 UTC",NA,8441,0.751959,0.565443,0.555105,0.382149,1566.528132,1203.917295,2770.445426,217,8243.885463,8440,7.219024,0.146038,49.432635,0,7912.455447,9309.898397,0.37766,0.315922,"ecf1R127",-0.409158,0.116815,-3.502615,0.000463,"parametric",NA,NA
"coefficient","cod_nlmod_alt2_23_25","dfa",NA,NA,"2026-02-18 21:55:36 UTC",NA,8441,0.751959,0.565443,0.555105,0.382149,1566.528132,1203.917295,2770.445426,217,8243.885463,8440,7.219024,0.146038,49.432635,0,7912.455447,9309.898397,0.37766,0.315922,"ecf1R128",-0.529006,0.097941,-5.401254,0,"parametric",NA,NA
"coefficient","cod_nlmod_alt2_23_25","dfa",NA,NA,"2026-02-18 21:55:36 UTC",NA,8441,0.751959,0.565443,0.555105,0.382149,1566.528132,1203.917295,2770.445426,217,8243.885463,8440,7.219024,0.146038,49.432635,0,7912.455447,9309.898397,0.37766,0.315922,"ecf1R129",-0.171645,0.103446,-1.659263,0.097101,"parametric",NA,NA
"coefficient","cod_nlmod_alt2_23_25","dfa",NA,NA,"2026-02-18 21:55:36 UTC",NA,8441,0.751959,0.565443,0.555105,0.382149,1566.528132,1203.917295,2770.445426,217,8243.885463,8440,7.219024,0.146038,49.432635,0,7912.455447,9309.898397,0.37766,0.315922,"ecf1R131",-0.301485,0.161119,-1.871199,0.061353,"parametric",NA,NA
"coefficient","cod_nlmod_alt2_23_25","dfa",NA,NA,"2026-02-18 21:55:36 UTC",NA,8441,0.751959,0.565443,0.555105,0.382149,1566.528132,1203.917295,2770.445426,217,8243.885463,8440,7.219024,0.146038,49.432635,0,7912.455447,9309.898397,0.37766,0.315922,"ecf1R132",-0.043486,0.106647,-0.407756,0.683464,"parametric",NA,NA
"coefficient","cod_nlmod_alt2_23_25","dfa",NA,NA,"2026-02-18 21:55:36 UTC",NA,8441,0.751959,0.565443,0.555105,0.382149,1566.528132,1203.917295,2770.445426,217,8243.885463,8440,7.219024,0.146038,49.432635,0,7912.455447,9309.898397,0.37766,0.315922,"ecf1R133",-0.388976,0.148541,-2.618638,0.008844,"parametric",NA,NA
"coefficient","cod_nlmod_alt2_23_25","dfa",NA,NA,"2026-02-18 21:55:36 UTC",NA,8441,0.751959,0.565443,0.555105,0.382149,1566.528132,1203.917295,2770.445426,217,8243.885463,8440,7.219024,0.146038,49.432635,0,7912.455447,9309.898397,0.37766,0.315922,"ecf1R134",0.146402,0.114442,1.279264,0.20084,"parametric",NA,NA
"coefficient","cod_nlmod_alt2_23_25","dfa",NA,NA,"2026-02-18 21:55:36 UTC",NA,8441,0.751959,0.565443,0.555105,0.382149,1566.528132,1203.917295,2770.445426,217,8243.885463,8440,7.219024,0.146038,49.432635,0,7912.455447,9309.898397,0.37766,0.315922,"ecf1R135",-0.237987,0.098817,-2.408362,0.016046,"parametric",NA,NA
"coefficient","cod_nlmod_alt2_23_25","dfa",NA,NA,"2026-02-18 21:55:36 UTC",NA,8441,0.751959,0.565443,0.555105,0.382149,1566.528132,1203.917295,2770.445426,217,8243.885463,8440,7.219024,0.146038,49.432635,0,7912.455447,9309.898397,0.37766,0.315922,"ecf1R136",-0.246917,0.094959,-2.600245,0.009332,"parametric",NA,NA
"coefficient","cod_nlmod_alt2_23_25","dfa",NA,NA,"2026-02-18 21:55:36 UTC",NA,8441,0.751959,0.565443,0.555105,0.382149,1566.528132,1203.917295,2770.445426,217,8243.885463,8440,7.219024,0.146038,49.432635,0,7912.455447,9309.898397,0.37766,0.315922,"ecf1R137",-0.843912,0.140298,-6.015156,0,"parametric",NA,NA
"coefficient","cod_nlmod_alt2_23_25","dfa",NA,NA,"2026-02-18 21:55:36 UTC",NA,8441,0.751959,0.565443,0.555105,0.382149,1566.528132,1203.917295,2770.445426,217,8243.885463,8440,7.219024,0.146038,49.432635,0,7912.455447,9309.898397,0.37766,0.315922,"ecf2R201",-0.245047,0.091943,-2.665202,0.007709,"parametric",NA,NA
"coefficient","cod_nlmod_alt2_23_25","dfa",NA,NA,"2026-02-18 21:55:36 UTC",NA,8441,0.751959,0.565443,0.555105,0.382149,1566.528132,1203.917295,2770.445426,217,8243.885463,8440,7.219024,0.146038,49.432635,0,7912.455447,9309.898397,0.37766,0.315922,"ecf2R202",-0.200564,0.104047,-1.927623,0.053936,"parametric",NA,NA
"coefficient","cod_nlmod_alt2_23_25","dfa",NA,NA,"2026-02-18 21:55:36 UTC",NA,8441,0.751959,0.565443,0.555105,0.382149,1566.528132,1203.917295,2770.445426,217,8243.885463,8440,7.219024,0.146038,49.432635,0,7912.455447,9309.898397,0.37766,0.315922,"ecf2R203",-0.019909,0.092833,-0.214455,0.830197,"parametric",NA,NA
"coefficient","cod_nlmod_alt2_23_25","dfa",NA,NA,"2026-02-18 21:55:36 UTC",NA,8441,0.751959,0.565443,0.555105,0.382149,1566.528132,1203.917295,2770.445426,217,8243.885463,8440,7.219024,0.146038,49.432635,0,7912.455447,9309.898397,0.37766,0.315922,"ecf2R204",0.198872,0.179786,1.106158,0.268691,"parametric",NA,NA
"coefficient","cod_nlmod_alt2_23_25","dfa",NA,NA,"2026-02-18 21:55:36 UTC",NA,8441,0.751959,0.565443,0.555105,0.382149,1566.528132,1203.917295,2770.445426,217,8243.885463,8440,7.219024,0.146038,49.432635,0,7912.455447,9309.898397,0.37766,0.315922,"ecf2R205",-0.151537,0.09585,-1.580984,0.11392,"parametric",NA,NA
"coefficient","cod_nlmod_alt2_23_25","dfa",NA,NA,"2026-02-18 21:55:36 UTC",NA,8441,0.751959,0.565443,0.555105,0.382149,1566.528132,1203.917295,2770.445426,217,8243.885463,8440,7.219024,0.146038,49.432635,0,7912.455447,9309.898397,0.37766,0.315922,"ecf2R206",0.167652,0.284286,0.58973,0.555388,"parametric",NA,NA
"coefficient","cod_nlmod_alt2_23_25","dfa",NA,NA,"2026-02-18 21:55:36 UTC",NA,8441,0.751959,0.565443,0.555105,0.382149,1566.528132,1203.917295,2770.445426,217,8243.885463,8440,7.219024,0.146038,49.432635,0,7912.455447,9309.898397,0.37766,0.315922,"ecf2R207",-0.129535,0.126638,-1.022878,0.306396,"parametric",NA,NA
"coefficient","cod_nlmod_alt2_23_25","dfa",NA,NA,"2026-02-18 21:55:36 UTC",NA,8441,0.751959,0.565443,0.555105,0.382149,1566.528132,1203.917295,2770.445426,217,8243.885463,8440,7.219024,0.146038,49.432635,0,7912.455447,9309.898397,0.37766,0.315922,"ecf2R208",0.518053,0.132027,3.923838,8.8e-05,"parametric",NA,NA
"coefficient","cod_nlmod_alt2_23_25","dfa",NA,NA,"2026-02-18 21:55:36 UTC",NA,8441,0.751959,0.565443,0.555105,0.382149,1566.528132,1203.917295,2770.445426,217,8243.885463,8440,7.219024,0.146038,49.432635,0,7912.455447,9309.898397,0.37766,0.315922,"ecf2R209",0.285814,0.166394,1.717688,0.085891,"parametric",NA,NA
"coefficient","cod_nlmod_alt2_23_25","dfa",NA,NA,"2026-02-18 21:55:36 UTC",NA,8441,0.751959,0.565443,0.555105,0.382149,1566.528132,1203.917295,2770.445426,217,8243.885463,8440,7.219024,0.146038,49.432635,0,7912.455447,9309.898397,0.37766,0.315922,"ecf2R210",0.791225,0.263741,3.000002,0.002708,"parametric",NA,NA
"coefficient","cod_nlmod_alt2_23_25","dfa",NA,NA,"2026-02-18 21:55:36 UTC",NA,8441,0.751959,0.565443,0.555105,0.382149,1566.528132,1203.917295,2770.445426,217,8243.885463,8440,7.219024,0.146038,49.432635,0,7912.455447,9309.898397,0.37766,0.315922,"ecf2R212",-0.179209,0.091074,-1.967734,0.049132,"parametric",NA,NA
"coefficient","cod_nlmod_alt2_23_25","dfa",NA,NA,"2026-02-18 21:55:36 UTC",NA,8441,0.751959,0.565443,0.555105,0.382149,1566.528132,1203.917295,2770.445426,217,8243.885463,8440,7.219024,0.146038,49.432635,0,7912.455447,9309.898397,0.37766,0.315922,"ecf2R213",-0.04627,0.093415,-0.495317,0.62039,"parametric",NA,NA
"coefficient","cod_nlmod_alt2_23_25","dfa",NA,NA,"2026-02-18 21:55:36 UTC",NA,8441,0.751959,0.565443,0.555105,0.382149,1566.528132,1203.917295,2770.445426,217,8243.885463,8440,7.219024,0.146038,49.432635,0,7912.455447,9309.898397,0.37766,0.315922,"ecf2R214",0.068644,0.089635,0.765819,0.443806,"parametric",NA,NA
"coefficient","cod_nlmod_alt2_23_25","dfa",NA,NA,"2026-02-18 21:55:36 UTC",NA,8441,0.751959,0.565443,0.555105,0.382149,1566.528132,1203.917295,2770.445426,217,8243.885463,8440,7.219024,0.146038,49.432635,0,7912.455447,9309.898397,0.37766,0.315922,"ecf2R215",0.336642,0.11339,2.968893,0.002997,"parametric",NA,NA
"coefficient","cod_nlmod_alt2_23_25","dfa",NA,NA,"2026-02-18 21:55:36 UTC",NA,8441,0.751959,0.565443,0.555105,0.382149,1566.528132,1203.917295,2770.445426,217,8243.885463,8440,7.219024,0.146038,49.432635,0,7912.455447,9309.898397,0.37766,0.315922,"ecf2R216",0.602436,0.247953,2.429639,0.015135,"parametric",NA,NA
"coefficient","cod_nlmod_alt2_23_25","dfa",NA,NA,"2026-02-18 21:55:36 UTC",NA,8441,0.751959,0.565443,0.555105,0.382149,1566.528132,1203.917295,2770.445426,217,8243.885463,8440,7.219024,0.146038,49.432635,0,7912.455447,9309.898397,0.37766,0.315922,"ecf2R217",-0.226408,0.28733,-0.78797,0.430737,"parametric",NA,NA
"coefficient","cod_nlmod_alt2_23_25","dfa",NA,NA,"2026-02-18 21:55:36 UTC",NA,8441,0.751959,0.565443,0.555105,0.382149,1566.528132,1203.917295,2770.445426,217,8243.885463,8440,7.219024,0.146038,49.432635,0,7912.455447,9309.898397,0.37766,0.315922,"ecf2R218",-0.823492,0.169147,-4.868505,1e-06,"parametric",NA,NA
"coefficient","cod_nlmod_alt2_23_25","dfa",NA,NA,"2026-02-18 21:55:36 UTC",NA,8441,0.751959,0.565443,0.555105,0.382149,1566.528132,1203.917295,2770.445426,217,8243.885463,8440,7.219024,0.146038,49.432635,0,7912.455447,9309.898397,0.37766,0.315922,"ecf2R219",0.524592,0.169144,3.101443,0.001932,"parametric",NA,NA
"coefficient","cod_nlmod_alt2_23_25","dfa",NA,NA,"2026-02-18 21:55:36 UTC",NA,8441,0.751959,0.565443,0.555105,0.382149,1566.528132,1203.917295,2770.445426,217,8243.885463,8440,7.219024,0.146038,49.432635,0,7912.455447,9309.898397,0.37766,0.315922,"ecf2R220",-0.251447,0.097749,-2.572373,0.010118,"parametric",NA,NA
"coefficient","cod_nlmod_alt2_23_25","dfa",NA,NA,"2026-02-18 21:55:36 UTC",NA,8441,0.751959,0.565443,0.555105,0.382149,1566.528132,1203.917295,2770.445426,217,8243.885463,8440,7.219024,0.146038,49.432635,0,7912.455447,9309.898397,0.37766,0.315922,"ecf2R221",-0.229743,0.094277,-2.436883,0.014835,"parametric",NA,NA
"coefficient","cod_nlmod_alt2_23_25","dfa",NA,NA,"2026-02-18 21:55:36 UTC",NA,8441,0.751959,0.565443,0.555105,0.382149,1566.528132,1203.917295,2770.445426,217,8243.885463,8440,7.219024,0.146038,49.432635,0,7912.455447,9309.898397,0.37766,0.315922,"ecf2R222",-0.502668,0.096344,-5.217446,0,"parametric",NA,NA
"coefficient","cod_nlmod_alt2_23_25","dfa",NA,NA,"2026-02-18 21:55:36 UTC",NA,8441,0.751959,0.565443,0.555105,0.382149,1566.528132,1203.917295,2770.445426,217,8243.885463,8440,7.219024,0.146038,49.432635,0,7912.455447,9309.898397,0.37766,0.315922,"ecf2R223",-0.202404,0.100867,-2.006649,0.04482,"parametric",NA,NA
"coefficient","cod_nlmod_alt2_23_25","dfa",NA,NA,"2026-02-18 21:55:36 UTC",NA,8441,0.751959,0.565443,0.555105,0.382149,1566.528132,1203.917295,2770.445426,217,8243.885463,8440,7.219024,0.146038,49.432635,0,7912.455447,9309.898397,0.37766,0.315922,"ecf2R224",-0.579538,0.101925,-5.685953,0,"parametric",NA,NA
"coefficient","cod_nlmod_alt2_23_25","dfa",NA,NA,"2026-02-18 21:55:36 UTC",NA,8441,0.751959,0.565443,0.555105,0.382149,1566.528132,1203.917295,2770.445426,217,8243.885463,8440,7.219024,0.146038,49.432635,0,7912.455447,9309.898397,0.37766,0.315922,"ecf2R225",-0.184587,0.097044,-1.902083,0.057195,"parametric",NA,NA
"coefficient","cod_nlmod_alt2_23_25","dfa",NA,NA,"2026-02-18 21:55:36 UTC",NA,8441,0.751959,0.565443,0.555105,0.382149,1566.528132,1203.917295,2770.445426,217,8243.885463,8440,7.219024,0.146038,49.432635,0,7912.455447,9309.898397,0.37766,0.315922,"ecf2R227",-0.006893,0.150774,-0.045721,0.963534,"parametric",NA,NA
"coefficient","cod_nlmod_alt2_23_25","dfa",NA,NA,"2026-02-18 21:55:36 UTC",NA,8441,0.751959,0.565443,0.555105,0.382149,1566.528132,1203.917295,2770.445426,217,8243.885463,8440,7.219024,0.146038,49.432635,0,7912.455447,9309.898397,0.37766,0.315922,"ecf2R228",-0.834055,0.23831,-3.499878,0.000468,"parametric",NA,NA
"coefficient","cod_nlmod_alt2_23_25","dfa",NA,NA,"2026-02-18 21:55:36 UTC",NA,8441,0.751959,0.565443,0.555105,0.382149,1566.528132,1203.917295,2770.445426,217,8243.885463,8440,7.219024,0.146038,49.432635,0,7912.455447,9309.898397,0.37766,0.315922,"ecf3R301",-0.842047,0.210482,-4.000572,6.4e-05,"parametric",NA,NA
"coefficient","cod_nlmod_alt2_23_25","dfa",NA,NA,"2026-02-18 21:55:36 UTC",NA,8441,0.751959,0.565443,0.555105,0.382149,1566.528132,1203.917295,2770.445426,217,8243.885463,8440,7.219024,0.146038,49.432635,0,7912.455447,9309.898397,0.37766,0.315922,"ecf3R302",0.006883,0.182819,0.037648,0.969969,"parametric",NA,NA
"coefficient","cod_nlmod_alt2_23_25","dfa",NA,NA,"2026-02-18 21:55:36 UTC",NA,8441,0.751959,0.565443,0.555105,0.382149,1566.528132,1203.917295,2770.445426,217,8243.885463,8440,7.219024,0.146038,49.432635,0,7912.455447,9309.898397,0.37766,0.315922,"ecf3R303",-0.583323,0.094884,-6.147743,0,"parametric",NA,NA
"coefficient","cod_nlmod_alt2_23_25","dfa",NA,NA,"2026-02-18 21:55:36 UTC",NA,8441,0.751959,0.565443,0.555105,0.382149,1566.528132,1203.917295,2770.445426,217,8243.885463,8440,7.219024,0.146038,49.432635,0,7912.455447,9309.898397,0.37766,0.315922,"ecf3R304",-0.72235,0.144214,-5.008864,1e-06,"parametric",NA,NA
"coefficient","cod_nlmod_alt2_23_25","dfa",NA,NA,"2026-02-18 21:55:36 UTC",NA,8441,0.751959,0.565443,0.555105,0.382149,1566.528132,1203.917295,2770.445426,217,8243.885463,8440,7.219024,0.146038,49.432635,0,7912.455447,9309.898397,0.37766,0.315922,"ecf3R306",0.210586,0.154767,1.360668,0.173656,"parametric",NA,NA
"coefficient","cod_nlmod_alt2_23_25","dfa",NA,NA,"2026-02-18 21:55:36 UTC",NA,8441,0.751959,0.565443,0.555105,0.382149,1566.528132,1203.917295,2770.445426,217,8243.885463,8440,7.219024,0.146038,49.432635,0,7912.455447,9309.898397,0.37766,0.315922,"ecf3R307",-0.453264,0.092482,-4.901113,1e-06,"parametric",NA,NA
"coefficient","cod_nlmod_alt2_23_25","dfa",NA,NA,"2026-02-18 21:55:36 UTC",NA,8441,0.751959,0.565443,0.555105,0.382149,1566.528132,1203.917295,2770.445426,217,8243.885463,8440,7.219024,0.146038,49.432635,0,7912.455447,9309.898397,0.37766,0.315922,"ecf3R308",-0.773814,0.140169,-5.520599,0,"parametric",NA,NA
"coefficient","cod_nlmod_alt2_23_25","dfa",NA,NA,"2026-02-18 21:55:36 UTC",NA,8441,0.751959,0.565443,0.555105,0.382149,1566.528132,1203.917295,2770.445426,217,8243.885463,8440,7.219024,0.146038,49.432635,0,7912.455447,9309.898397,0.37766,0.315922,"ecf3R309",-0.701616,0.178384,-3.933188,8.5e-05,"parametric",NA,NA
"coefficient","cod_nlmod_alt2_23_25","dfa",NA,NA,"2026-02-18 21:55:36 UTC",NA,8441,0.751959,0.565443,0.555105,0.382149,1566.528132,1203.917295,2770.445426,217,8243.885463,8440,7.219024,0.146038,49.432635,0,7912.455447,9309.898397,0.37766,0.315922,"ecf3R310",0.39074,0.105041,3.719871,0.000201,"parametric",NA,NA
"coefficient","cod_nlmod_alt2_23_25","dfa",NA,NA,"2026-02-18 21:55:36 UTC",NA,8441,0.751959,0.565443,0.555105,0.382149,1566.528132,1203.917295,2770.445426,217,8243.885463,8440,7.219024,0.146038,49.432635,0,7912.455447,9309.898397,0.37766,0.315922,"ecf3R311",-0.437715,0.133461,-3.279723,0.001043,"parametric",NA,NA
"coefficient","cod_nlmod_alt2_23_25","dfa",NA,NA,"2026-02-18 21:55:36 UTC",NA,8441,0.751959,0.565443,0.555105,0.382149,1566.528132,1203.917295,2770.445426,217,8243.885463,8440,7.219024,0.146038,49.432635,0,7912.455447,9309.898397,0.37766,0.315922,"ecf3R312",-0.716398,0.101215,-7.078008,0,"parametric",NA,NA
"coefficient","cod_nlmod_alt2_23_25","dfa",NA,NA,"2026-02-18 21:55:36 UTC",NA,8441,0.751959,0.565443,0.555105,0.382149,1566.528132,1203.917295,2770.445426,217,8243.885463,8440,7.219024,0.146038,49.432635,0,7912.455447,9309.898397,0.37766,0.315922,"ecf3R313",-0.525589,0.114534,-4.588949,5e-06,"parametric",NA,NA
"coefficient","cod_nlmod_alt2_23_25","dfa",NA,NA,"2026-02-18 21:55:36 UTC",NA,8441,0.751959,0.565443,0.555105,0.382149,1566.528132,1203.917295,2770.445426,217,8243.885463,8440,7.219024,0.146038,49.432635,0,7912.455447,9309.898397,0.37766,0.315922,"ecf3R314",-0.326056,0.106317,-3.066816,0.002171,"parametric",NA,NA
"coefficient","cod_nlmod_alt2_23_25","dfa",NA,NA,"2026-02-18 21:55:36 UTC",NA,8441,0.751959,0.565443,0.555105,0.382149,1566.528132,1203.917295,2770.445426,217,8243.885463,8440,7.219024,0.146038,49.432635,0,7912.455447,9309.898397,0.37766,0.315922,"ecf3R315",-0.301967,0.10014,-3.015445,0.002574,"parametric",NA,NA
"coefficient","cod_nlmod_alt2_23_25","dfa",NA,NA,"2026-02-18 21:55:36 UTC",NA,8441,0.751959,0.565443,0.555105,0.382149,1566.528132,1203.917295,2770.445426,217,8243.885463,8440,7.219024,0.146038,49.432635,0,7912.455447,9309.898397,0.37766,0.315922,"ecf3R316",-0.744867,0.12149,-6.131105,0,"parametric",NA,NA
"coefficient","cod_nlmod_alt2_23_25","dfa",NA,NA,"2026-02-18 21:55:36 UTC",NA,8441,0.751959,0.565443,0.555105,0.382149,1566.528132,1203.917295,2770.445426,217,8243.885463,8440,7.219024,0.146038,49.432635,0,7912.455447,9309.898397,0.37766,0.315922,"ecf3R317",-0.940004,0.237357,-3.960299,7.5e-05,"parametric",NA,NA
"coefficient","cod_nlmod_alt2_23_25","dfa",NA,NA,"2026-02-18 21:55:36 UTC",NA,8441,0.751959,0.565443,0.555105,0.382149,1566.528132,1203.917295,2770.445426,217,8243.885463,8440,7.219024,0.146038,49.432635,0,7912.455447,9309.898397,0.37766,0.315922,"ecf3R318",-0.320714,0.178466,-1.797057,0.072363,"parametric",NA,NA
"coefficient","cod_nlmod_alt2_23_25","dfa",NA,NA,"2026-02-18 21:55:36 UTC",NA,8441,0.751959,0.565443,0.555105,0.382149,1566.528132,1203.917295,2770.445426,217,8243.885463,8440,7.219024,0.146038,49.432635,0,7912.455447,9309.898397,0.37766,0.315922,"ecf3R319",-0.605411,0.090149,-6.715678,0,"parametric",NA,NA
"coefficient","cod_nlmod_alt2_23_25","dfa",NA,NA,"2026-02-18 21:55:36 UTC",NA,8441,0.751959,0.565443,0.555105,0.382149,1566.528132,1203.917295,2770.445426,217,8243.885463,8440,7.219024,0.146038,49.432635,0,7912.455447,9309.898397,0.37766,0.315922,"ecf3R320",-0.489095,0.092652,-5.278816,0,"parametric",NA,NA
"coefficient","cod_nlmod_alt2_23_25","dfa",NA,NA,"2026-02-18 21:55:36 UTC",NA,8441,0.751959,0.565443,0.555105,0.382149,1566.528132,1203.917295,2770.445426,217,8243.885463,8440,7.219024,0.146038,49.432635,0,7912.455447,9309.898397,0.37766,0.315922,"ecf3R321",-0.970086,0.133803,-7.250089,0,"parametric",NA,NA
"coefficient","cod_nlmod_alt2_23_25","dfa",NA,NA,"2026-02-18 21:55:36 UTC",NA,8441,0.751959,0.565443,0.555105,0.382149,1566.528132,1203.917295,2770.445426,217,8243.885463,8440,7.219024,0.146038,49.432635,0,7912.455447,9309.898397,0.37766,0.315922,"ecf3R322",-0.279448,0.09604,-2.909707,0.003627,"parametric",NA,NA
"coefficient","cod_nlmod_alt2_23_25","dfa",NA,NA,"2026-02-18 21:55:36 UTC",NA,8441,0.751959,0.565443,0.555105,0.382149,1566.528132,1203.917295,2770.445426,217,8243.885463,8440,7.219024,0.146038,49.432635,0,7912.455447,9309.898397,0.37766,0.315922,"ecf3R323",-0.415203,0.091618,-4.531912,6e-06,"parametric",NA,NA
"coefficient","cod_nlmod_alt2_23_25","dfa",NA,NA,"2026-02-18 21:55:36 UTC",NA,8441,0.751959,0.565443,0.555105,0.382149,1566.528132,1203.917295,2770.445426,217,8243.885463,8440,7.219024,0.146038,49.432635,0,7912.455447,9309.898397,0.37766,0.315922,"ecf3R324",-0.87357,0.128858,-6.779322,0,"parametric",NA,NA
"coefficient","cod_nlmod_alt2_23_25","dfa",NA,NA,"2026-02-18 21:55:36 UTC",NA,8441,0.751959,0.565443,0.555105,0.382149,1566.528132,1203.917295,2770.445426,217,8243.885463,8440,7.219024,0.146038,49.432635,0,7912.455447,9309.898397,0.37766,0.315922,"ecf3R325",-0.52272,0.098878,-5.286511,0,"parametric",NA,NA
"coefficient","cod_nlmod_alt2_23_25","dfa",NA,NA,"2026-02-18 21:55:36 UTC",NA,8441,0.751959,0.565443,0.555105,0.382149,1566.528132,1203.917295,2770.445426,217,8243.885463,8440,7.219024,0.146038,49.432635,0,7912.455447,9309.898397,0.37766,0.315922,"ecf3R326",-1.03253,0.168997,-6.109762,0,"parametric",NA,NA
"coefficient","cod_nlmod_alt2_23_25","dfa",NA,NA,"2026-02-18 21:55:36 UTC",NA,8441,0.751959,0.565443,0.555105,0.382149,1566.528132,1203.917295,2770.445426,217,8243.885463,8440,7.219024,0.146038,49.432635,0,7912.455447,9309.898397,0.37766,0.315922,"ecf4R401",-0.666827,0.095887,-6.954334,0,"parametric",NA,NA
"coefficient","cod_nlmod_alt2_23_25","dfa",NA,NA,"2026-02-18 21:55:36 UTC",NA,8441,0.751959,0.565443,0.555105,0.382149,1566.528132,1203.917295,2770.445426,217,8243.885463,8440,7.219024,0.146038,49.432635,0,7912.455447,9309.898397,0.37766,0.315922,"ecf4R402",-1.356803,0.12265,-11.062361,0,"parametric",NA,NA
"coefficient","cod_nlmod_alt2_23_25","dfa",NA,NA,"2026-02-18 21:55:36 UTC",NA,8441,0.751959,0.565443,0.555105,0.382149,1566.528132,1203.917295,2770.445426,217,8243.885463,8440,7.219024,0.146038,49.432635,0,7912.455447,9309.898397,0.37766,0.315922,"ecf4R403",-0.487053,0.099729,-4.883743,1e-06,"parametric",NA,NA
"coefficient","cod_nlmod_alt2_23_25","dfa",NA,NA,"2026-02-18 21:55:36 UTC",NA,8441,0.751959,0.565443,0.555105,0.382149,1566.528132,1203.917295,2770.445426,217,8243.885463,8440,7.219024,0.146038,49.432635,0,7912.455447,9309.898397,0.37766,0.315922,"ecf4R404",-0.36377,0.099746,-3.646959,0.000267,"parametric",NA,NA
"coefficient","cod_nlmod_alt2_23_25","dfa",NA,NA,"2026-02-18 21:55:36 UTC",NA,8441,0.751959,0.565443,0.555105,0.382149,1566.528132,1203.917295,2770.445426,217,8243.885463,8440,7.219024,0.146038,49.432635,0,7912.455447,9309.898397,0.37766,0.315922,"ecf4R405",-0.388329,0.09082,-4.275791,1.9e-05,"parametric",NA,NA
"coefficient","cod_nlmod_alt2_23_25","dfa",NA,NA,"2026-02-18 21:55:36 UTC",NA,8441,0.751959,0.565443,0.555105,0.382149,1566.528132,1203.917295,2770.445426,217,8243.885463,8440,7.219024,0.146038,49.432635,0,7912.455447,9309.898397,0.37766,0.315922,"ecf4R406",-0.445792,0.09084,-4.907455,1e-06,"parametric",NA,NA
"coefficient","cod_nlmod_alt2_23_25","dfa",NA,NA,"2026-02-18 21:55:36 UTC",NA,8441,0.751959,0.565443,0.555105,0.382149,1566.528132,1203.917295,2770.445426,217,8243.885463,8440,7.219024,0.146038,49.432635,0,7912.455447,9309.898397,0.37766,0.315922,"ecf4R407",-0.551433,0.109133,-5.052859,0,"parametric",NA,NA
"coefficient","cod_nlmod_alt2_23_25","dfa",NA,NA,"2026-02-18 21:55:36 UTC",NA,8441,0.751959,0.565443,0.555105,0.382149,1566.528132,1203.917295,2770.445426,217,8243.885463,8440,7.219024,0.146038,49.432635,0,7912.455447,9309.898397,0.37766,0.315922,"ecf4R408",-0.547939,0.093162,-5.881598,0,"parametric",NA,NA
"coefficient","cod_nlmod_alt2_23_25","dfa",NA,NA,"2026-02-18 21:55:36 UTC",NA,8441,0.751959,0.565443,0.555105,0.382149,1566.528132,1203.917295,2770.445426,217,8243.885463,8440,7.219024,0.146038,49.432635,0,7912.455447,9309.898397,0.37766,0.315922,"ecf4R409",-0.42726,0.10688,-3.997585,6.5e-05,"parametric",NA,NA
"coefficient","cod_nlmod_alt2_23_25","dfa",NA,NA,"2026-02-18 21:55:36 UTC",NA,8441,0.751959,0.565443,0.555105,0.382149,1566.528132,1203.917295,2770.445426,217,8243.885463,8440,7.219024,0.146038,49.432635,0,7912.455447,9309.898397,0.37766,0.315922,"ecf4R410",-0.144124,0.089929,-1.602642,0.109052,"parametric",NA,NA
"coefficient","cod_nlmod_alt2_23_25","dfa",NA,NA,"2026-02-18 21:55:36 UTC",NA,8441,0.751959,0.565443,0.555105,0.382149,1566.528132,1203.917295,2770.445426,217,8243.885463,8440,7.219024,0.146038,49.432635,0,7912.455447,9309.898397,0.37766,0.315922,"ecf4R411",-0.625826,0.09413,-6.648518,0,"parametric",NA,NA
"coefficient","cod_nlmod_alt2_23_25","dfa",NA,NA,"2026-02-18 21:55:36 UTC",NA,8441,0.751959,0.565443,0.555105,0.382149,1566.528132,1203.917295,2770.445426,217,8243.885463,8440,7.219024,0.146038,49.432635,0,7912.455447,9309.898397,0.37766,0.315922,"ecf4R412",-0.565886,0.123695,-4.574857,5e-06,"parametric",NA,NA
"coefficient","cod_nlmod_alt2_23_25","dfa",NA,NA,"2026-02-18 21:55:36 UTC",NA,8441,0.751959,0.565443,0.555105,0.382149,1566.528132,1203.917295,2770.445426,217,8243.885463,8440,7.219024,0.146038,49.432635,0,7912.455447,9309.898397,0.37766,0.315922,"ecf4R413",-0.33476,0.093279,-3.588797,0.000334,"parametric",NA,NA
"coefficient","cod_nlmod_alt2_23_25","dfa",NA,NA,"2026-02-18 21:55:36 UTC",NA,8441,0.751959,0.565443,0.555105,0.382149,1566.528132,1203.917295,2770.445426,217,8243.885463,8440,7.219024,0.146038,49.432635,0,7912.455447,9309.898397,0.37766,0.315922,"ecf4R414",0.083821,0.100113,0.837269,0.402465,"parametric",NA,NA
"coefficient","cod_nlmod_alt2_23_25","dfa",NA,NA,"2026-02-18 21:55:36 UTC",NA,8441,0.751959,0.565443,0.555105,0.382149,1566.528132,1203.917295,2770.445426,217,8243.885463,8440,7.219024,0.146038,49.432635,0,7912.455447,9309.898397,0.37766,0.315922,"ecf4R415",0.092864,0.103744,0.895124,0.370747,"parametric",NA,NA
"coefficient","cod_nlmod_alt2_23_25","dfa",NA,NA,"2026-02-18 21:55:36 UTC",NA,8441,0.751959,0.565443,0.555105,0.382149,1566.528132,1203.917295,2770.445426,217,8243.885463,8440,7.219024,0.146038,49.432635,0,7912.455447,9309.898397,0.37766,0.315922,"ecf4R416",-0.689626,0.209875,-3.285895,0.001021,"parametric",NA,NA
"coefficient","cod_nlmod_alt2_23_25","dfa",NA,NA,"2026-02-18 21:55:36 UTC",NA,8441,0.751959,0.565443,0.555105,0.382149,1566.528132,1203.917295,2770.445426,217,8243.885463,8440,7.219024,0.146038,49.432635,0,7912.455447,9309.898397,0.37766,0.315922,"ecf4R417",-0.159861,0.092651,-1.725417,0.08449,"parametric",NA,NA
"coefficient","cod_nlmod_alt2_23_25","dfa",NA,NA,"2026-02-18 21:55:36 UTC",NA,8441,0.751959,0.565443,0.555105,0.382149,1566.528132,1203.917295,2770.445426,217,8243.885463,8440,7.219024,0.146038,49.432635,0,7912.455447,9309.898397,0.37766,0.315922,"ecf4R418",0.045746,0.393617,0.116219,0.907482,"parametric",NA,NA
"coefficient","cod_nlmod_alt2_23_25","dfa",NA,NA,"2026-02-18 21:55:36 UTC",NA,8441,0.751959,0.565443,0.555105,0.382149,1566.528132,1203.917295,2770.445426,217,8243.885463,8440,7.219024,0.146038,49.432635,0,7912.455447,9309.898397,0.37766,0.315922,"ecf4R419",-0.990917,0.112761,-8.787802,0,"parametric",NA,NA
"coefficient","cod_nlmod_alt2_23_25","dfa",NA,NA,"2026-02-18 21:55:36 UTC",NA,8441,0.751959,0.565443,0.555105,0.382149,1566.528132,1203.917295,2770.445426,217,8243.885463,8440,7.219024,0.146038,49.432635,0,7912.455447,9309.898397,0.37766,0.315922,"ecf4R421",-0.888449,0.119493,-7.435132,0,"parametric",NA,NA
"coefficient","cod_nlmod_alt2_23_25","dfa",NA,NA,"2026-02-18 21:55:36 UTC",NA,8441,0.751959,0.565443,0.555105,0.382149,1566.528132,1203.917295,2770.445426,217,8243.885463,8440,7.219024,0.146038,49.432635,0,7912.455447,9309.898397,0.37766,0.315922,"ecf4R422",0.172658,0.105618,1.634742,0.102141,"parametric",NA,NA
"coefficient","cod_nlmod_alt2_23_25","dfa",NA,NA,"2026-02-18 21:55:36 UTC",NA,8441,0.751959,0.565443,0.555105,0.382149,1566.528132,1203.917295,2770.445426,217,8243.885463,8440,7.219024,0.146038,49.432635,0,7912.455447,9309.898397,0.37766,0.315922,"ecf5R501",-0.738624,0.108664,-6.797328,0,"parametric",NA,NA
"coefficient","cod_nlmod_alt2_23_25","dfa",NA,NA,"2026-02-18 21:55:36 UTC",NA,8441,0.751959,0.565443,0.555105,0.382149,1566.528132,1203.917295,2770.445426,217,8243.885463,8440,7.219024,0.146038,49.432635,0,7912.455447,9309.898397,0.37766,0.315922,"ecf5R502",-0.563287,0.111988,-5.029862,1e-06,"parametric",NA,NA
"coefficient","cod_nlmod_alt2_23_25","dfa",NA,NA,"2026-02-18 21:55:36 UTC",NA,8441,0.751959,0.565443,0.555105,0.382149,1566.528132,1203.917295,2770.445426,217,8243.885463,8440,7.219024,0.146038,49.432635,0,7912.455447,9309.898397,0.37766,0.315922,"ecf5R503",0.521709,0.215224,2.424031,0.015371,"parametric",NA,NA
"coefficient","cod_nlmod_alt2_23_25","dfa",NA,NA,"2026-02-18 21:55:36 UTC",NA,8441,0.751959,0.565443,0.555105,0.382149,1566.528132,1203.917295,2770.445426,217,8243.885463,8440,7.219024,0.146038,49.432635,0,7912.455447,9309.898397,0.37766,0.315922,"ecf5R504",0.281311,0.121965,2.306481,0.021108,"parametric",NA,NA
"coefficient","cod_nlmod_alt2_23_25","dfa",NA,NA,"2026-02-18 21:55:36 UTC",NA,8441,0.751959,0.565443,0.555105,0.382149,1566.528132,1203.917295,2770.445426,217,8243.885463,8440,7.219024,0.146038,49.432635,0,7912.455447,9309.898397,0.37766,0.315922,"ecf5R507",-0.09381,0.162825,-0.576136,0.564539,"parametric",NA,NA
"coefficient","cod_nlmod_alt2_23_25","dfa",NA,NA,"2026-02-18 21:55:36 UTC",NA,8441,0.751959,0.565443,0.555105,0.382149,1566.528132,1203.917295,2770.445426,217,8243.885463,8440,7.219024,0.146038,49.432635,0,7912.455447,9309.898397,0.37766,0.315922,"ecf5R509",0.523833,0.23924,2.189571,0.028583,"parametric",NA,NA
"coefficient","cod_nlmod_alt2_23_25","dfa",NA,NA,"2026-02-18 21:55:36 UTC",NA,8441,0.751959,0.565443,0.555105,0.382149,1566.528132,1203.917295,2770.445426,217,8243.885463,8440,7.219024,0.146038,49.432635,0,7912.455447,9309.898397,0.37766,0.315922,"ecf5R510",0.168388,0.180092,0.935008,0.349811,"parametric",NA,NA
"coefficient","cod_nlmod_alt2_23_25","dfa",NA,NA,"2026-02-18 21:55:36 UTC",NA,8441,0.751959,0.565443,0.555105,0.382149,1566.528132,1203.917295,2770.445426,217,8243.885463,8440,7.219024,0.146038,49.432635,0,7912.455447,9309.898397,0.37766,0.315922,"ecf5R513",0.090027,0.199508,0.451242,0.651827,"parametric",NA,NA
"coefficient","cod_nlmod_alt2_23_25","dfa",NA,NA,"2026-02-18 21:55:36 UTC",NA,8441,0.751959,0.565443,0.555105,0.382149,1566.528132,1203.917295,2770.445426,217,8243.885463,8440,7.219024,0.146038,49.432635,0,7912.455447,9309.898397,0.37766,0.315922,"ecf5R514",0.474837,0.150652,3.151868,0.001628,"parametric",NA,NA
"coefficient","cod_nlmod_alt2_23_25","dfa",NA,NA,"2026-02-18 21:55:36 UTC",NA,8441,0.751959,0.565443,0.555105,0.382149,1566.528132,1203.917295,2770.445426,217,8243.885463,8440,7.219024,0.146038,49.432635,0,7912.455447,9309.898397,0.37766,0.315922,"ecf5R516",0.352864,0.395169,0.892945,0.371913,"parametric",NA,NA
"coefficient","cod_nlmod_alt2_23_25","dfa",NA,NA,"2026-02-18 21:55:36 UTC",NA,8441,0.751959,0.565443,0.555105,0.382149,1566.528132,1203.917295,2770.445426,217,8243.885463,8440,7.219024,0.146038,49.432635,0,7912.455447,9309.898397,0.37766,0.315922,"ecf5R517",0.69319,0.286228,2.421806,0.015465,"parametric",NA,NA
"coefficient","cod_nlmod_alt2_23_25","dfa",NA,NA,"2026-02-18 21:55:36 UTC",NA,8441,0.751959,0.565443,0.555105,0.382149,1566.528132,1203.917295,2770.445426,217,8243.885463,8440,7.219024,0.146038,49.432635,0,7912.455447,9309.898397,0.37766,0.315922,"ecf5R518",0.237528,0.244921,0.969816,0.332167,"parametric",NA,NA
"coefficient","cod_nlmod_alt2_23_25","dfa",NA,NA,"2026-02-18 21:55:36 UTC",NA,8441,0.751959,0.565443,0.555105,0.382149,1566.528132,1203.917295,2770.445426,217,8243.885463,8440,7.219024,0.146038,49.432635,0,7912.455447,9309.898397,0.37766,0.315922,"ecf5R521",0.563743,0.393146,1.433929,0.151631,"parametric",NA,NA
"coefficient","cod_nlmod_alt2_23_25","dfa",NA,NA,"2026-02-18 21:55:36 UTC",NA,8441,0.751959,0.565443,0.555105,0.382149,1566.528132,1203.917295,2770.445426,217,8243.885463,8440,7.219024,0.146038,49.432635,0,7912.455447,9309.898397,0.37766,0.315922,"ecf5R523",-0.602953,0.288392,-2.090743,0.036582,"parametric",NA,NA
"coefficient","cod_nlmod_alt2_23_25","dfa",NA,NA,"2026-02-18 21:55:36 UTC",NA,8441,0.751959,0.565443,0.555105,0.382149,1566.528132,1203.917295,2770.445426,217,8243.885463,8440,7.219024,0.146038,49.432635,0,7912.455447,9309.898397,0.37766,0.315922,"ecf5R528",-0.518656,0.284879,-1.820618,0.068701,"parametric",NA,NA
"coefficient","cod_nlmod_alt2_23_25","dfa",NA,NA,"2026-02-18 21:55:36 UTC",NA,8441,0.751959,0.565443,0.555105,0.382149,1566.528132,1203.917295,2770.445426,217,8243.885463,8440,7.219024,0.146038,49.432635,0,7912.455447,9309.898397,0.37766,0.315922,"ecf5R529",0.419318,0.193021,2.172394,0.029854,"parametric",NA,NA
"coefficient","cod_nlmod_alt2_23_25","dfa",NA,NA,"2026-02-18 21:55:36 UTC",NA,8441,0.751959,0.565443,0.555105,0.382149,1566.528132,1203.917295,2770.445426,217,8243.885463,8440,7.219024,0.146038,49.432635,0,7912.455447,9309.898397,0.37766,0.315922,"ecf5R530",0.400641,0.238171,1.682154,0.092577,"parametric",NA,NA
"coefficient","cod_nlmod_alt2_23_25","dfa",NA,NA,"2026-02-18 21:55:36 UTC",NA,8441,0.751959,0.565443,0.555105,0.382149,1566.528132,1203.917295,2770.445426,217,8243.885463,8440,7.219024,0.146038,49.432635,0,7912.455447,9309.898397,0.37766,0.315922,"ecf5R531",0.006807,0.169623,0.040132,0.967989,"parametric",NA,NA
"coefficient","cod_nlmod_alt2_23_25","dfa",NA,NA,"2026-02-18 21:55:36 UTC",NA,8441,0.751959,0.565443,0.555105,0.382149,1566.528132,1203.917295,2770.445426,217,8243.885463,8440,7.219024,0.146038,49.432635,0,7912.455447,9309.898397,0.37766,0.315922,"ecf5R532",0.639595,0.399078,1.602683,0.109043,"parametric",NA,NA
"coefficient","cod_nlmod_alt2_23_25","dfa",NA,NA,"2026-02-18 21:55:36 UTC",NA,8441,0.751959,0.565443,0.555105,0.382149,1566.528132,1203.917295,2770.445426,217,8243.885463,8440,7.219024,0.146038,49.432635,0,7912.455447,9309.898397,0.37766,0.315922,"ecf5R534",-0.080668,0.141842,-0.568718,0.569563,"parametric",NA,NA
"coefficient","cod_nlmod_alt2_23_25","dfa",NA,NA,"2026-02-18 21:55:36 UTC",NA,8441,0.751959,0.565443,0.555105,0.382149,1566.528132,1203.917295,2770.445426,217,8243.885463,8440,7.219024,0.146038,49.432635,0,7912.455447,9309.898397,0.37766,0.315922,"ecf5R535",-0.003068,0.290901,-0.010546,0.991586,"parametric",NA,NA
"coefficient","cod_nlmod_alt2_23_25","dfa",NA,NA,"2026-02-18 21:55:36 UTC",NA,8441,0.751959,0.565443,0.555105,0.382149,1566.528132,1203.917295,2770.445426,217,8243.885463,8440,7.219024,0.146038,49.432635,0,7912.455447,9309.898397,0.37766,0.315922,"ecf5R539",-0.357186,0.238427,-1.498097,0.134146,"parametric",NA,NA
"coefficient","cod_nlmod_alt2_23_25","dfa",NA,NA,"2026-02-18 21:55:36 UTC",NA,8441,0.751959,0.565443,0.555105,0.382149,1566.528132,1203.917295,2770.445426,217,8243.885463,8440,7.219024,0.146038,49.432635,0,7912.455447,9309.898397,0.37766,0.315922,"ecf6R601",-1.163928,0.160824,-7.237271,0,"parametric",NA,NA
"coefficient","cod_nlmod_alt2_23_25","dfa",NA,NA,"2026-02-18 21:55:36 UTC",NA,8441,0.751959,0.565443,0.555105,0.382149,1566.528132,1203.917295,2770.445426,217,8243.885463,8440,7.219024,0.146038,49.432635,0,7912.455447,9309.898397,0.37766,0.315922,"ecf6R602",-0.781924,0.16084,-4.861511,1e-06,"parametric",NA,NA
"coefficient","cod_nlmod_alt2_23_25","dfa",NA,NA,"2026-02-18 21:55:36 UTC",NA,8441,0.751959,0.565443,0.555105,0.382149,1566.528132,1203.917295,2770.445426,217,8243.885463,8440,7.219024,0.146038,49.432635,0,7912.455447,9309.898397,0.37766,0.315922,"ecf6R603",-1.035536,0.149543,-6.924683,0,"parametric",NA,NA
"coefficient","cod_nlmod_alt2_23_25","dfa",NA,NA,"2026-02-18 21:55:36 UTC",NA,8441,0.751959,0.565443,0.555105,0.382149,1566.528132,1203.917295,2770.445426,217,8243.885463,8440,7.219024,0.146038,49.432635,0,7912.455447,9309.898397,0.37766,0.315922,"ecf6R604",-0.343809,0.119117,-2.886313,0.003908,"parametric",NA,NA
"coefficient","cod_nlmod_alt2_23_25","dfa",NA,NA,"2026-02-18 21:55:36 UTC",NA,8441,0.751959,0.565443,0.555105,0.382149,1566.528132,1203.917295,2770.445426,217,8243.885463,8440,7.219024,0.146038,49.432635,0,7912.455447,9309.898397,0.37766,0.315922,"ecf6R605",-0.151051,0.129889,-1.162923,0.244894,"parametric",NA,NA
"coefficient","cod_nlmod_alt2_23_25","dfa",NA,NA,"2026-02-18 21:55:36 UTC",NA,8441,0.751959,0.565443,0.555105,0.382149,1566.528132,1203.917295,2770.445426,217,8243.885463,8440,7.219024,0.146038,49.432635,0,7912.455447,9309.898397,0.37766,0.315922,"ecf6R606",-0.418336,0.237947,-1.758106,0.078767,"parametric",NA,NA
"coefficient","cod_nlmod_alt2_23_25","dfa",NA,NA,"2026-02-18 21:55:36 UTC",NA,8441,0.751959,0.565443,0.555105,0.382149,1566.528132,1203.917295,2770.445426,217,8243.885463,8440,7.219024,0.146038,49.432635,0,7912.455447,9309.898397,0.37766,0.315922,"ecf6R607",0.102574,0.171515,0.598049,0.549824,"parametric",NA,NA
"coefficient","cod_nlmod_alt2_23_25","dfa",NA,NA,"2026-02-18 21:55:36 UTC",NA,8441,0.751959,0.565443,0.555105,0.382149,1566.528132,1203.917295,2770.445426,217,8243.885463,8440,7.219024,0.146038,49.432635,0,7912.455447,9309.898397,0.37766,0.315922,"ecf6R608",0.70894,0.394312,1.797918,0.072227,"parametric",NA,NA
"coefficient","cod_nlmod_alt2_23_25","dfa",NA,NA,"2026-02-18 21:55:36 UTC",NA,8441,0.751959,0.565443,0.555105,0.382149,1566.528132,1203.917295,2770.445426,217,8243.885463,8440,7.219024,0.146038,49.432635,0,7912.455447,9309.898397,0.37766,0.315922,"ecf6R611",-0.147,0.105827,-1.389055,0.164853,"parametric",NA,NA
"coefficient","cod_nlmod_alt2_23_25","dfa",NA,NA,"2026-02-18 21:55:36 UTC",NA,8441,0.751959,0.565443,0.555105,0.382149,1566.528132,1203.917295,2770.445426,217,8243.885463,8440,7.219024,0.146038,49.432635,0,7912.455447,9309.898397,0.37766,0.315922,"ecf6R612",-0.17006,0.139217,-1.221552,0.221912,"parametric",NA,NA
"coefficient","cod_nlmod_alt2_23_25","dfa",NA,NA,"2026-02-18 21:55:36 UTC",NA,8441,0.751959,0.565443,0.555105,0.382149,1566.528132,1203.917295,2770.445426,217,8243.885463,8440,7.219024,0.146038,49.432635,0,7912.455447,9309.898397,0.37766,0.315922,"ecf6R613",0.086799,0.156607,0.554245,0.579426,"parametric",NA,NA
"coefficient","cod_nlmod_alt2_23_25","dfa",NA,NA,"2026-02-18 21:55:36 UTC",NA,8441,0.751959,0.565443,0.555105,0.382149,1566.528132,1203.917295,2770.445426,217,8243.885463,8440,7.219024,0.146038,49.432635,0,7912.455447,9309.898397,0.37766,0.315922,"ecf6R615",-0.211721,0.141908,-1.491957,0.135749,"parametric",NA,NA
"coefficient","cod_nlmod_alt2_23_25","dfa",NA,NA,"2026-02-18 21:55:36 UTC",NA,8441,0.751959,0.565443,0.555105,0.382149,1566.528132,1203.917295,2770.445426,217,8243.885463,8440,7.219024,0.146038,49.432635,0,7912.455447,9309.898397,0.37766,0.315922,"ecf6R616",0.209274,0.285421,0.733211,0.46345,"parametric",NA,NA
"coefficient","cod_nlmod_alt2_23_25","dfa",NA,NA,"2026-02-18 21:55:36 UTC",NA,8441,0.751959,0.565443,0.555105,0.382149,1566.528132,1203.917295,2770.445426,217,8243.885463,8440,7.219024,0.146038,49.432635,0,7912.455447,9309.898397,0.37766,0.315922,"ecf6R617",0.313025,0.397032,0.788411,0.430479,"parametric",NA,NA
"coefficient","cod_nlmod_alt2_23_25","dfa",NA,NA,"2026-02-18 21:55:36 UTC",NA,8441,0.751959,0.565443,0.555105,0.382149,1566.528132,1203.917295,2770.445426,217,8243.885463,8440,7.219024,0.146038,49.432635,0,7912.455447,9309.898397,0.37766,0.315922,"ecf6R620",-0.662364,0.097045,-6.8253,0,"parametric",NA,NA
"coefficient","cod_nlmod_alt2_23_25","dfa",NA,NA,"2026-02-18 21:55:36 UTC",NA,8441,0.751959,0.565443,0.555105,0.382149,1566.528132,1203.917295,2770.445426,217,8243.885463,8440,7.219024,0.146038,49.432635,0,7912.455447,9309.898397,0.37766,0.315922,"ecf7R701",0.177368,0.098946,1.792575,0.073078,"parametric",NA,NA
"coefficient","cod_nlmod_alt2_23_25","dfa",NA,NA,"2026-02-18 21:55:36 UTC",NA,8441,0.751959,0.565443,0.555105,0.382149,1566.528132,1203.917295,2770.445426,217,8243.885463,8440,7.219024,0.146038,49.432635,0,7912.455447,9309.898397,0.37766,0.315922,"ecf7R702",0.051849,0.094587,0.548154,0.583601,"parametric",NA,NA
"coefficient","cod_nlmod_alt2_23_25","dfa",NA,NA,"2026-02-18 21:55:36 UTC",NA,8441,0.751959,0.565443,0.555105,0.382149,1566.528132,1203.917295,2770.445426,217,8243.885463,8440,7.219024,0.146038,49.432635,0,7912.455447,9309.898397,0.37766,0.315922,"ecf7R703",-0.485086,0.112386,-4.316249,1.6e-05,"parametric",NA,NA
"coefficient","cod_nlmod_alt2_23_25","dfa",NA,NA,"2026-02-18 21:55:36 UTC",NA,8441,0.751959,0.565443,0.555105,0.382149,1566.528132,1203.917295,2770.445426,217,8243.885463,8440,7.219024,0.146038,49.432635,0,7912.455447,9309.898397,0.37766,0.315922,"ecf7R704",-0.341482,0.089844,-3.800809,0.000145,"parametric",NA,NA
"coefficient","cod_nlmod_alt2_23_25","dfa",NA,NA,"2026-02-18 21:55:36 UTC",NA,8441,0.751959,0.565443,0.555105,0.382149,1566.528132,1203.917295,2770.445426,217,8243.885463,8440,7.219024,0.146038,49.432635,0,7912.455447,9309.898397,0.37766,0.315922,"ecf7R705",-0.337343,0.087604,-3.850755,0.000119,"parametric",NA,NA
"coefficient","cod_nlmod_alt2_23_25","dfa",NA,NA,"2026-02-18 21:55:36 UTC",NA,8441,0.751959,0.565443,0.555105,0.382149,1566.528132,1203.917295,2770.445426,217,8243.885463,8440,7.219024,0.146038,49.432635,0,7912.455447,9309.898397,0.37766,0.315922,"ecf7R706",-0.466668,0.143863,-3.24383,0.001184,"parametric",NA,NA
"coefficient","cod_nlmod_alt2_23_25","dfa",NA,NA,"2026-02-18 21:55:36 UTC",NA,8441,0.751959,0.565443,0.555105,0.382149,1566.528132,1203.917295,2770.445426,217,8243.885463,8440,7.219024,0.146038,49.432635,0,7912.455447,9309.898397,0.37766,0.315922,"ecf7R707",-0.656701,0.160325,-4.096066,4.2e-05,"parametric",NA,NA
"coefficient","cod_nlmod_alt2_23_25","dfa",NA,NA,"2026-02-18 21:55:36 UTC",NA,8441,0.751959,0.565443,0.555105,0.382149,1566.528132,1203.917295,2770.445426,217,8243.885463,8440,7.219024,0.146038,49.432635,0,7912.455447,9309.898397,0.37766,0.315922,"ecf7R708",-0.5074,0.098672,-5.142294,0,"parametric",NA,NA
"coefficient","cod_nlmod_alt2_23_25","dfa",NA,NA,"2026-02-18 21:55:36 UTC",NA,8441,0.751959,0.565443,0.555105,0.382149,1566.528132,1203.917295,2770.445426,217,8243.885463,8440,7.219024,0.146038,49.432635,0,7912.455447,9309.898397,0.37766,0.315922,"ecf7R709",-0.38955,0.09434,-4.129192,3.7e-05,"parametric",NA,NA
"coefficient","cod_nlmod_alt2_23_25","dfa",NA,NA,"2026-02-18 21:55:36 UTC",NA,8441,0.751959,0.565443,0.555105,0.382149,1566.528132,1203.917295,2770.445426,217,8243.885463,8440,7.219024,0.146038,49.432635,0,7912.455447,9309.898397,0.37766,0.315922,"ecf7R710",-0.186427,0.09585,-1.944992,0.05181,"parametric",NA,NA
"coefficient","cod_nlmod_alt2_23_25","dfa",NA,NA,"2026-02-18 21:55:36 UTC",NA,8441,0.751959,0.565443,0.555105,0.382149,1566.528132,1203.917295,2770.445426,217,8243.885463,8440,7.219024,0.146038,49.432635,0,7912.455447,9309.898397,0.37766,0.315922,"ecf7R711",-0.51755,0.094614,-5.470125,0,"parametric",NA,NA
"coefficient","cod_nlmod_alt2_23_25","dfa",NA,NA,"2026-02-18 21:55:36 UTC",NA,8441,0.751959,0.565443,0.555105,0.382149,1566.528132,1203.917295,2770.445426,217,8243.885463,8440,7.219024,0.146038,49.432635,0,7912.455447,9309.898397,0.37766,0.315922,"ecf7R712",-0.423077,0.129146,-3.27596,0.001057,"parametric",NA,NA
"coefficient","cod_nlmod_alt2_23_25","dfa",NA,NA,"2026-02-18 21:55:36 UTC",NA,8441,0.751959,0.565443,0.555105,0.382149,1566.528132,1203.917295,2770.445426,217,8243.885463,8440,7.219024,0.146038,49.432635,0,7912.455447,9309.898397,0.37766,0.315922,"ecf7R713",-0.356845,0.105268,-3.38989,0.000702,"parametric",NA,NA
"coefficient","cod_nlmod_alt2_23_25","dfa",NA,NA,"2026-02-18 21:55:36 UTC",NA,8441,0.751959,0.565443,0.555105,0.382149,1566.528132,1203.917295,2770.445426,217,8243.885463,8440,7.219024,0.146038,49.432635,0,7912.455447,9309.898397,0.37766,0.315922,"ecf7R715",-0.852179,0.284473,-2.995642,0.002747,"parametric",NA,NA
"coefficient","cod_nlmod_alt2_23_25","dfa",NA,NA,"2026-02-18 21:55:36 UTC",NA,8441,0.751959,0.565443,0.555105,0.382149,1566.528132,1203.917295,2770.445426,217,8243.885463,8440,7.219024,0.146038,49.432635,0,7912.455447,9309.898397,0.37766,0.315922,"ecf7R716",-0.811643,0.13418,-6.048908,0,"parametric",NA,NA
"coefficient","cod_nlmod_alt2_23_25","dfa",NA,NA,"2026-02-18 21:55:36 UTC",NA,8441,0.751959,0.565443,0.555105,0.382149,1566.528132,1203.917295,2770.445426,217,8243.885463,8440,7.219024,0.146038,49.432635,0,7912.455447,9309.898397,0.37766,0.315922,"ecf7R717",-1.02668,0.111345,-9.220669,0,"parametric",NA,NA
"coefficient","cod_nlmod_alt2_23_25","dfa",NA,NA,"2026-02-18 21:55:36 UTC",NA,8441,0.751959,0.565443,0.555105,0.382149,1566.528132,1203.917295,2770.445426,217,8243.885463,8440,7.219024,0.146038,49.432635,0,7912.455447,9309.898397,0.37766,0.315922,"ecf7R718",-0.736939,0.102526,-7.187829,0,"parametric",NA,NA
"coefficient","cod_nlmod_alt2_23_25","dfa",NA,NA,"2026-02-18 21:55:36 UTC",NA,8441,0.751959,0.565443,0.555105,0.382149,1566.528132,1203.917295,2770.445426,217,8243.885463,8440,7.219024,0.146038,49.432635,0,7912.455447,9309.898397,0.37766,0.315922,"ecf7R719",-0.295283,0.09065,-3.257396,0.001129,"parametric",NA,NA
"coefficient","cod_nlmod_alt2_23_25","dfa",NA,NA,"2026-02-18 21:55:36 UTC",NA,8441,0.751959,0.565443,0.555105,0.382149,1566.528132,1203.917295,2770.445426,217,8243.885463,8440,7.219024,0.146038,49.432635,0,7912.455447,9309.898397,0.37766,0.315922,"ecf7R720",-0.58759,0.287064,-2.046901,0.040699,"parametric",NA,NA
"coefficient","cod_nlmod_alt2_23_25","dfa",NA,NA,"2026-02-18 21:55:36 UTC",NA,8441,0.751959,0.565443,0.555105,0.382149,1566.528132,1203.917295,2770.445426,217,8243.885463,8440,7.219024,0.146038,49.432635,0,7912.455447,9309.898397,0.37766,0.315922,"ecf7R721",-0.23398,0.156126,-1.498657,0.134001,"parametric",NA,NA
"coefficient","cod_nlmod_alt2_23_25","dfa",NA,NA,"2026-02-18 21:55:36 UTC",NA,8441,0.751959,0.565443,0.555105,0.382149,1566.528132,1203.917295,2770.445426,217,8243.885463,8440,7.219024,0.146038,49.432635,0,7912.455447,9309.898397,0.37766,0.315922,"ecf7R722",-0.749429,0.237686,-3.153023,0.001622,"parametric",NA,NA
"coefficient","cod_nlmod_alt2_23_25","dfa",NA,NA,"2026-02-18 21:55:36 UTC",NA,8441,0.751959,0.565443,0.555105,0.382149,1566.528132,1203.917295,2770.445426,217,8243.885463,8440,7.219024,0.146038,49.432635,0,7912.455447,9309.898397,0.37766,0.315922,"ecf7R723",-0.132197,0.105632,-1.25149,0.210791,"parametric",NA,NA
"coefficient","cod_nlmod_alt2_23_25","dfa",NA,NA,"2026-02-18 21:55:36 UTC",NA,8441,0.751959,0.565443,0.555105,0.382149,1566.528132,1203.917295,2770.445426,217,8243.885463,8440,7.219024,0.146038,49.432635,0,7912.455447,9309.898397,0.37766,0.315922,"ecf7R724",-0.470812,0.148903,-3.161874,0.001573,"parametric",NA,NA
"coefficient","cod_nlmod_alt2_23_25","dfa",NA,NA,"2026-02-18 21:55:36 UTC",NA,8441,0.751959,0.565443,0.555105,0.382149,1566.528132,1203.917295,2770.445426,217,8243.885463,8440,7.219024,0.146038,49.432635,0,7912.455447,9309.898397,0.37766,0.315922,"s(ln_landratio)",NA,NA,3.008888,0,"smooth",1.698834,9
"coefficient","cod_nlmod_alt2_23_25","dfa",NA,NA,"2026-02-18 21:55:36 UTC",NA,8441,0.751959,0.565443,0.555105,0.382149,1566.528132,1203.917295,2770.445426,217,8243.885463,8440,7.219024,0.146038,49.432635,0,7912.455447,9309.898397,0.37766,0.315922,"s(lnsbldsfint)",NA,NA,5.635702,0,"smooth",2.301737,9
"coefficient","cod_nlmod_alt2_23_25","dfa",NA,NA,"2026-02-18 21:55:36 UTC",NA,8441,0.751959,0.565443,0.555105,0.382149,1566.528132,1203.917295,2770.445426,217,8243.885463,8440,7.219024,0.146038,49.432635,0,7912.455447,9309.898397,0.37766,0.315922,"s(sresb_yearbuilt)",NA,NA,5.555616,0,"smooth",2.113966,9
