regression_section,model,dependent_variable,term,b,std_error,beta,t,sig,heading_file,coefficients_file
1,1,LN_PRICE,(Constant),0.0654034208437093,0.01306881730430706,,5.004540144742435,9.762903281162054e-07,outputViewer0000000098_heading.xml,00000000985_lightTableData.bin
1,1,LN_PRICE,LN_LANDRATIO,10.826090669284515,0.13897305682898423,0.21383451271767445,77.90064431414756,1.4821112109812125e-195,outputViewer0000000098_heading.xml,00000000985_lightTableData.bin
1,1,LN_PRICE,ARTERIAL,0.6182346641690407,0.14668298332019175,0.25538337715696013,4.214767454105477,3.3564937423967565e-05,outputViewer0000000098_heading.xml,00000000985_lightTableData.bin
1,1,LN_PRICE,SINGLE_FAMILY1STORY,-0.24594559682874279,0.1255338460346278,-0.08251756272268912,-1.959197496115112,0.051064390736935125,outputViewer0000000098_heading.xml,00000000985_lightTableData.bin
1,1,LN_PRICE,ROW_HOUSE2STORY,0.14315951243492894,0.09450838908228569,0.07148775119433183,1.5147810033063218,0.130943937733609,outputViewer0000000098_heading.xml,00000000985_lightTableData.bin
1,1,LN_PRICE,LARGE,-1.142228774875167,0.8267075417540459,-0.06785688545191884,-1.3816600395971612,0.16817752599575,outputViewer0000000098_heading.xml,00000000985_lightTableData.bin
1,1,LN_PRICE,LARGEST,0.6081037817637015,0.15682218847057897,0.3030234354838447,3.8776641729992587,0.00013158213213659606,outputViewer0000000098_heading.xml,00000000985_lightTableData.bin
1,1,LN_PRICE,TWO_BATHS,0.6481743669285082,0.18400015059816976,0.33661037204859556,3.5226838935802234,0.000499219157243203,outputViewer0000000098_heading.xml,00000000985_lightTableData.bin
1,1,LN_PRICE,THREE_PLUS_BATHS,0.41005928648363466,0.15052419632573907,0.19719191424108343,2.7242084428489726,0.00685544151167694,outputViewer0000000098_heading.xml,00000000985_lightTableData.bin
1,1,LN_PRICE,EXCELLENT,0.04866170080829627,0.1133808377923655,0.025382273963755794,0.42918805113621156,0.668122417971085,outputViewer0000000098_heading.xml,00000000985_lightTableData.bin
1,1,LN_PRICE,GOOD,1.3749138191485806,0.5070846061651069,0.14101251611543925,2.7114091069467574,0.007123174888027445,outputViewer0000000098_heading.xml,00000000985_lightTableData.bin
1,1,LN_PRICE,FAIR,0.5580624188384302,0.15439138236876776,0.16201888649607235,3.614595648256351,0.0003581035731029837,outputViewer0000000098_heading.xml,00000000985_lightTableData.bin
1,1,LN_PRICE,POOR,-0.3819881202367654,0.09488309286222163,-0.17895638872580066,-4.025881837467555,7.366013028636665e-05,outputViewer0000000098_heading.xml,00000000985_lightTableData.bin
1,1,LN_PRICE,UNSOUND,-0.1310359549032254,0.14235583473798757,-0.04057374926049124,-0.9204817993193118,0.358139686697186,outputViewer0000000098_heading.xml,00000000985_lightTableData.bin
1,1,LN_PRICE,QBEST,-1.9582678861565153,0.49929911841068225,-0.16425532232263176,-3.9220335345070763,0.00011142206698188169,outputViewer0000000098_heading.xml,00000000985_lightTableData.bin
1,1,LN_PRICE,QABOVE_AVG,0.6326975221142757,0.38944204729342485,0.08349761830636024,1.6246256060727056,0.10541344216870989,outputViewer0000000098_heading.xml,00000000985_lightTableData.bin
1,1,LN_PRICE,QBELOW_AVG,-1.9216543400892683,0.49086650487341976,-0.16118425638054873,-3.9148206712226314,0.00011290907768325107,outputViewer0000000098_heading.xml,00000000985_lightTableData.bin
1,1,LN_PRICE,EXT_BRICK,0.3430839401865122,0.13457527436920383,0.1537731883384835,2.54938317454416,0.011311640045983576,outputViewer0000000098_heading.xml,00000000985_lightTableData.bin
1,1,LN_PRICE,YB_PRE_1910,-1.532561718748037,0.72177665014219,-0.09104556572604897,-2.123318506419018,0.03458875478863056,outputViewer0000000098_heading.xml,00000000985_lightTableData.bin
1,1,LN_PRICE,YB_1946_TO_1960,-0.31496580854909034,0.11050786997045146,-0.12943768239032588,-2.8501663151530168,0.004690833174198327,outputViewer0000000098_heading.xml,00000000985_lightTableData.bin
1,1,LN_PRICE,YB_1961_TO_1990,0.9933524086325559,0.6914762639921119,0.05901252191211329,1.4365676167936947,0.15194935723080855,outputViewer0000000098_heading.xml,00000000985_lightTableData.bin
1,1,LN_PRICE,YB_POST_1990,0.3904083680279965,0.3567959999881069,0.0461591223818282,1.094206123501973,0.2748016416863371,outputViewer0000000098_heading.xml,00000000985_lightTableData.bin
1,1,LN_PRICE,CRAWL,-0.48939108200717274,0.4366993059710716,-0.057862137948140664,-1.1206591705451248,0.26339322730245185,outputViewer0000000098_heading.xml,00000000985_lightTableData.bin
1,1,LN_PRICE,SLAB,-0.6584180876938343,0.2809142935468054,-0.11580578097635552,-2.3438397504829345,0.019788302004624378,outputViewer0000000098_heading.xml,00000000985_lightTableData.bin
1,1,LN_PRICE,LN_GARAGESPACES,0.16432444368898816,0.23895887864306462,0.03184552226588841,0.6876682909716918,0.49223502260681173,outputViewer0000000098_heading.xml,00000000985_lightTableData.bin
1,1,LN_PRICE,HOT_WATER,0.5403010388203092,0.47221433674950464,0.06388137093451621,1.1441860120967113,0.25353783735679786,outputViewer0000000098_heading.xml,00000000985_lightTableData.bin
1,1,LN_PRICE,CENTRAL_AIR,-0.21653745247301717,0.10194501755167501,-0.10835116832305669,-2.124061162314836,0.03455745635238249,outputViewer0000000098_heading.xml,00000000985_lightTableData.bin
1,1,LN_PRICE,MONTHS_1TO9,0.15339256462605552,0.1052700077655438,0.0798498606622491,1.4571345427055515,0.14622430903599926,outputViewer0000000098_heading.xml,00000000985_lightTableData.bin
1,1,LN_PRICE,MONTHS_10TO16,-0.14129700326572547,0.1769177424576887,-0.03955208475994476,-0.7986593164872527,0.42518222558683894,outputViewer0000000098_heading.xml,00000000985_lightTableData.bin
1,1,LN_PRICE,MONTHS_17TO24,-0.02275134212156311,0.022427829486243563,-0.057525160603904245,-1.014424607406525,0.31128168579270493,outputViewer0000000098_heading.xml,00000000985_lightTableData.bin
1,2,LN_PRICE,(Constant),10.719105461415932,0.2706092414881467,0.01303824201594818,39.611010335304655,2.930462487067886e-114,outputViewer0000000098_heading.xml,00000000985_lightTableData.bin
1,2,LN_PRICE,LN_LANDRATIO,10.822154270010227,0.13918581414369705,0.21139724921252348,77.75328496363365,8.565697962605487e-196,outputViewer0000000098_heading.xml,00000000985_lightTableData.bin
1,2,LN_PRICE,ARTERIAL,0.6369151935715806,0.1462682217731522,0.2631000209532325,4.354433149254895,1.8583285157239277e-05,outputViewer0000000098_heading.xml,00000000985_lightTableData.bin
1,2,LN_PRICE,SINGLE_FAMILY1STORY,-0.23919712676523167,0.12554715902060948,-0.0802533737763193,-1.9052372720434536,0.057752032104963005,outputViewer0000000098_heading.xml,00000000985_lightTableData.bin
1,2,LN_PRICE,ROW_HOUSE2STORY,0.13097718029859753,0.09367124558717309,0.06540441440506593,1.3982645312077813,0.1631245976529064,outputViewer0000000098_heading.xml,00000000985_lightTableData.bin
1,2,LN_PRICE,LARGE,-1.1303219894275216,0.825694580729797,-0.06714953383025289,-1.368934731809039,0.1721129399856361,outputViewer0000000098_heading.xml,00000000985_lightTableData.bin
1,2,LN_PRICE,LARGEST,0.5949398383097322,0.15549138712480043,0.29646372727356607,3.8261915937004396,0.00016052828299293513,outputViewer0000000098_heading.xml,00000000985_lightTableData.bin
1,2,LN_PRICE,TWO_BATHS,0.6708233347126185,0.1803072410415957,0.348372450065431,3.720445894670774,0.00024044995983518976,outputViewer0000000098_heading.xml,00000000985_lightTableData.bin
1,2,LN_PRICE,THREE_PLUS_BATHS,0.36568099645717944,0.133418130561858,0.1758510002573882,2.7408643406799578,0.0065247919613264805,outputViewer0000000098_heading.xml,00000000985_lightTableData.bin
1,2,LN_PRICE,EXCELLENT,0.7712980133628601,0.30329858463119763,0.23523121464934107,2.5430320233796553,0.011535736288006181,outputViewer0000000098_heading.xml,00000000985_lightTableData.bin
1,2,LN_PRICE,GOOD,1.3783401795592878,0.5061517039487107,0.14136392701545575,2.7231760138437817,0.006879360214179668,outputViewer0000000098_heading.xml,00000000985_lightTableData.bin
1,2,LN_PRICE,FAIR,0.5597885226470299,0.15400984632272774,0.1625200157740984,3.634758010692334,0.000332217413654927,outputViewer0000000098_heading.xml,00000000985_lightTableData.bin
1,2,LN_PRICE,POOR,-0.38197539248303686,0.09471617737891427,-0.17895042594129718,-4.032842150659601,7.156501281387851e-05,outputViewer0000000098_heading.xml,00000000985_lightTableData.bin
1,2,LN_PRICE,UNSOUND,-0.12969735665219234,0.1419754891153185,-0.04015926798443187,-0.9135193508426421,0.36177848881107844,outputViewer0000000098_heading.xml,00000000985_lightTableData.bin
1,2,LN_PRICE,QBEST,-1.9551643470078326,0.49819786293402063,-0.1639950040960952,-3.9244735725949247,0.00011026567797655362,outputViewer0000000098_heading.xml,00000000985_lightTableData.bin
1,2,LN_PRICE,QABOVE_AVG,0.6335329056638965,0.38858523526022104,0.08360786456832213,1.6303576363101988,0.1041918946357977,outputViewer0000000098_heading.xml,00000000985_lightTableData.bin
1,2,LN_PRICE,QBELOW_AVG,0.3809340038951821,0.14560830824414128,0.17073791414911973,2.616155688427274,0.00939515346496737,outputViewer0000000098_heading.xml,00000000985_lightTableData.bin
1,2,LN_PRICE,EXT_BRICK,0.3404981410842596,0.13478690128626733,0.15261421082370966,2.526196075693529,0.012066573185547293,outputViewer0000000098_heading.xml,00000000985_lightTableData.bin
1,2,LN_PRICE,YB_PRE_1910,-1.5948987323654868,0.7208091836099335,-0.09474884801546274,-2.2126504054484517,0.027711562288471075,outputViewer0000000098_heading.xml,00000000985_lightTableData.bin
1,2,LN_PRICE,YB_1946_TO_1960,-0.32006331923042186,0.11037471210771051,-0.1315325445964521,-2.8997884852291542,0.004025777741268192,outputViewer0000000098_heading.xml,00000000985_lightTableData.bin
1,2,LN_PRICE,YB_1961_TO_1990,0.9949162966743922,0.6913052283303549,0.05910542849444493,1.4391852627490187,0.15120316084352253,outputViewer0000000098_heading.xml,00000000985_lightTableData.bin
1,2,LN_PRICE,YB_POST_1990,0.39234346551438304,0.3566039583036452,0.04638791461327053,1.1002218466131157,0.2721737679396082,outputViewer0000000098_heading.xml,00000000985_lightTableData.bin
1,2,LN_PRICE,CRAWL,-0.4946754610928179,0.4361942605721061,-0.058486925531865755,-1.1340714580792712,0.2577311229747399,outputViewer0000000098_heading.xml,00000000985_lightTableData.bin
1,2,LN_PRICE,SLAB,-0.701448962037701,0.27353350174121593,-0.1233742607958287,-2.564398721079974,0.010857270855787565,outputViewer0000000098_heading.xml,00000000985_lightTableData.bin
1,2,LN_PRICE,LN_GARAGESPACES,0.17060553295439218,0.238497589802863,0.03306277615438498,0.7153344111167373,0.4750006159989433,outputViewer0000000098_heading.xml,00000000985_lightTableData.bin
1,2,LN_PRICE,HOT_WATER,0.5311936708999345,0.4711032510359026,0.06280458020757469,1.127552547624963,0.26048467358971106,outputViewer0000000098_heading.xml,00000000985_lightTableData.bin
1,2,LN_PRICE,CENTRAL_AIR,-0.21047389084207033,0.10081199227791779,-0.10531707893386053,-2.0877862453292004,0.03773399830016723,outputViewer0000000098_heading.xml,00000000985_lightTableData.bin
1,2,LN_PRICE,MONTHS_1TO9,0.1506257735633381,0.1047575877867445,0.07840958302312018,1.4378507251423893,0.1516133601661849,outputViewer0000000098_heading.xml,00000000985_lightTableData.bin
1,2,LN_PRICE,MONTHS_10TO16,-0.14639182531302014,0.17569161667697344,-0.04097823555432835,-0.8332317049718776,0.4054397932035757,outputViewer0000000098_heading.xml,00000000985_lightTableData.bin
1,2,LN_PRICE,MONTHS_17TO24,-0.022631023713501276,0.022380415870900727,-0.05722094401262002,-1.0111976401174203,0.3128172260270961,outputViewer0000000098_heading.xml,00000000985_lightTableData.bin
1,3,LN_PRICE,(Constant),10.716110238476977,0.26751647377651794,-0.01989508432711036,40.05775826511966,1.2884072742574726e-115,outputViewer0000000098_heading.xml,00000000985_lightTableData.bin
1,3,LN_PRICE,LN_LANDRATIO,0.6279727890458472,0.16614084700791348,0.2594060490683738,3.779761571914558,0.000193373988613086,outputViewer0000000098_heading.xml,00000000985_lightTableData.bin
1,3,LN_PRICE,ARTERIAL,0.6400766871984938,0.14649457563568796,0.26440598609251575,4.3692859235298735,1.741759554283089e-05,outputViewer0000000098_heading.xml,00000000985_lightTableData.bin
1,3,LN_PRICE,ROW_HOUSE2STORY,0.13499385726656318,0.09360509390706077,0.06741017147164192,1.4421635792662817,0.15035423116270277,outputViewer0000000098_heading.xml,00000000985_lightTableData.bin
1,3,LN_PRICE,LARGE,-1.2644127577276658,0.8097556053249128,-0.07511552287276944,-1.5614745355425146,0.11953332486419406,outputViewer0000000098_heading.xml,00000000985_lightTableData.bin
1,3,LN_PRICE,LARGEST,0.5881693725902617,0.15500454098872135,0.29308994496261054,3.7945299462746633,0.00018118015389228203,outputViewer0000000098_heading.xml,00000000985_lightTableData.bin
1,3,LN_PRICE,TWO_BATHS,0.6614062476107359,0.1796112452416804,0.3434819617111941,3.6824322815688078,0.00027717787568821186,outputViewer0000000098_heading.xml,00000000985_lightTableData.bin
1,3,LN_PRICE,THREE_PLUS_BATHS,0.3618076412983943,0.1331353808571666,0.17398835662639975,2.7175919651783413,0.006987312177450224,outputViewer0000000098_heading.xml,00000000985_lightTableData.bin
1,3,LN_PRICE,EXCELLENT,0.7389925596345611,0.2942910457102893,0.22537866610306245,2.5110942735310133,0.012605338512691662,outputViewer0000000098_heading.xml,00000000985_lightTableData.bin
1,3,LN_PRICE,GOOD,1.361064394019938,0.5038023924287807,0.1395921054271885,2.7015838242815473,0.007328190769491544,outputViewer0000000098_heading.xml,00000000985_lightTableData.bin
1,3,LN_PRICE,FAIR,0.5598635617177509,0.1537592868760146,0.1625418014136102,3.641169083784856,0.0003242222379788838,outputViewer0000000098_heading.xml,00000000985_lightTableData.bin
1,3,LN_PRICE,POOR,-0.3798679870907409,0.09426043290997195,-0.1779631343513053,-4.029983476243446,7.232487587179387e-05,outputViewer0000000098_heading.xml,00000000985_lightTableData.bin
1,3,LN_PRICE,UNSOUND,-0.12845217399290104,0.14159097431410247,-0.03977371175264107,-0.9072059473787178,0.3650979683315905,outputViewer0000000098_heading.xml,00000000985_lightTableData.bin
1,3,LN_PRICE,QBEST,-1.9488347458258801,0.4964879742307759,-0.16346409068549136,-3.9252405838132733,0.00010984104827448529,outputViewer0000000098_heading.xml,00000000985_lightTableData.bin
1,3,LN_PRICE,QABOVE_AVG,0.6409212853758461,0.38629662795941944,0.08458291518497271,1.6591428425390633,0.09824381753457428,outputViewer0000000098_heading.xml,00000000985_lightTableData.bin
1,3,LN_PRICE,QBELOW_AVG,0.381567900389292,0.1451250636666822,0.17102203203852856,2.6292350249414036,0.009048338839774565,outputViewer0000000098_heading.xml,00000000985_lightTableData.bin
1,3,LN_PRICE,QPOOR,0.04828373162112075,0.2175003131056886,0.011189840138981541,0.2219938487980867,0.824487113363513,outputViewer0000000098_heading.xml,00000000985_lightTableData.bin
1,3,LN_PRICE,EXT_BRICK,0.27516358788415674,0.1268490882331122,0.12333069918866096,2.169220068641606,0.030881083140413334,outputViewer0000000098_heading.xml,00000000985_lightTableData.bin
1,3,LN_PRICE,YB_PRE_1910,-1.5836922692047424,0.7218575112853683,-0.0940831007468362,-2.193912572004351,0.029043391512259785,outputViewer0000000098_heading.xml,00000000985_lightTableData.bin
1,3,LN_PRICE,YB_1946_TO_1960,-0.31772024851983066,0.11036760890546131,-0.13056964121385112,-2.8787454187938737,0.004294994332653297,outputViewer0000000098_heading.xml,00000000985_lightTableData.bin
1,3,LN_PRICE,YB_1961_TO_1990,0.9804746373291421,0.6910872262263634,0.05824748650814418,1.418742237044316,0.15707065675780424,outputViewer0000000098_heading.xml,00000000985_lightTableData.bin
1,3,LN_PRICE,CRAWL,-0.3868447216116826,0.41673440182694577,-0.04573778205071008,-0.9282764271818499,0.3540580455996234,outputViewer0000000098_heading.xml,00000000985_lightTableData.bin
1,3,LN_PRICE,LN_GARAGESPACES,0.1581437866961633,0.23757636268144294,0.030647731812659493,0.6656545495993313,0.5061799111112844,outputViewer0000000098_heading.xml,00000000985_lightTableData.bin
1,3,LN_PRICE,HOT_WATER,0.5213092645617021,0.47034840313664134,0.061635917957472856,1.1083470488795433,0.26866992120875377,outputViewer0000000098_heading.xml,00000000985_lightTableData.bin
1,3,LN_PRICE,CENTRAL_AIR,-0.2100064497034916,0.10066159263768533,-0.10508318039617649,-2.0862619416262858,0.03786960153378159,outputViewer0000000098_heading.xml,00000000985_lightTableData.bin
1,3,LN_PRICE,MONTHS_1TO9,0.15341449507067495,0.10440124533825479,0.079861276749798,1.469469972064219,0.14284428633705437,outputViewer0000000098_heading.xml,00000000985_lightTableData.bin
1,3,LN_PRICE,MONTHS_10TO16,-0.1449980822274374,0.1753541669387159,-0.04058809674472538,-0.8268870067861714,0.40901800196795923,outputViewer0000000098_heading.xml,00000000985_lightTableData.bin
1,3,LN_PRICE,MONTHS_17TO24,-0.022625441325605098,0.022342764823352047,-0.05720682933935964,-1.0126518138864178,0.3121198842953924,outputViewer0000000098_heading.xml,00000000985_lightTableData.bin
1,4,LN_PRICE,(Constant),10.726141754540865,0.26272702295262496,-0.01988444062134259,40.82618389991428,9.019349768448797e-118,outputViewer0000000098_heading.xml,00000000985_lightTableData.bin
1,4,LN_PRICE,LN_LANDRATIO,0.6265972317798039,0.16494551142154742,0.2588378271933563,3.7988134771271453,0.00017966419682757925,outputViewer0000000098_heading.xml,00000000985_lightTableData.bin
1,4,LN_PRICE,LN_BASE_BLDGSIZE_RATIO,-0.4068800134977207,0.4965729728857319,-0.14332399070937807,-0.8193760750473813,0.4132972362883256,outputViewer0000000098_heading.xml,00000000985_lightTableData.bin
1,4,LN_PRICE,ARTERIAL,0.6773954857515749,0.14434996884669613,0.27982181661495353,4.69273039103312,4.166765122749443e-06,outputViewer0000000098_heading.xml,00000000985_lightTableData.bin
1,4,LN_PRICE,ROW_HOUSE2STORY,0.12799535257709496,0.09353503554943612,0.06391541689010144,1.3684214885388641,0.17225417377302746,outputViewer0000000098_heading.xml,00000000985_lightTableData.bin
1,4,LN_PRICE,LARGE,-1.626396583892241,0.7095033210889647,-0.09662005468618076,-2.2923029893588147,0.022622146510223765,outputViewer0000000098_heading.xml,00000000985_lightTableData.bin
1,4,LN_PRICE,LARGEST,0.582501621313574,0.15477802268768862,0.2902656549074679,3.7634646779856262,0.00020387010043292523,outputViewer0000000098_heading.xml,00000000985_lightTableData.bin
1,4,LN_PRICE,TWO_BATHS,0.6462186326248782,0.17797955813849686,0.33559471872263535,3.63085873110223,0.00033560535769662384,outputViewer0000000098_heading.xml,00000000985_lightTableData.bin
1,4,LN_PRICE,THREE_PLUS_BATHS,0.36585987906895295,0.1328775298914874,0.17593702246393925,2.7533615304839527,0.006284465666575019,outputViewer0000000098_heading.xml,00000000985_lightTableData.bin
1,4,LN_PRICE,EXCELLENT,0.611147179300844,0.21566942652448448,0.18638825826823868,2.833721910191391,0.004938010355597617,outputViewer0000000098_heading.xml,00000000985_lightTableData.bin
1,4,LN_PRICE,GOOD,1.2623983992597512,0.4531495194720771,0.12947282378029776,2.7858319274628287,0.005707663284949944,outputViewer0000000098_heading.xml,00000000985_lightTableData.bin
1,4,LN_PRICE,FAIR,0.5525956554388002,0.15259791027331215,0.16043175414519822,3.6212530987420974,0.0003487795825050689,outputViewer0000000098_heading.xml,00000000985_lightTableData.bin
1,4,LN_PRICE,POOR,-0.380019437999504,0.09410604479455789,-0.17803408710157587,-4.03820433457937,6.991069713040271e-05,outputViewer0000000098_heading.xml,00000000985_lightTableData.bin
1,4,LN_PRICE,UNSOUND,-0.12582673660299476,0.14104520309654633,-0.03896077580360443,-0.8921022044036873,0.37312092107253814,outputViewer0000000098_heading.xml,00000000985_lightTableData.bin
1,4,LN_PRICE,QBEST,-1.9509922438045497,0.49549900461735186,-0.16364505700189882,-3.9374291888057367,0.00010460809861455658,outputViewer0000000098_heading.xml,00000000985_lightTableData.bin
1,4,LN_PRICE,QABOVE_AVG,0.6320286739410961,0.3834845700147867,0.08340934985656066,1.648120220108793,0.10048258954523909,outputViewer0000000098_heading.xml,00000000985_lightTableData.bin
1,4,LN_PRICE,QBELOW_AVG,0.37922061687655095,0.1444359833207559,0.16996995927320963,2.625527296992174,0.009143104349041007,outputViewer0000000098_heading.xml,00000000985_lightTableData.bin
1,4,LN_PRICE,QPOOR,0.048388536226410074,0.2170958139089557,0.011214128791487091,0.22289023153022638,0.8237894652920479,outputViewer0000000098_heading.xml,00000000985_lightTableData.bin
1,4,LN_PRICE,EXT_BRICK,-1.9632193025302231,1.0097496063273474,-0.116629829556998,-1.944263498820096,0.0529060726255568,outputViewer0000000098_heading.xml,00000000985_lightTableData.bin
1,4,LN_PRICE,YB_PRE_1910,-1.578045261411829,0.7230494601114732,-0.093747626479878,-2.18248591343743,0.029881434073652156,outputViewer0000000098_heading.xml,00000000985_lightTableData.bin
1,4,LN_PRICE,YB_1946_TO_1960,-0.3182984831350666,0.11047920802536489,-0.13080727128810832,-2.8810713692117393,0.0042632571875032416,outputViewer0000000098_heading.xml,00000000985_lightTableData.bin
1,4,LN_PRICE,YB_1961_TO_1990,0.9859603073863336,0.6911665716589006,0.058573376113524284,1.4265161942364848,0.1548139212904755,outputViewer0000000098_heading.xml,00000000985_lightTableData.bin
1,4,LN_PRICE,CRAWL,0.41392618600678455,0.3557582374232166,0.04893970273598339,1.163504151034935,0.24560506230472862,outputViewer0000000098_heading.xml,00000000985_lightTableData.bin
1,4,LN_PRICE,LN_GARAGESPACES,-0.6316510027291303,0.25238715249210025,-0.11109785566759728,-2.5027066413331047,0.012892798196303604,outputViewer0000000098_heading.xml,00000000985_lightTableData.bin
1,4,LN_PRICE,HOT_WATER,0.39651050050153214,0.42674251066910807,0.04688059533861651,0.9291563192985535,0.3536112651274106,outputViewer0000000098_heading.xml,00000000985_lightTableData.bin
1,4,LN_PRICE,CENTRAL_AIR,-0.21231901429573857,0.10048952283807226,-0.10624034315269186,-2.1128472730223544,0.03550520097715582,outputViewer0000000098_heading.xml,00000000985_lightTableData.bin
1,4,LN_PRICE,MONTHS_1TO9,0.1562223082202706,0.1040654013283279,0.08132290880026545,1.5011935400833838,0.1344445205309857,outputViewer0000000098_heading.xml,00000000985_lightTableData.bin
1,4,LN_PRICE,MONTHS_10TO16,-0.14572053678716418,0.17508675259303513,-0.04079032738883738,-0.8322761981077538,0.40597260668725865,outputViewer0000000098_heading.xml,00000000985_lightTableData.bin
1,4,LN_PRICE,MONTHS_17TO24,-0.02179151320267238,0.02216012308946506,-0.05509830101837102,-0.9833660722323372,0.3262916625291743,outputViewer0000000098_heading.xml,00000000985_lightTableData.bin
1,5,LN_PRICE,(Constant),10.733515691295485,0.26010495769822845,-0.01956211599823352,41.266094219351324,4.2043702842648306e-119,outputViewer0000000098_heading.xml,00000000985_lightTableData.bin
1,5,LN_PRICE,LN_LANDRATIO,0.6327450591264652,0.1620247925311811,0.26137740156691325,3.9052360397541976,0.00011890568683414079,outputViewer0000000098_heading.xml,00000000985_lightTableData.bin
1,5,LN_PRICE,LN_BASE_BLDGSIZE_RATIO,-0.4152828482395389,0.4844580691394313,-0.1462838996960984,-0.8572111286684274,0.3920884268723521,outputViewer0000000098_heading.xml,00000000985_lightTableData.bin
1,5,LN_PRICE,ARTERIAL,-0.2494677571494306,0.13173285399878357,-0.08369928782339951,-1.8937398650129769,0.059332439501325364,outputViewer0000000098_heading.xml,00000000985_lightTableData.bin
1,5,LN_PRICE,ROW_HOUSE2STORY,-0.2454937937696959,0.12565338793121247,-0.08236597762523701,-1.9537379597284612,0.0517034626443407,outputViewer0000000098_heading.xml,00000000985_lightTableData.bin
1,5,LN_PRICE,LARGE,-1.6128602226546824,0.7093065912907677,-0.09581589414134316,-2.273854835776535,0.02372103627428586,outputViewer0000000098_heading.xml,00000000985_lightTableData.bin
1,5,LN_PRICE,LARGEST,0.5898023230042698,0.15454029925213145,0.29390365844255695,3.816495282191808,0.00016628443773275133,outputViewer0000000098_heading.xml,00000000985_lightTableData.bin
1,5,LN_PRICE,TWO_BATHS,0.6525601035566045,0.1777279478948426,0.33888797590554276,3.6716797289681695,0.0002881845488454211,outputViewer0000000098_heading.xml,00000000985_lightTableData.bin
1,5,LN_PRICE,THREE_PLUS_BATHS,0.36709752142701585,0.1327327961818655,0.17653218778216698,2.7656881493254506,0.006056584172826892,outputViewer0000000098_heading.xml,00000000985_lightTableData.bin
1,5,LN_PRICE,EXCELLENT,0.6051996642379499,0.21523444280746531,0.18457437936779914,2.8118160659784457,0.005275677270369526,outputViewer0000000098_heading.xml,00000000985_lightTableData.bin
1,5,LN_PRICE,GOOD,1.1997117019003496,0.4419416083745368,0.123043614328399,2.7146384933360195,0.0070497838562489975,outputViewer0000000098_heading.xml,00000000985_lightTableData.bin
1,5,LN_PRICE,FAIR,0.5531882346009949,0.1523726578840547,0.1606037940690107,3.630495407003622,0.00033686900579843053,outputViewer0000000098_heading.xml,00000000985_lightTableData.bin
1,5,LN_PRICE,POOR,-0.37932349434361423,0.0939529124266309,-0.17770804669137288,-4.037378773540768,7.0079432834375e-05,outputViewer0000000098_heading.xml,00000000985_lightTableData.bin
1,5,LN_PRICE,UNSOUND,-0.12500813614741885,0.14079363059779373,-0.03870730575674904,-0.8878820413725289,0.37538010414303025,outputViewer0000000098_heading.xml,00000000985_lightTableData.bin
1,5,LN_PRICE,QBEST,-1.9521363485606054,0.49464893529066356,-0.16374102206204472,-3.9465087444563065,0.00010084228051083092,outputViewer0000000098_heading.xml,00000000985_lightTableData.bin
1,5,LN_PRICE,QABOVE_AVG,0.6330750911780451,0.3827748139536288,0.0835474464097888,1.6539099964260942,0.09929512323257128,outputViewer0000000098_heading.xml,00000000985_lightTableData.bin
1,5,LN_PRICE,QBELOW_AVG,0.380832425138921,0.14399576276604054,0.17069238567230077,2.644747441337456,0.008650449240231605,outputViewer0000000098_heading.xml,00000000985_lightTableData.bin
1,5,LN_PRICE,QPOOR,0.04829246119210118,0.2167120075316981,0.01119186323248474,0.22284164934902154,0.8238266176477116,outputViewer0000000098_heading.xml,00000000985_lightTableData.bin
1,5,LN_PRICE,EXT_BRICK,-1.971345443181557,1.0027839131035616,-0.11711258275624567,-1.965872624621939,0.05033792210016255,outputViewer0000000098_heading.xml,00000000985_lightTableData.bin
1,5,LN_PRICE,EXT_BRICK_SIDING,0.023976932300563355,0.11700387800369637,0.012353403455197228,0.2049242530218176,0.8377862800188421,outputViewer0000000098_heading.xml,00000000985_lightTableData.bin
1,5,LN_PRICE,YB_PRE_1910,-1.6166392420893243,0.723785935996749,-0.09604039600518836,-2.233587531461216,0.026275407644497734,outputViewer0000000098_heading.xml,00000000985_lightTableData.bin
1,5,LN_PRICE,YB_1946_TO_1960,-0.31742834893569816,0.11064519502940043,-0.13044968277825184,-2.8688850776696784,0.004425053417188109,outputViewer0000000098_heading.xml,00000000985_lightTableData.bin
1,5,LN_PRICE,CRAWL,0.43396619519103874,0.3551338234591682,0.051309091591917474,1.2219793399682595,0.2227287108361095,outputViewer0000000098_heading.xml,00000000985_lightTableData.bin
1,5,LN_PRICE,HOT_WATER,0.3647716802487819,0.4238145913180275,0.043128021858438226,0.8606869317886694,0.39014687952639393,outputViewer0000000098_heading.xml,00000000985_lightTableData.bin
1,5,LN_PRICE,CENTRAL_AIR,-0.2118432303150716,0.10037900368200965,-0.10600227001760183,-2.110433681790359,0.035711005435258625,outputViewer0000000098_heading.xml,00000000985_lightTableData.bin
1,5,LN_PRICE,MONTHS_1TO9,0.1597252097883388,0.1038104545952673,0.08314637529491396,1.53862354626102,0.12503362927701275,outputViewer0000000098_heading.xml,00000000985_lightTableData.bin
1,5,LN_PRICE,MONTHS_10TO16,-0.14193774437605713,0.17463397761707294,-0.039731442043675395,-0.8127727851866824,0.4170463366391244,outputViewer0000000098_heading.xml,00000000985_lightTableData.bin
1,5,LN_PRICE,MONTHS_17TO24,-0.021953681328048723,0.02212413174734002,-0.05550833166215738,-0.9922957239073668,0.3219224296575769,outputViewer0000000098_heading.xml,00000000985_lightTableData.bin
1,6,LN_PRICE,(Constant),10.745985834083793,0.2521642397442986,-0.018937259213907518,42.615026797536856,1.1942337347614569e-122,outputViewer0000000098_heading.xml,00000000985_lightTableData.bin
1,6,LN_PRICE,LN_LANDRATIO,0.6326862805849164,0.1617407729678109,0.2613531210415479,3.9117302890028323,0.0001158229728793365,outputViewer0000000098_heading.xml,00000000985_lightTableData.bin
1,6,LN_PRICE,LN_BASE_BLDGSIZE_RATIO,-0.4099145377525112,0.4829250152341253,-0.14439290565155527,-0.8488161201460683,0.3967327705548307,outputViewer0000000098_heading.xml,00000000985_lightTableData.bin
1,6,LN_PRICE,ARTERIAL,-0.2496479454086348,0.13147104775855134,-0.08375974304671921,-1.8988815382921205,0.058646022020299574,outputViewer0000000098_heading.xml,00000000985_lightTableData.bin
1,6,LN_PRICE,SINGLE_FAMILY1STORY,0.14525878324121172,0.10496106026236027,0.07253603744885008,1.3839302201990282,0.1675269945373244,outputViewer0000000098_heading.xml,00000000985_lightTableData.bin
1,6,LN_PRICE,ROW_HOUSE2STORY,-0.24985910636911446,0.12582409394390037,-0.08383058996581691,-1.9857810895941443,0.048005645711821074,outputViewer0000000098_heading.xml,00000000985_lightTableData.bin
1,6,LN_PRICE,LARGE,-1.607421411267942,0.7093894095492828,-0.09549278828953604,-2.2659224815454073,0.024206203618683787,outputViewer0000000098_heading.xml,00000000985_lightTableData.bin
1,6,LN_PRICE,LARGEST,0.5823253236789412,0.1543367585641827,0.29017780425349043,3.7730825054018133,0.0001962658646586034,outputViewer0000000098_heading.xml,00000000985_lightTableData.bin
1,6,LN_PRICE,TWO_BATHS,0.6486664617936336,0.17763502355133182,0.33686592710304497,3.6516811202278823,0.0003102902741237439,outputViewer0000000098_heading.xml,00000000985_lightTableData.bin
1,6,LN_PRICE,THREE_PLUS_BATHS,0.35827166882597516,0.13224935138111912,0.1722879557245708,2.7090618221143474,0.007160199522412401,outputViewer0000000098_heading.xml,00000000985_lightTableData.bin
1,6,LN_PRICE,EXCELLENT,0.6025653314878817,0.21499580790655556,0.18377095801593116,2.802684095820961,0.0054218019760152196,outputViewer0000000098_heading.xml,00000000985_lightTableData.bin
1,6,LN_PRICE,GOOD,1.2165470882121,0.440670646684221,0.12477026813791955,2.760671938024186,0.006150605748396036,outputViewer0000000098_heading.xml,00000000985_lightTableData.bin
1,6,LN_PRICE,FAIR,0.5490292559816621,0.15207171019853494,0.15939634296297167,3.6103313053090886,0.0003626672349818182,outputViewer0000000098_heading.xml,00000000985_lightTableData.bin
1,6,LN_PRICE,POOR,-0.3782353019123801,0.09378675066227035,-0.17719824291105712,-4.032928950427334,7.128035736543666e-05,outputViewer0000000098_heading.xml,00000000985_lightTableData.bin
1,6,LN_PRICE,UNSOUND,-0.1308770548783557,0.1399207485609944,-0.04052454772819951,-0.9353655996294475,0.3504175794238491,outputViewer0000000098_heading.xml,00000000985_lightTableData.bin
1,6,LN_PRICE,QBEST,-1.9512510919664081,0.4938373152620762,-0.16366676863214066,-3.9512022110578906,9.890583727258101e-05,outputViewer0000000098_heading.xml,00000000985_lightTableData.bin
1,6,LN_PRICE,QABOVE_AVG,0.624454381840223,0.3809035120142419,0.08240976422729158,1.6394030565327913,0.1022769459330605,outputViewer0000000098_heading.xml,00000000985_lightTableData.bin
1,6,LN_PRICE,QPOOR,0.04326978388489491,0.21511804803968324,0.010027848889551405,0.20114436830940774,0.8407360222098392,outputViewer0000000098_heading.xml,00000000985_lightTableData.bin
1,6,LN_PRICE,EXT_BRICK,-1.9395926249174302,0.9895014260755209,-0.11522622916481219,-1.9601716316974729,0.051000254706959264,outputViewer0000000098_heading.xml,00000000985_lightTableData.bin
1,6,LN_PRICE,EXT_BRICK_SIDING,0.02469016404003134,0.1164492993716364,0.012720874961737415,0.21202501151368142,0.8322474885270112,outputViewer0000000098_heading.xml,00000000985_lightTableData.bin
1,6,LN_PRICE,YB_PRE_1910,-0.2762651400084287,0.12869336809012188,-0.11353333751576568,-2.146692903514381,0.032711987838668355,outputViewer0000000098_heading.xml,00000000985_lightTableData.bin
1,6,LN_PRICE,CRAWL,0.44670884752818246,0.35497356871223623,0.052815692620144225,1.2584284772208283,0.20926676267957958,outputViewer0000000098_heading.xml,00000000985_lightTableData.bin
1,6,LN_PRICE,HOT_WATER,0.35614303693449045,0.42319632615776503,0.04210783214082192,0.8415551244689267,0.40075262086120744,outputViewer0000000098_heading.xml,00000000985_lightTableData.bin
1,6,LN_PRICE,CENTRAL_AIR,-0.21739359737410088,0.09995616239753535,-0.10877956673278585,-2.174889393107205,0.030475323848326727,outputViewer0000000098_heading.xml,00000000985_lightTableData.bin
1,6,LN_PRICE,MONTHS_1TO9,0.16465584626451418,0.1034079157716816,0.0857130618651438,1.5922944103047614,0.11245087650556591,outputViewer0000000098_heading.xml,00000000985_lightTableData.bin
1,6,LN_PRICE,MONTHS_10TO16,-0.12515207180422458,0.17246495255860275,-0.03503276953846137,-0.7256666931311654,0.46865356424416915,outputViewer0000000098_heading.xml,00000000985_lightTableData.bin
1,6,LN_PRICE,MONTHS_17TO24,-0.021913481865912385,0.02209211385489085,-0.05540669016324152,-0.9919142192480184,0.32210504295691744,outputViewer0000000098_heading.xml,00000000985_lightTableData.bin
1,7,LN_PRICE,(Constant),10.74873640073228,0.2515506626548332,-0.018862936356923078,42.729906919312015,3.507287428470912e-123,outputViewer0000000098_heading.xml,00000000985_lightTableData.bin
1,7,LN_PRICE,LN_LANDRATIO,0.6293401781054564,0.16060002704128326,0.25997089678101354,3.9186803993730366,0.00011261421739158595,outputViewer0000000098_heading.xml,00000000985_lightTableData.bin
1,7,LN_PRICE,LN_BASE_BLDGSIZE_RATIO,-0.4101862344370992,0.4820775481980033,-0.1444886111465559,-0.8508718897413238,0.3955889387110184,outputViewer0000000098_heading.xml,00000000985_lightTableData.bin
1,7,LN_PRICE,ARTERIAL,-0.24944829199156315,0.1312354600288256,-0.08369275704014523,-1.900768983754637,0.058393223831068486,outputViewer0000000098_heading.xml,00000000985_lightTableData.bin
1,7,LN_PRICE,HALF_DUPLEX2STORY,0.05838648735162759,0.7293604815406578,0.0034685916440795996,0.08005161895842702,0.9362557235870983,outputViewer0000000098_heading.xml,00000000985_lightTableData.bin
1,7,LN_PRICE,ROW_HOUSE2STORY,-0.27323563882631474,0.12495057884349199,-0.09167368416286077,-2.1867496841976104,0.029562460349307554,outputViewer0000000098_heading.xml,00000000985_lightTableData.bin
1,7,LN_PRICE,LARGE,-1.6308765246539965,0.7098677248269871,-0.09688619649050981,-2.2974372092370907,0.022315950369826837,outputViewer0000000098_heading.xml,00000000985_lightTableData.bin
1,7,LN_PRICE,LARGEST,0.5643380549601349,0.1533870834046955,0.28121459085867256,3.679175863010505,0.00027970828361205944,outputViewer0000000098_heading.xml,00000000985_lightTableData.bin
1,7,LN_PRICE,TWO_BATHS,0.6345317765696116,0.1770276041227839,0.32952549234535167,3.584366289731341,0.0003975796896969496,outputViewer0000000098_heading.xml,00000000985_lightTableData.bin
1,7,LN_PRICE,THREE_PLUS_BATHS,0.3753538497940041,0.13093079835658464,0.1805025434086682,2.866810975762504,0.004457747365846915,outputViewer0000000098_heading.xml,00000000985_lightTableData.bin
1,7,LN_PRICE,EXCELLENT,0.6011509343656203,0.2147721661874369,0.18333959381259882,2.7990169538122607,0.005480747903061299,outputViewer0000000098_heading.xml,00000000985_lightTableData.bin
1,7,LN_PRICE,GOOD,1.2463370519338115,0.4381011854351662,0.12782555617189068,2.84486117218748,0.004770958635792203,outputViewer0000000098_heading.xml,00000000985_lightTableData.bin
1,7,LN_PRICE,FAIR,0.5402912574267468,0.15128385054833846,0.15685949269626068,3.571374310400118,0.0004181009498210052,outputViewer0000000098_heading.xml,00000000985_lightTableData.bin
1,7,LN_PRICE,POOR,-0.3799431379874152,0.09364893320906618,-0.17799834155374397,-4.05710054528024,6.460646012090954e-05,outputViewer0000000098_heading.xml,00000000985_lightTableData.bin
1,7,LN_PRICE,UNSOUND,-0.1320065125309627,0.13969700043704314,-0.0408742710665845,-0.9449487971680087,0.34550852724494097,outputViewer0000000098_heading.xml,00000000985_lightTableData.bin
1,7,LN_PRICE,QBEST,-1.940125340006351,0.4924270964896497,-0.1627335643513578,-3.939924008725077,0.00010332426719166848,outputViewer0000000098_heading.xml,00000000985_lightTableData.bin
1,7,LN_PRICE,QABOVE_AVG,0.6155409050290498,0.37930568443178875,0.081233445277796,1.6228095973598404,0.10577589010372722,outputViewer0000000098_heading.xml,00000000985_lightTableData.bin
1,7,LN_PRICE,QPOOR,0.38140276642295956,0.1437146107707426,0.17094801756704933,2.6538899863938226,0.008423659315129436,outputViewer0000000098_heading.xml,00000000985_lightTableData.bin
1,7,LN_PRICE,EXT_BRICK_SIDING,0.02545016813900179,0.11618720803806892,0.013112444539717374,0.2190444935268864,0.8267802688637061,outputViewer0000000098_heading.xml,00000000985_lightTableData.bin
1,7,LN_PRICE,YB_PRE_1910,-0.2760785905589208,0.12843529415847194,-0.11345667354862993,-2.1495539241594823,0.032479138061158715,outputViewer0000000098_heading.xml,00000000985_lightTableData.bin
1,7,LN_PRICE,YB_1930_TO_1945,0.04028351320748624,0.1354312129805252,0.013351016195430826,0.2974463000141551,0.7663553755292825,outputViewer0000000098_heading.xml,00000000985_lightTableData.bin
1,7,LN_PRICE,CRAWL,0.9804724783670237,0.6918576750902354,0.05824735824973537,1.4171592130406672,0.15752480335731706,outputViewer0000000098_heading.xml,00000000985_lightTableData.bin
1,7,LN_PRICE,HOT_WATER,-0.6344162480426324,0.2522351668469005,-0.11158422048519055,-2.5151776255993075,0.012453433454413614,outputViewer0000000098_heading.xml,00000000985_lightTableData.bin
1,7,LN_PRICE,CENTRAL_AIR,-0.22835017546618716,0.09849387393626714,-0.11426202726578899,-2.318420083810966,0.021144300484340652,outputViewer0000000098_heading.xml,00000000985_lightTableData.bin
1,7,LN_PRICE,MONTHS_10TO16,-0.11767880339412713,0.17187742374682413,-0.032940840206923366,-0.6846670192559338,0.49412242856869737,outputViewer0000000098_heading.xml,00000000985_lightTableData.bin
1,7,LN_PRICE,MONTHS_17TO24,-0.022286887199657792,0.02206089013137972,-0.056350819159205257,-1.0102442406871248,0.3132567603112683,outputViewer0000000098_heading.xml,00000000985_lightTableData.bin
1,8,LN_PRICE,(Constant),10.740054606564291,0.24973383051899156,-0.019659002099104494,43.006005971415796,4.1852956865304725e-124,outputViewer0000000098_heading.xml,00000000985_lightTableData.bin
1,8,LN_PRICE,LN_LANDRATIO,0.6360203859197835,0.1585662647306979,0.262730389463337,4.011069990202349,7.801983060188867e-05,outputViewer0000000098_heading.xml,00000000985_lightTableData.bin
1,8,LN_PRICE,LN_BASE_BLDGSIZE_RATIO,-0.40780623475555344,0.4810846242623152,-0.14365025329920467,-0.8476808739852677,0.397358278034067,outputViewer0000000098_heading.xml,00000000985_lightTableData.bin
1,8,LN_PRICE,ARTERIAL,-0.25185574829835633,0.13054536387762244,-0.08450048618577523,-1.9292584647774567,0.05473894584061881,outputViewer0000000098_heading.xml,00000000985_lightTableData.bin
1,8,LN_PRICE,HALF_DUPLEX2STORY,0.14517051522844793,0.10476197429223699,0.07249196017010309,1.3857176347544766,0.16697665618303223,outputViewer0000000098_heading.xml,00000000985_lightTableData.bin
1,8,LN_PRICE,ROW_HOUSE2STORY,-1.2094770322624544,0.9085537616230539,-0.07185193215249687,-1.331211297944358,0.18424658594552323,outputViewer0000000098_heading.xml,00000000985_lightTableData.bin
1,8,LN_PRICE,LARGE,-1.6906025741465804,0.7096009374749339,-0.1004343680898086,-2.382469476664551,0.017848155843979006,outputViewer0000000098_heading.xml,00000000985_lightTableData.bin
1,8,LN_PRICE,LARGEST,0.5301499663017897,0.1511159905333679,0.2641783671275338,3.5082320833858236,0.0005237201809013999,outputViewer0000000098_heading.xml,00000000985_lightTableData.bin
1,8,LN_PRICE,TWO_BATHS,0.6228678224160573,0.1766975566071036,0.3234681593999118,3.5250505687582145,0.0004931270691302461,outputViewer0000000098_heading.xml,00000000985_lightTableData.bin
1,8,LN_PRICE,THREE_PLUS_BATHS,0.3765159195601311,0.13091412499392044,0.18106136689887445,2.876052676345018,0.0043318359695571655,outputViewer0000000098_heading.xml,00000000985_lightTableData.bin
1,8,LN_PRICE,EXCELLENT,0.5933664464594616,0.21446183696630688,0.18096547315642728,2.766769392881227,0.006035722796079992,outputViewer0000000098_heading.xml,00000000985_lightTableData.bin
1,8,LN_PRICE,GOOD,1.2140079082991755,0.4349691273989428,0.12450984734397262,2.791020860627007,0.005614178207587697,outputViewer0000000098_heading.xml,00000000985_lightTableData.bin
1,8,LN_PRICE,FAIR,0.5381307241708818,0.15110738718101327,0.15623223814455375,3.561246966213828,0.0004335860976680566,outputViewer0000000098_heading.xml,00000000985_lightTableData.bin
1,8,LN_PRICE,POOR,-0.37722003291225165,0.09345015346529773,-0.1767226027949833,-4.03659083398221,7.011306847515369e-05,outputViewer0000000098_heading.xml,00000000985_lightTableData.bin
1,8,LN_PRICE,UNSOUND,-0.1344499289579159,0.13949610294891215,-0.04163084635555295,-0.9638256991821176,0.3359709549025912,outputViewer0000000098_heading.xml,00000000985_lightTableData.bin
1,8,LN_PRICE,QBEST,-1.9408137885780146,0.49171608803244854,-0.16279130994522706,-3.9470211282774614,0.00010038582387904503,outputViewer0000000098_heading.xml,00000000985_lightTableData.bin
1,8,LN_PRICE,QABOVE_AVG,0.6319302045819937,0.3768204168088186,0.08339635477332763,1.677006277774503,0.09467340352780466,outputViewer0000000098_heading.xml,00000000985_lightTableData.bin
1,8,LN_PRICE,QPOOR,0.3781097529068961,0.14299581411868903,0.16947206043734073,2.6442015469981404,0.008660542767482663,outputViewer0000000098_heading.xml,00000000985_lightTableData.bin
1,8,LN_PRICE,EXT_BRICK_SIDING,-1.951674235332929,0.9862325149779724,-0.11594396668996673,-1.978918972648676,0.04883358574516341,outputViewer0000000098_heading.xml,00000000985_lightTableData.bin
1,8,LN_PRICE,YB_PRE_1910,-0.2753594054333878,0.12816266601617893,-0.11316111875083328,-2.1485149614367973,0.032559035921936014,outputViewer0000000098_heading.xml,00000000985_lightTableData.bin
1,8,LN_PRICE,YB_1930_TO_1945,0.04019824908802237,0.13517761123638555,0.013322757422816134,0.29737357185375585,0.7664099838152179,outputViewer0000000098_heading.xml,00000000985_lightTableData.bin
1,8,LN_PRICE,YB_1946_TO_1960,1.0535114306619087,0.7228200304908714,0.06258641530066972,1.4575017102756032,0.14614433999839965,outputViewer0000000098_heading.xml,00000000985_lightTableData.bin
1,8,LN_PRICE,CRAWL,0.970240237565276,0.6928681485114354,0.057639487035777794,1.4003244912466382,0.1624963128495873,outputViewer0000000098_heading.xml,00000000985_lightTableData.bin
1,8,LN_PRICE,HOT_WATER,-0.6255726276818492,0.2519935890294783,-0.1100287614513629,-2.4824942177742044,0.013626560205808769,outputViewer0000000098_heading.xml,00000000985_lightTableData.bin
1,8,LN_PRICE,CENTRAL_AIR,-0.23609471011758276,0.09801226691451713,-0.11813724316037735,-2.40882817579861,0.016645164289853787,outputViewer0000000098_heading.xml,00000000985_lightTableData.bin
1,8,LN_PRICE,MONTHS_10TO16,0.18375615370057946,0.09947929894888927,0.09565589638971153,1.8471798217535709,0.06577596522065665,outputViewer0000000098_heading.xml,00000000985_lightTableData.bin
1,8,LN_PRICE,MONTHS_17TO24,-0.022043673156515793,0.02203391124935102,-0.05573586964026641,-1.0004430401418205,0.3179630344379824,outputViewer0000000098_heading.xml,00000000985_lightTableData.bin
1,9,LN_PRICE,(Constant),10.771747844338906,0.23821362138793098,0.21965704537580966,45.218857685711896,1.250956512037687e-129,outputViewer0000000098_heading.xml,00000000985_lightTableData.bin
1,9,LN_PRICE,LN_LANDRATIO,0.6333538664054007,0.15809822894554765,0.2616288906339996,4.006078187147442,7.952169272287299e-05,outputViewer0000000098_heading.xml,00000000985_lightTableData.bin
1,9,LN_PRICE,LN_BASE_BLDGSIZE_RATIO,-0.41037767058434593,0.48018870813305914,-0.14455604476747416,-0.8546174944010372,0.39350954309058395,outputViewer0000000098_heading.xml,00000000985_lightTableData.bin
1,9,LN_PRICE,ARTERIAL,-0.25310478514845514,0.13016823031460412,-0.08491955234491752,-1.9444436214330114,0.052868961876196635,outputViewer0000000098_heading.xml,00000000985_lightTableData.bin
1,9,LN_PRICE,HALF_DUPLEX2STORY,0.14660554276347962,0.104352988015505,0.07320855168146347,1.404900286532252,0.161196134941964,outputViewer0000000098_heading.xml,00000000985_lightTableData.bin
1,9,LN_PRICE,ROW_HOUSE2STORY,-1.2127150489087803,0.9059813045270506,-0.0720442944265826,-1.3385652031107351,0.18183827895082869,outputViewer0000000098_heading.xml,00000000985_lightTableData.bin
1,9,LN_PRICE,SMALLEST,-0.5738058870565211,0.6227815441349474,-0.05885009719794482,-0.9213598130200629,0.3576881717824427,outputViewer0000000098_heading.xml,00000000985_lightTableData.bin
1,9,LN_PRICE,LARGE,-1.7191109491561782,0.7104911516601059,-0.10212797761882614,-2.4196092310782067,0.016156502339436597,outputViewer0000000098_heading.xml,00000000985_lightTableData.bin
1,9,LN_PRICE,LARGEST,0.47940681235392496,0.14671827398419277,0.23889260950246022,3.2675330709354964,0.0012167217757324902,outputViewer0000000098_heading.xml,00000000985_lightTableData.bin
1,9,LN_PRICE,TWO_BATHS,0.5807617885805204,0.17367768303584247,0.3016016240383953,3.3439056672621925,0.0009362596155426406,outputViewer0000000098_heading.xml,00000000985_lightTableData.bin
1,9,LN_PRICE,THREE_PLUS_BATHS,0.36126407367549507,0.13010918446576622,0.17372696237534369,2.7766223818776554,0.005856635846947424,outputViewer0000000098_heading.xml,00000000985_lightTableData.bin
1,9,LN_PRICE,EXCELLENT,0.6233247083829997,0.21196783926088042,0.19010217287425948,2.9406569909685207,0.0035456558002265773,outputViewer0000000098_heading.xml,00000000985_lightTableData.bin
1,9,LN_PRICE,GOOD,1.2028216362880428,0.43454099250161105,0.1233625722636928,2.7680280043627494,0.006013087381858745,outputViewer0000000098_heading.xml,00000000985_lightTableData.bin
1,9,LN_PRICE,FAIR,0.5300399982834971,0.15046843379898098,0.15388330663623348,3.522599291434153,0.000498564647849006,outputViewer0000000098_heading.xml,00000000985_lightTableData.bin
1,9,LN_PRICE,POOR,-0.3768595478064214,0.09335998022203343,-0.1765537202844779,-4.036628402342791,7.0040517702317e-05,outputViewer0000000098_heading.xml,00000000985_lightTableData.bin
1,9,LN_PRICE,UNSOUND,-0.13322964458812822,0.1393333096362794,-0.04125299958759656,-0.9561937840701236,0.3398021229221494,outputViewer0000000098_heading.xml,00000000985_lightTableData.bin
1,9,LN_PRICE,QBEST,-1.9413849252772575,0.49119203268232253,-0.16283921567012177,-3.952394982214307,9.819389976643799e-05,outputViewer0000000098_heading.xml,00000000985_lightTableData.bin
1,9,LN_PRICE,QABOVE_AVG,0.6125508115061661,0.3738226983925475,0.08083884014825518,1.638613209257113,0.10242913795874783,outputViewer0000000098_heading.xml,00000000985_lightTableData.bin
1,9,LN_PRICE,QPOOR,0.37548542413777136,0.1425374905553195,0.16829581359274248,2.6342923723077867,0.00890908983012696,outputViewer0000000098_heading.xml,00000000985_lightTableData.bin
1,9,LN_PRICE,EXT_BRICK_SIDING,-1.9604219396918166,0.9835401266690906,-0.11646364539681174,-1.993230257245412,0.0472313959436474,outputViewer0000000098_heading.xml,00000000985_lightTableData.bin
1,9,LN_PRICE,YB_PRE_1910,-0.2875971074261205,0.11514254604399508,-0.11819029887365255,-2.4977483763146235,0.013089539894866463,outputViewer0000000098_heading.xml,00000000985_lightTableData.bin
1,9,LN_PRICE,YB_1930_TO_1945,0.04061591389122896,0.13492423916216295,0.01346118252797395,0.3010275554892212,0.7636243145056929,outputViewer0000000098_heading.xml,00000000985_lightTableData.bin
1,9,LN_PRICE,YB_1946_TO_1960,1.0521719050505047,0.7212954701525648,0.06250683751557767,1.4587252361753424,0.1458030618499517,outputViewer0000000098_heading.xml,00000000985_lightTableData.bin
1,9,LN_PRICE,YB_1961_TO_1990,0.4234211837619354,0.37191276367385784,0.05006232407119965,1.1384959730321247,0.2559263526410898,outputViewer0000000098_heading.xml,00000000985_lightTableData.bin
1,9,LN_PRICE,CRAWL,-0.32423986942808397,0.11072247222720395,-0.13324893083044548,-2.928401641563237,0.003679211961482743,outputViewer0000000098_heading.xml,00000000985_lightTableData.bin
1,9,LN_PRICE,HOT_WATER,-0.5974567704837156,0.25031765947856915,-0.10508360751117592,-2.3867943305648662,0.017650610338420997,outputViewer0000000098_heading.xml,00000000985_lightTableData.bin
1,9,LN_PRICE,CENTRAL_AIR,-0.22604639740262703,0.09738887487308893,-0.11310926111890326,-2.3210700164387,0.020993602806438298,outputViewer0000000098_heading.xml,00000000985_lightTableData.bin
1,9,LN_PRICE,MONTHS_10TO16,0.19544123031757143,0.09782114601846453,0.10173866671152688,1.9979445986114324,0.04668632912483893,outputViewer0000000098_heading.xml,00000000985_lightTableData.bin
1,9,LN_PRICE,MONTHS_17TO24,-0.02131915743494277,0.021987598208268774,-0.053903982843397376,-0.9695991910078371,0.333083110097552,outputViewer0000000098_heading.xml,00000000985_lightTableData.bin
1,10,LN_PRICE,(Constant),10.772899647381102,0.2378571352822345,0.21750087172807717,45.29147143136272,4.525941118542012e-130,outputViewer0000000098_heading.xml,00000000985_lightTableData.bin
1,10,LN_PRICE,LN_LANDRATIO,0.6278251923404428,0.15733951206891947,0.25934507910459137,3.990257654195828,8.463022451407275e-05,outputViewer0000000098_heading.xml,00000000985_lightTableData.bin
1,10,LN_PRICE,LN_BASE_BLDGSIZE_RATIO,-0.4135241132194534,0.4793114112844345,-0.1456643830982884,-0.8627462302875544,0.38902876306482037,outputViewer0000000098_heading.xml,00000000985_lightTableData.bin
1,10,LN_PRICE,ARTERIAL,-0.25052983522838373,0.12962737341576858,-0.08405562717497342,-1.9326923675667713,0.054304581253867626,outputViewer0000000098_heading.xml,00000000985_lightTableData.bin
1,10,LN_PRICE,HALF_DUPLEX2STORY,0.14565281935936564,0.10407968293686139,0.07273280227081026,1.39943565592647,0.16282177254317412,outputViewer0000000098_heading.xml,00000000985_lightTableData.bin
1,10,LN_PRICE,ROW_HOUSE2STORY,-1.2110717191813285,0.9043476957504748,-0.0719466684172154,-1.3391660363288902,0.18163874169901847,outputViewer0000000098_heading.xml,00000000985_lightTableData.bin
1,10,LN_PRICE,SMALLEST,-0.5779246204599782,0.6195095558037644,-0.05927251855435379,-0.9328744246893285,0.35171826686865915,outputViewer0000000098_heading.xml,00000000985_lightTableData.bin
1,10,LN_PRICE,SMALL,-0.3425629180911586,0.6141004416888262,-0.02873344496154768,-0.5578288091587797,0.5774252195248044,outputViewer0000000098_heading.xml,00000000985_lightTableData.bin
1,10,LN_PRICE,LARGE,-1.7099803748193712,0.7116921414052269,-0.10158555358739631,-2.4026967214265387,0.016905244334197354,outputViewer0000000098_heading.xml,00000000985_lightTableData.bin
1,10,LN_PRICE,LARGEST,0.4872104724054843,0.14685678342998765,0.24278124158975486,3.317589157451188,0.0010245778263797771,outputViewer0000000098_heading.xml,00000000985_lightTableData.bin
1,10,LN_PRICE,TWO_BATHS,0.5265402717044381,0.1693542402884692,0.27344326742953173,3.109105923817182,0.002065035136553357,outputViewer0000000098_heading.xml,00000000985_lightTableData.bin
1,10,LN_PRICE,THREE_PLUS_BATHS,0.3613597958753331,0.13024185191637105,0.17377299387479658,2.7745290055255363,0.005892149298042054,outputViewer0000000098_heading.xml,00000000985_lightTableData.bin
1,10,LN_PRICE,EXCELLENT,0.6063169790445774,0.21123112484333906,0.18491513911896554,2.870396015238078,0.0044078369120341765,outputViewer0000000098_heading.xml,00000000985_lightTableData.bin
1,10,LN_PRICE,GOOD,1.2016254297305693,0.4344328885825382,0.12323988814043073,2.7659633082827053,0.006048916391680164,outputViewer0000000098_heading.xml,00000000985_lightTableData.bin
1,10,LN_PRICE,FAIR,0.5466398775533265,0.14909272483209188,0.15870264917656257,3.6664423308981173,0.00029387232128621154,outputViewer0000000098_heading.xml,00000000985_lightTableData.bin
1,10,LN_PRICE,POOR,-0.3793118364887853,0.09319477803543107,-0.17770258514037182,-4.070097536415371,6.113053918525823e-05,outputViewer0000000098_heading.xml,00000000985_lightTableData.bin
1,10,LN_PRICE,UNSOUND,-0.13390165678820726,0.13919761770571684,-0.04146108029739972,-0.961953652621369,0.3369028719866407,outputViewer0000000098_heading.xml,00000000985_lightTableData.bin
1,10,LN_PRICE,QBEST,-1.9378000365193877,0.4906329962087846,-0.16253852286778495,-3.9495917549230093,9.920713201927152e-05,outputViewer0000000098_heading.xml,00000000985_lightTableData.bin
1,10,LN_PRICE,QABOVE_AVG,0.5558041194905347,0.362743903893585,0.07334993199790213,1.5322218058655122,0.12660487373242224,outputViewer0000000098_heading.xml,00000000985_lightTableData.bin
1,10,LN_PRICE,QPOOR,0.3772559731265602,0.14226705688850783,0.16908938895790684,2.651745114979141,0.008470822250887427,outputViewer0000000098_heading.xml,00000000985_lightTableData.bin
1,10,LN_PRICE,EXT_BRICK_SIDING,-1.9867160418578496,0.9774386407509115,-0.1180257106485268,-2.032573666549101,0.04305980743672759,outputViewer0000000098_heading.xml,00000000985_lightTableData.bin
1,10,LN_PRICE,YB_PRE_1910,-0.28813254785817766,0.1149092953796362,-0.1184103423409191,-2.507478154019204,0.01274055106027403,outputViewer0000000098_heading.xml,00000000985_lightTableData.bin
1,10,LN_PRICE,YB_1930_TO_1945,0.03819439310726804,0.13423505290939328,0.0126586268263966,0.28453367640901295,0.7762179314988085,outputViewer0000000098_heading.xml,00000000985_lightTableData.bin
1,10,LN_PRICE,YB_1946_TO_1960,1.052424651048412,0.7200208828886518,0.0625218525078504,1.4616585102729098,0.14499338010224863,outputViewer0000000098_heading.xml,00000000985_lightTableData.bin
1,10,LN_PRICE,YB_1961_TO_1990,0.4232718864586268,0.3712231515420004,0.050044672214684616,1.1402087523378444,0.25520976933984096,outputViewer0000000098_heading.xml,00000000985_lightTableData.bin
1,10,LN_PRICE,YB_POST_1990,-0.504406539551713,0.4570796283062798,-0.059637459378668704,-1.1035419395539554,0.27077810130958674,outputViewer0000000098_heading.xml,00000000985_lightTableData.bin
1,10,LN_PRICE,CRAWL,-0.33679579816706046,0.11055737559867719,-0.13840888874371177,-3.0463440032226146,0.002530265629111275,outputViewer0000000098_heading.xml,00000000985_lightTableData.bin
1,10,LN_PRICE,HOT_WATER,-0.5873802468892756,0.25016615469325676,-0.1033112994500957,-2.3479604889378285,0.019560255393381378,outputViewer0000000098_heading.xml,00000000985_lightTableData.bin
1,10,LN_PRICE,CENTRAL_AIR,-0.21552190555830625,0.09678085473760445,-0.10784300821754554,-2.2269064077046705,0.026737575018909877,outputViewer0000000098_heading.xml,00000000985_lightTableData.bin
1,10,LN_PRICE,MONTHS_10TO16,0.19465659405419947,0.0977660840903996,0.10133021734207058,1.9910441935488576,0.047440808099960666,outputViewer0000000098_heading.xml,00000000985_lightTableData.bin
1,10,LN_PRICE,MONTHS_17TO24,-0.020586788963899247,0.02193828256351355,-0.05205224092448504,-0.938395651724259,0.3488469924352775,outputViewer0000000098_heading.xml,00000000985_lightTableData.bin
1,11,LN_PRICE,(Constant),10.8590414406549,0.19579732708519498,0.2199692006194,55.46062146154801,2.340388201410649e-152,outputViewer0000000098_heading.xml,00000000985_lightTableData.bin
1,11,LN_PRICE,LN_LANDRATIO,0.6246732940150165,0.15695796070977794,0.25804307763904005,3.979876466221834,8.812547739503038e-05,outputViewer0000000098_heading.xml,00000000985_lightTableData.bin
1,11,LN_PRICE,LN_BASE_BLDGSIZE_RATIO,-0.3095003206005955,0.4129032714424007,-0.10902187279483508,-0.7495710061085585,0.454151535505137,outputViewer0000000098_heading.xml,00000000985_lightTableData.bin
1,11,LN_PRICE,ARTERIAL,-0.2455182096968025,0.1285055814732341,-0.08237416944823538,-1.9105645597809342,0.05710043349746617,outputViewer0000000098_heading.xml,00000000985_lightTableData.bin
1,11,LN_PRICE,HALF_DUPLEX2STORY,0.14722272930623836,0.10360407233520824,0.0735167483025527,1.4210129581576978,0.15645420165538235,outputViewer0000000098_heading.xml,00000000985_lightTableData.bin
1,11,LN_PRICE,ROW_HOUSE2STORY,-1.2289343158176007,0.8990859087906677,-0.07300783952451291,-1.36687084493472,0.17279445643467084,outputViewer0000000098_heading.xml,00000000985_lightTableData.bin
1,11,LN_PRICE,SMALLEST,-0.5789093502587979,0.6183978796199878,-0.05937351341286166,-0.9361438150702326,0.3500326123503329,outputViewer0000000098_heading.xml,00000000985_lightTableData.bin
1,11,LN_PRICE,SMALL,-0.34684402005179393,0.6106406943209547,-0.029092534638405103,-0.5680001730600215,0.5705068894738657,outputViewer0000000098_heading.xml,00000000985_lightTableData.bin
1,11,LN_PRICE,LARGE,0.6547199437307842,0.20239090017337721,0.32625267689288073,3.234927771801605,0.0013688249441749104,outputViewer0000000098_heading.xml,00000000985_lightTableData.bin
1,11,LN_PRICE,LARGEST,0.49265324054999077,0.14706061302274262,0.2454934205814837,3.350001271066393,0.0009154941488295555,outputViewer0000000098_heading.xml,00000000985_lightTableData.bin
1,11,LN_PRICE,TWO_BATHS,0.5250763337562125,0.1696332971226727,0.27268301413574086,3.09536124488871,0.002159194760188563,outputViewer0000000098_heading.xml,00000000985_lightTableData.bin
1,11,LN_PRICE,THREE_PLUS_BATHS,0.34995169302223517,0.13017219908069436,0.1682869929144176,2.688375056223015,0.007599691616463496,outputViewer0000000098_heading.xml,00000000985_lightTableData.bin
1,11,LN_PRICE,EXCELLENT,0.5928536352831754,0.21086457170605377,0.18080907550753716,2.811537426541317,0.005272643133453455,outputViewer0000000098_heading.xml,00000000985_lightTableData.bin
1,11,LN_PRICE,GOOD,1.2073623620255167,0.43435573164057534,0.1238282735697047,2.7796625532378054,0.00580484276784317,outputViewer0000000098_heading.xml,00000000985_lightTableData.bin
1,11,LN_PRICE,FAIR,0.5489070795344961,0.1490362878797041,0.15936087221407755,3.683043152400247,0.00027602717087259746,outputViewer0000000098_heading.xml,00000000985_lightTableData.bin
1,11,LN_PRICE,POOR,-0.3768201897783075,0.09309953256322265,-0.17653528156817894,-4.047498192565188,6.69207162600504e-05,outputViewer0000000098_heading.xml,00000000985_lightTableData.bin
1,11,LN_PRICE,UNSOUND,-0.13523478451287857,0.13904522005851874,-0.041873867689020364,-0.97259570991339,0.3315907407869143,outputViewer0000000098_heading.xml,00000000985_lightTableData.bin
1,11,LN_PRICE,QBEST,-1.9363778425177567,0.49016295456967424,-0.16241923227644417,-3.950477743096169,9.877929703145455e-05,outputViewer0000000098_heading.xml,00000000985_lightTableData.bin
1,11,LN_PRICE,QABOVE_AVG,0.5539477030958264,0.3623432551250373,0.07310493918202222,1.5287926441591146,0.12744878909997193,outputViewer0000000098_heading.xml,00000000985_lightTableData.bin
1,11,LN_PRICE,QPOOR,0.36763998935383246,0.14045720102220743,0.1647794218899654,2.6174520542788375,0.00934579534621176,outputViewer0000000098_heading.xml,00000000985_lightTableData.bin
1,11,LN_PRICE,EXT_BRICK_SIDING,-2.0012694874769097,0.9748337093768081,-0.11889029357099014,-2.0529342268603754,0.04102500119205109,outputViewer0000000098_heading.xml,00000000985_lightTableData.bin
1,11,LN_PRICE,YB_1930_TO_1945,0.03767468412289812,0.13397411571579526,0.012486381594668791,0.28120867916619774,0.7787633657028358,outputViewer0000000098_heading.xml,00000000985_lightTableData.bin
1,11,LN_PRICE,YB_1946_TO_1960,1.0656829258749945,0.7162155689889809,0.06330949265138976,1.487935995833386,0.13792615737348202,outputViewer0000000098_heading.xml,00000000985_lightTableData.bin
1,11,LN_PRICE,YB_1961_TO_1990,0.4286869927981227,0.36966737985389186,0.050684916063703456,1.1596559939033786,0.24720958886708644,outputViewer0000000098_heading.xml,00000000985_lightTableData.bin
1,11,LN_PRICE,YB_POST_1990,-0.5030870409223891,0.45594107969348696,-0.0594814511992814,-1.1034036267593976,0.270834377219017,outputViewer0000000098_heading.xml,00000000985_lightTableData.bin
1,11,LN_PRICE,CRAWL,-0.6580580110631076,0.2945648889130852,-0.11574244894430474,-2.2340001671321907,0.026305032068740256,outputViewer0000000098_heading.xml,00000000985_lightTableData.bin
1,11,LN_PRICE,HOT_WATER,-0.5892265185659844,0.2504169760482995,-0.10363603070735,-2.3529815265093554,0.019300832341294667,outputViewer0000000098_heading.xml,00000000985_lightTableData.bin
1,11,LN_PRICE,CENTRAL_AIR,-0.21684461407527234,0.09678642966141673,-0.10850486606951225,-2.2404443973586927,0.02583258208370382,outputViewer0000000098_heading.xml,00000000985_lightTableData.bin
1,11,LN_PRICE,MONTHS_10TO16,0.20229998598311097,0.0973949233542703,0.10530905283516247,2.0771101718233558,0.038693319495984195,outputViewer0000000098_heading.xml,00000000985_lightTableData.bin
1,11,LN_PRICE,MONTHS_17TO24,-0.020533973186621667,0.021926840148854026,-0.05191869996439226,-0.9364766216756883,0.3498291271785128,outputViewer0000000098_heading.xml,00000000985_lightTableData.bin
1,12,LN_PRICE,(Constant),10.836172497351075,0.1922414995498184,0.22185069178536268,56.367498811269606,1.669054512926262e-154,outputViewer0000000098_heading.xml,00000000985_lightTableData.bin
1,12,LN_PRICE,LN_BASE_BLDGSIZE_RATIO,-0.2495274523916882,0.39033265559535396,-0.0878963553920582,-0.639268707895057,0.5231764306450362,outputViewer0000000098_heading.xml,00000000985_lightTableData.bin
1,12,LN_PRICE,ARTERIAL,-0.23775267093260913,0.12703725571013552,-0.07976874231185938,-1.8715192610512312,0.0623308662091013,outputViewer0000000098_heading.xml,00000000985_lightTableData.bin
1,12,LN_PRICE,HALF_DUPLEX2STORY,0.14679887210669773,0.10341887141226656,0.07330509210515919,1.4194592350703785,0.15690182104997424,outputViewer0000000098_heading.xml,00000000985_lightTableData.bin
1,12,LN_PRICE,ROW_HOUSE2STORY,-1.2247588232472006,0.8972652080490636,-0.07275978420732311,-1.3649908770119494,0.1733797743910553,outputViewer0000000098_heading.xml,00000000985_lightTableData.bin
1,12,LN_PRICE,SMALLEST,-0.5767093438096237,0.6172332885152045,-0.059147878583574426,-0.9343458211674489,0.35095425262166435,outputViewer0000000098_heading.xml,00000000985_lightTableData.bin
1,12,LN_PRICE,SMALL,-0.34781253335720014,0.609545009436567,-0.029173771463191875,-0.5706100910885985,0.5687367935924124,outputViewer0000000098_heading.xml,00000000985_lightTableData.bin
1,12,LN_PRICE,LARGE,0.6566578473011823,0.20056783929638167,0.3272183511990579,3.273993725039988,0.0011987011658397826,outputViewer0000000098_heading.xml,00000000985_lightTableData.bin
1,12,LN_PRICE,LARGEST,0.7640853403183863,0.26748844812297146,0.3968053409767408,2.856517153096332,0.004617446805143225,outputViewer0000000098_heading.xml,00000000985_lightTableData.bin
1,12,LN_PRICE,TWO_BATHS,0.5227869585466407,0.1699193181356937,0.27149409417782183,3.076677591944872,0.002293832091708185,outputViewer0000000098_heading.xml,00000000985_lightTableData.bin
1,12,LN_PRICE,THREE_PLUS_BATHS,0.3466646386786569,0.13036797575697803,0.16670629334342874,2.659124195691145,0.008272823777095898,outputViewer0000000098_heading.xml,00000000985_lightTableData.bin
1,12,LN_PRICE,EXCELLENT,0.5649017510177501,0.20990530531143772,0.1722842827898351,2.6912218830276924,0.007538230050021621,outputViewer0000000098_heading.xml,00000000985_lightTableData.bin
1,12,LN_PRICE,GOOD,1.2238323876496342,0.43412953153820355,0.1255174556270796,2.8190489214437062,0.005154134262159069,outputViewer0000000098_heading.xml,00000000985_lightTableData.bin
1,12,LN_PRICE,FAIR,0.5435164862053551,0.14892096259005902,0.15779585385903677,3.6496976433164465,0.00031240026040920706,outputViewer0000000098_heading.xml,00000000985_lightTableData.bin
1,12,LN_PRICE,POOR,-0.3780035527945225,0.09306805472774524,-0.17708967151046887,-4.061582181988306,6.316258899537759e-05,outputViewer0000000098_heading.xml,00000000985_lightTableData.bin
1,12,LN_PRICE,UNSOUND,-0.13570320493891083,0.13897215298355348,-0.042018908589652265,-0.9764776757468131,0.3296647133667512,outputViewer0000000098_heading.xml,00000000985_lightTableData.bin
1,12,LN_PRICE,QBEST,-1.9443005772170698,0.48953261260217534,-0.16308377431939547,-3.971748821558349,9.071466247838244e-05,outputViewer0000000098_heading.xml,00000000985_lightTableData.bin
1,12,LN_PRICE,QABOVE_AVG,0.5543607900835341,0.36199886153443506,0.0731594546154187,1.531388214133377,0.1268024859197478,outputViewer0000000098_heading.xml,00000000985_lightTableData.bin
1,12,LN_PRICE,QPOOR,0.34663871280287445,0.13641591154616323,0.1553664681601481,2.541043114941703,0.011596044002822927,outputViewer0000000098_heading.xml,00000000985_lightTableData.bin
1,12,LN_PRICE,EXT_BRICK_SIDING,-1.8858839427394833,0.9356427057374737,-0.11203553394290205,-2.015602677362861,0.04481061165083917,outputViewer0000000098_heading.xml,00000000985_lightTableData.bin
1,12,LN_PRICE,YB_1930_TO_1945,-0.28876103217024357,0.11469432633791972,-0.11866862292428537,-2.5176575109694395,0.012384389161907252,outputViewer0000000098_heading.xml,00000000985_lightTableData.bin
1,12,LN_PRICE,YB_1946_TO_1960,1.06791757393728,0.7148697648938128,0.06344224736824097,1.4938631151870145,0.13636627620773387,outputViewer0000000098_heading.xml,00000000985_lightTableData.bin
1,12,LN_PRICE,YB_1961_TO_1990,0.4384093398575248,0.3663502653673103,0.05183441757162545,1.196694478760556,0.23246766580364694,outputViewer0000000098_heading.xml,00000000985_lightTableData.bin
1,12,LN_PRICE,YB_POST_1990,-0.5146665193984727,0.4517758695221665,-0.0608505267823564,-1.139207633959787,0.25562253036078403,outputViewer0000000098_heading.xml,00000000985_lightTableData.bin
1,12,LN_PRICE,CRAWL,-0.6579549345415597,0.2940195853566017,-0.11572431934352177,-2.237792879489844,0.02605028641821924,outputViewer0000000098_heading.xml,00000000985_lightTableData.bin
1,12,LN_PRICE,SLAB,0.15148720410107866,0.25675760295567396,0.029357708584905835,0.5900008504411496,0.5556853474422927,outputViewer0000000098_heading.xml,00000000985_lightTableData.bin
1,12,LN_PRICE,HOT_WATER,-0.5811138411375196,0.25072706995947375,-0.1022091334775013,-2.317714801323399,0.021168108039022412,outputViewer0000000098_heading.xml,00000000985_lightTableData.bin
1,12,LN_PRICE,CENTRAL_AIR,-0.2102399895975897,0.09674258905965571,-0.10520003925863458,-2.1731896121567154,0.030586665412081437,outputViewer0000000098_heading.xml,00000000985_lightTableData.bin
1,12,LN_PRICE,MONTHS_17TO24,-0.02136207594465611,0.021903331439106485,-0.054012499261943084,-0.9752888963053351,0.33024989171413166,outputViewer0000000098_heading.xml,00000000985_lightTableData.bin
1,13,LN_PRICE,(Constant),10.831884885217145,0.19195711847425234,0.21981714366974797,56.42866996188032,5.674675587994382e-155,outputViewer0000000098_heading.xml,00000000985_lightTableData.bin
1,13,LN_PRICE,LN_BASE_BLDGSIZE_RATIO,0.6073827292808927,0.15444543382067874,0.25090060719751817,3.9326687377893204,0.00010614843239323644,outputViewer0000000098_heading.xml,00000000985_lightTableData.bin
1,13,LN_PRICE,ARTERIAL,-0.23852581840981393,0.12684288297875665,-0.08002814213957234,-1.8804824741311004,0.061091483011567846,outputViewer0000000098_heading.xml,00000000985_lightTableData.bin
1,13,LN_PRICE,HALF_DUPLEX2STORY,0.15882091633963283,0.09648085218296007,0.07930838795573675,1.6461392363995198,0.1008774285572514,outputViewer0000000098_heading.xml,00000000985_lightTableData.bin
1,13,LN_PRICE,ROW_HOUSE2STORY,-1.2202620090727128,0.895613804881057,-0.0724926399967685,-1.3624868245915114,0.174163149916566,outputViewer0000000098_heading.xml,00000000985_lightTableData.bin
1,13,LN_PRICE,SMALLEST,-0.5627941178478755,0.6122652879461428,-0.057720719297041034,-0.9191997797813765,0.3588025300155977,outputViewer0000000098_heading.xml,00000000985_lightTableData.bin
1,13,LN_PRICE,SMALL,-0.33930255487941946,0.6072401575050502,-0.0284599726679872,-0.5587617200310037,0.5767840609531012,outputViewer0000000098_heading.xml,00000000985_lightTableData.bin
1,13,LN_PRICE,LARGE,0.6538532188829238,0.19976674970497837,0.32582078031717426,3.273083332679508,0.0012018895302074743,outputViewer0000000098_heading.xml,00000000985_lightTableData.bin
1,13,LN_PRICE,LARGEST,0.7662883604133403,0.26557899907938426,0.3979494149352761,2.8853499827533007,0.004225353931281632,outputViewer0000000098_heading.xml,00000000985_lightTableData.bin
1,13,LN_PRICE,TWO_BATHS,0.4604035098272025,0.20143428105192132,0.22140176413188695,2.2856263959783973,0.023054211953053235,outputViewer0000000098_heading.xml,00000000985_lightTableData.bin
1,13,LN_PRICE,THREE_PLUS_BATHS,0.36447576950420074,0.1299834477423285,0.17527142306504898,2.804016787019805,0.0053888958613970365,outputViewer0000000098_heading.xml,00000000985_lightTableData.bin
1,13,LN_PRICE,EXCELLENT,0.5553176884468374,0.21010710082336093,0.16936132611061122,2.6430219934056316,0.008668332894836706,outputViewer0000000098_heading.xml,00000000985_lightTableData.bin
1,13,LN_PRICE,GOOD,1.2208660518149392,0.4345658654881917,0.12521322530088158,2.8093924276436604,0.005305716137937914,outputViewer0000000098_heading.xml,00000000985_lightTableData.bin
1,13,LN_PRICE,FAIR,0.56512740637564,0.14748591337732986,0.16407002159359407,3.831738187292577,0.00015656646247103268,outputViewer0000000098_heading.xml,00000000985_lightTableData.bin
1,13,LN_PRICE,POOR,-0.3867768214564314,0.09262433775619071,-0.18119983199421194,-4.175758022416527,3.954736411864499e-05,outputViewer0000000098_heading.xml,00000000985_lightTableData.bin
1,13,LN_PRICE,UNSOUND,-0.1356880203657636,0.1389381898354184,-0.042014206864358944,-0.9766070835275397,0.3295977770545857,outputViewer0000000098_heading.xml,00000000985_lightTableData.bin
1,13,LN_PRICE,QBEST,-1.949685477717243,0.48923748810827994,-0.1635354482571565,-3.985151434850248,8.593141020757745e-05,outputViewer0000000098_heading.xml,00000000985_lightTableData.bin
1,13,LN_PRICE,QABOVE_AVG,0.5538689558095633,0.36163921391057163,0.07309454683714771,1.5315511551425045,0.12675823645510564,outputViewer0000000098_heading.xml,00000000985_lightTableData.bin
1,13,LN_PRICE,QPOOR,0.34488481655918374,0.13624166977167237,0.15458035669931844,2.5314194778820367,0.011909587882531996,outputViewer0000000098_heading.xml,00000000985_lightTableData.bin
1,13,LN_PRICE,EXT_BRICK_SIDING,-1.8510991201578986,0.9311151609136963,-0.10996905674209621,-1.9880453007997732,0.04779089523637813,outputViewer0000000098_heading.xml,00000000985_lightTableData.bin
1,13,LN_PRICE,YB_1930_TO_1945,-0.2859709625398282,0.11418940780382851,-0.11752202181119245,-2.504356297486992,0.012846643223152772,outputViewer0000000098_heading.xml,00000000985_lightTableData.bin
1,13,LN_PRICE,YB_1946_TO_1960,1.0680455480156923,0.7136672604852311,0.06344984998040645,1.49655954133235,0.1356588771684793,outputViewer0000000098_heading.xml,00000000985_lightTableData.bin
1,13,LN_PRICE,YB_1961_TO_1990,0.43403026192385086,0.3650595619820558,0.05131666638898296,1.1889299914987168,0.2355003425335105,outputViewer0000000098_heading.xml,00000000985_lightTableData.bin
1,13,LN_PRICE,YB_POST_1990,-0.5116054813555908,0.4507687471256465,-0.0604886113081812,-1.1349621831989758,0.25739031895816356,outputViewer0000000098_heading.xml,00000000985_lightTableData.bin
1,13,LN_PRICE,CRAWL,-0.6628144088802251,0.29258471454670826,-0.11657902736482599,-2.265376063500451,0.024279079653338857,outputViewer0000000098_heading.xml,00000000985_lightTableData.bin
1,13,LN_PRICE,SLAB,0.15187604787438658,0.2562388710195835,0.029433065195053655,0.5927127577095015,0.5538694872923279,outputViewer0000000098_heading.xml,00000000985_lightTableData.bin
1,13,LN_PRICE,LN_GARAGESPACES,0.5592858104464684,0.4835674865678658,0.06612599596985894,1.1565827438399872,0.24846895987760823,outputViewer0000000098_heading.xml,00000000985_lightTableData.bin
1,13,LN_PRICE,HOT_WATER,-0.5856560250496963,0.2511239780774118,-0.10300803491280397,-2.3321390077261404,0.020382639678544166,outputViewer0000000098_heading.xml,00000000985_lightTableData.bin
1,13,LN_PRICE,CENTRAL_AIR,-0.2088436104737107,0.09688415257198302,-0.10450131805467534,-2.155601354086717,0.03194603220399119,outputViewer0000000098_heading.xml,00000000985_lightTableData.bin
1,13,LN_PRICE,MONTHS_17TO24,0.20224950785628254,0.09738653952700309,0.1052827759983186,2.0767706588465784,0.038721721217899366,outputViewer0000000098_heading.xml,00000000985_lightTableData.bin
1,14,LN_PRICE,(Constant),10.844341530868295,0.19085337824403878,0.22124981679349828,56.82027549442664,4.2727738642962673e-156,outputViewer0000000098_heading.xml,00000000985_lightTableData.bin
1,14,LN_PRICE,LN_BASE_BLDGSIZE_RATIO,0.6104367796109611,0.1542048521267597,0.2521621891380076,3.958609415929202,9.572805490674823e-05,outputViewer0000000098_heading.xml,00000000985_lightTableData.bin
1,14,LN_PRICE,ARTERIAL,-0.23894905289764395,0.12670618102754766,-0.08017014215439772,-1.8858515895581538,0.06035741142458955,outputViewer0000000098_heading.xml,00000000985_lightTableData.bin
1,14,LN_PRICE,HALF_DUPLEX2STORY,0.15946317218092176,0.09632656951018753,0.07962910311468253,1.655443279998224,0.09897116477400032,outputViewer0000000098_heading.xml,00000000985_lightTableData.bin
1,14,LN_PRICE,ROW_HOUSE2STORY,-1.2451313516168405,0.8909162404979178,-0.0739700639291728,-1.397585199390863,0.16336408806802183,outputViewer0000000098_heading.xml,00000000985_lightTableData.bin
1,14,LN_PRICE,SMALLEST,-0.5493031220830242,0.6093561932629752,-0.05633706947753273,-0.901448328836408,0.3681416777523612,outputViewer0000000098_heading.xml,00000000985_lightTableData.bin
1,14,LN_PRICE,SMALL,-0.3246267990241949,0.6017806219723005,-0.027229001652545905,-0.5394437560323058,0.5900203830517915,outputViewer0000000098_heading.xml,00000000985_lightTableData.bin
1,14,LN_PRICE,LARGE,0.6502264741977204,0.19873072047061868,0.3240135417057884,3.2718971312432443,0.0012062215958595615,outputViewer0000000098_heading.xml,00000000985_lightTableData.bin
1,14,LN_PRICE,LARGEST,0.766245933904628,0.26510999362659166,0.39792738197067423,2.8902944148679968,0.00416027022408168,outputViewer0000000098_heading.xml,00000000985_lightTableData.bin
1,14,LN_PRICE,TWO_BATHS,0.4627867226354189,0.19885523396101262,0.22254781864445758,2.327254422310818,0.02069137966857356,outputViewer0000000098_heading.xml,00000000985_lightTableData.bin
1,14,LN_PRICE,THREE_PLUS_BATHS,0.8506312005166767,0.40313746063941264,0.25942632685354733,2.1100276793119113,0.03577945604978425,outputViewer0000000098_heading.xml,00000000985_lightTableData.bin
1,14,LN_PRICE,EXCELLENT,0.5546219184324942,0.2104567304282431,0.16914912949820593,2.6353251678097176,0.008860930116883029,outputViewer0000000098_heading.xml,00000000985_lightTableData.bin
1,14,LN_PRICE,GOOD,1.2778973528188675,0.43321983230274874,0.13106241172980337,2.9497665100563295,0.0034420603863644186,outputViewer0000000098_heading.xml,00000000985_lightTableData.bin
1,14,LN_PRICE,FAIR,0.5547878100019751,0.14740705321070147,0.16106818911978787,3.763644940442365,0.00020318941933217388,outputViewer0000000098_heading.xml,00000000985_lightTableData.bin
1,14,LN_PRICE,UNSOUND,-0.14422601526743584,0.13865019941830536,-0.04465789702240483,-1.0402149861487637,0.29912477855775244,outputViewer0000000098_heading.xml,00000000985_lightTableData.bin
1,14,LN_PRICE,QBEST,-1.9541764335011014,0.48909401224851445,-0.16391214002391072,-3.995502673437272,8.238598386657644e-05,outputViewer0000000098_heading.xml,00000000985_lightTableData.bin
1,14,LN_PRICE,QABOVE_AVG,0.5489476488011726,0.3614048117001498,0.0724450778574339,1.518927338622772,0.12990110150685616,outputViewer0000000098_heading.xml,00000000985_lightTableData.bin
1,14,LN_PRICE,QPOOR,0.3363040709832311,0.1355352532638595,0.15073439234197122,2.4813032984747934,0.0136774541069744,outputViewer0000000098_heading.xml,00000000985_lightTableData.bin
1,14,LN_PRICE,EXT_BRICK_SIDING,-1.7128864738133907,0.9047023946518905,-0.10175819748403661,-1.8933148446815724,0.05935437580298597,outputViewer0000000098_heading.xml,00000000985_lightTableData.bin
1,14,LN_PRICE,YB_1930_TO_1945,-0.28851705755589463,0.11386654858451421,-0.118568359632886,-2.533817535900379,0.011836266389174515,outputViewer0000000098_heading.xml,00000000985_lightTableData.bin
1,14,LN_PRICE,YB_1946_TO_1960,1.0651856736566114,0.7124532866814647,0.06327995217091358,1.495095458985302,0.1360361559107116,outputViewer0000000098_heading.xml,00000000985_lightTableData.bin
1,14,LN_PRICE,YB_1961_TO_1990,0.42896093132031193,0.3640009430370467,0.05071730461581031,1.1784610439227732,0.23963526403419833,outputViewer0000000098_heading.xml,00000000985_lightTableData.bin
1,14,LN_PRICE,YB_POST_1990,-0.5135395524301006,0.44987348482343864,-0.060717282183947494,-1.1415199378368541,0.2546539072977762,outputViewer0000000098_heading.xml,00000000985_lightTableData.bin
1,14,LN_PRICE,CRAWL,-0.6532398816102024,0.28879452026243757,-0.11489501286293402,-2.261953866079525,0.02448968622019324,outputViewer0000000098_heading.xml,00000000985_lightTableData.bin
1,14,LN_PRICE,SLAB,0.15100378603406803,0.25575263087252587,0.02926402379601431,0.5904290623283264,0.555395063245981,outputViewer0000000098_heading.xml,00000000985_lightTableData.bin
1,14,LN_PRICE,LN_GARAGESPACES,0.5608785275519272,0.4822681827287187,0.06631430756820367,1.1630013084803228,0.2458558057144332,outputViewer0000000098_heading.xml,00000000985_lightTableData.bin
1,14,LN_PRICE,FIREPLACE,0.02171111519794769,0.11477211907376145,0.009156538493107335,0.18916715464663023,0.8501044572277192,outputViewer0000000098_heading.xml,00000000985_lightTableData.bin
1,14,LN_PRICE,HOT_WATER,-0.5901049456194473,0.25153912497567127,-0.10379053273707602,-2.3459767766804545,0.019653090714955995,outputViewer0000000098_heading.xml,00000000985_lightTableData.bin
1,14,LN_PRICE,CENTRAL_AIR,-0.19765911153248303,0.09671530830597273,-0.09890481032102581,-2.0437210509339443,0.041890733554008845,outputViewer0000000098_heading.xml,00000000985_lightTableData.bin
1,14,LN_PRICE,MONTHS_17TO24,0.2127858510160952,0.09687229808588894,0.11076756292558387,2.1965603709270423,0.028857123840527372,outputViewer0000000098_heading.xml,00000000985_lightTableData.bin
1,15,LN_PRICE,(Constant),10.848342395376191,0.19069542389200592,0.2208269837133246,56.88832051638425,1.4026839718513415e-156,outputViewer0000000098_heading.xml,00000000985_lightTableData.bin
1,15,LN_PRICE,LN_BASE_BLDGSIZE_RATIO,0.6065984790172092,0.1539566588845929,0.2505766452903596,3.940060036454286,0.00010293147866695385,outputViewer0000000098_heading.xml,00000000985_lightTableData.bin
1,15,LN_PRICE,ARTERIAL,-0.23854128633119837,0.12656872643966463,-0.08003333180423593,-1.884677937759855,0.0605126826814037,outputViewer0000000098_heading.xml,00000000985_lightTableData.bin
1,15,LN_PRICE,HALF_DUPLEX2STORY,0.15744014119137204,0.09608355726694406,0.07861888777111542,1.6385752741643826,0.10243704954825292,outputViewer0000000098_heading.xml,00000000985_lightTableData.bin
1,15,LN_PRICE,ROW_HOUSE2STORY,-1.1528364314082944,0.8632947383914615,-0.06848705915276995,-1.3353914719280264,0.1828485210145743,outputViewer0000000098_heading.xml,00000000985_lightTableData.bin
1,15,LN_PRICE,SMALLEST,-0.5633820007489472,0.6068394948494047,-0.05778101314666769,-0.9283871691455381,0.35402091159777616,outputViewer0000000098_heading.xml,00000000985_lightTableData.bin
1,15,LN_PRICE,SMALL,-0.31859507925768554,0.6003867335895422,-0.02672307389801774,-0.5306497652819472,0.5960913233801765,outputViewer0000000098_heading.xml,00000000985_lightTableData.bin
1,15,LN_PRICE,LARGE,0.6399940686734151,0.19177155172151258,0.3189146444974107,3.337273244797037,0.0009635663980327767,outputViewer0000000098_heading.xml,00000000985_lightTableData.bin
1,15,LN_PRICE,LARGEST,0.7654410293560406,0.26462021191136004,0.39750937836950206,2.892602283957209,0.004129586309892743,outputViewer0000000098_heading.xml,00000000985_lightTableData.bin
1,15,LN_PRICE,TWO_BATHS,0.4633915178749209,0.19848317815092845,0.2228386564206825,2.3346639357142585,0.020291577687592998,outputViewer0000000098_heading.xml,00000000985_lightTableData.bin
1,15,LN_PRICE,THREE_PLUS_BATHS,0.8568266799299566,0.3949101466754849,0.2613158301615705,2.169675018844347,0.030903762786623403,outputViewer0000000098_heading.xml,00000000985_lightTableData.bin
1,15,LN_PRICE,POWDER_ROOM,0.04287883867896853,0.1167221517467974,0.022365893762836056,0.3673581924019408,0.7136406973333445,outputViewer0000000098_heading.xml,00000000985_lightTableData.bin
1,15,LN_PRICE,EXCELLENT,0.6609461014874705,0.19692285269489354,0.20157598175674343,3.356370743376955,0.0008954441995077422,outputViewer0000000098_heading.xml,00000000985_lightTableData.bin
1,15,LN_PRICE,GOOD,1.2900264704061997,0.433855204961639,0.13230638598144692,2.9734032360410714,0.003194220609542591,outputViewer0000000098_heading.xml,00000000985_lightTableData.bin
1,15,LN_PRICE,FAIR,0.544479542612704,0.14743806948738425,0.15807545220052044,3.692937275330326,0.0002653250100893289,outputViewer0000000098_heading.xml,00000000985_lightTableData.bin
1,15,LN_PRICE,UNSOUND,-0.3641382586127007,0.09004420041297585,-0.17059396433019916,-4.043994582023369,6.769712081669332e-05,outputViewer0000000098_heading.xml,00000000985_lightTableData.bin
1,15,LN_PRICE,QBEST,-1.9340626949623894,0.4886170164938949,-0.162225042650694,-3.958238517439261,9.548039566720081e-05,outputViewer0000000098_heading.xml,00000000985_lightTableData.bin
1,15,LN_PRICE,QABOVE_AVG,0.5611593107298083,0.3610770445021758,0.07405666104049458,1.5541262433436884,0.1212718783197245,outputViewer0000000098_heading.xml,00000000985_lightTableData.bin
1,15,LN_PRICE,QPOOR,0.3339162293951882,0.135353447852493,0.14966414109663176,2.466994632889494,0.014221753216353565,outputViewer0000000098_heading.xml,00000000985_lightTableData.bin
1,15,LN_PRICE,EXT_BRICK_SIDING,-1.9180160772142025,0.8439948057015068,-0.1139444217387072,-2.2725448832827793,0.02381445587052237,outputViewer0000000098_heading.xml,00000000985_lightTableData.bin
1,15,LN_PRICE,YB_1930_TO_1945,-0.2972821087204137,0.11203360767286161,-0.12217042651752422,-2.6535083078684583,0.00842612269899836,outputViewer0000000098_heading.xml,00000000985_lightTableData.bin
1,15,LN_PRICE,YB_1946_TO_1960,1.0589307124069787,0.7112507195235452,0.06290836094649453,1.4888290209623103,0.1376741195446336,outputViewer0000000098_heading.xml,00000000985_lightTableData.bin
1,15,LN_PRICE,YB_1961_TO_1990,0.42912427773078765,0.3634088093775674,0.05073661753932644,1.1808306971583191,0.23869026372243177,outputViewer0000000098_heading.xml,00000000985_lightTableData.bin
1,15,LN_PRICE,YB_POST_1990,-0.5269448911680185,0.4465882832409969,-0.06230223456214303,-1.1799344294119285,0.23904969275755533,outputViewer0000000098_heading.xml,00000000985_lightTableData.bin
1,15,LN_PRICE,CRAWL,-0.6559481152727381,0.2879730662111877,-0.11537135019360323,-2.277810643554049,0.023511071556813385,outputViewer0000000098_heading.xml,00000000985_lightTableData.bin
1,15,LN_PRICE,SLAB,0.14940988215548123,0.2552013061937454,0.02895513060693228,0.5854589241093118,0.5587245871616516,outputViewer0000000098_heading.xml,00000000985_lightTableData.bin
1,15,LN_PRICE,FIREPLACE,0.02351903041418339,0.11232091396539588,0.009919016381451897,0.20939137319902143,0.8343006265557499,outputViewer0000000098_heading.xml,00000000985_lightTableData.bin
1,15,LN_PRICE,HOT_WATER,-0.21395632153438324,0.1098452346820153,-0.10705962014235282,-1.947797937286521,0.05247928457993888,outputViewer0000000098_heading.xml,00000000985_lightTableData.bin
1,15,LN_PRICE,CENTRAL_AIR,-0.19693382394100967,0.0968814281786144,-0.0985418903872737,-2.0327303967684576,0.04299371746942777,outputViewer0000000098_heading.xml,00000000985_lightTableData.bin
1,15,LN_PRICE,MONTHS_17TO24,0.205123483810916,0.09677935224047941,0.10677884968405157,2.1194963498125174,0.03490995832443911,outputViewer0000000098_heading.xml,00000000985_lightTableData.bin
1,16,LN_PRICE,(Constant),10.83213090749574,0.18984764503776017,0.22492491868556896,57.05696747168636,2.907623676865738e-157,outputViewer0000000098_heading.xml,00000000985_lightTableData.bin
1,16,LN_PRICE,LN_BASE_BLDGSIZE_RATIO,0.6062246431649881,0.15380299926845206,0.25042221936121684,3.941565808524102,0.00010223890536279142,outputViewer0000000098_heading.xml,00000000985_lightTableData.bin
1,16,LN_PRICE,ARTERIAL,-0.24028022736254703,0.12642314132711974,-0.08061676642341835,-1.9006032031811504,0.058380911029428044,outputViewer0000000098_heading.xml,00000000985_lightTableData.bin
1,16,LN_PRICE,HALF_DUPLEX2STORY,0.155397586810068,0.09592822946727075,0.07759892327886468,1.6199359424546376,0.10637980686502888,outputViewer0000000098_heading.xml,00000000985_lightTableData.bin
1,16,LN_PRICE,ROW_HOUSE2STORY,-1.1339730920665994,0.8610396440007919,-0.06736643648495985,-1.31698127951186,0.18893335602341027,outputViewer0000000098_heading.xml,00000000985_lightTableData.bin
1,16,LN_PRICE,SMALLEST,-0.5086901537636656,0.5924314631815948,-0.0521717634271682,-0.8586481059459523,0.39127977514907375,outputViewer0000000098_heading.xml,00000000985_lightTableData.bin
1,16,LN_PRICE,SMALL,-0.31979060120047287,0.599399474867541,-0.026823351721825452,-0.5335183206010352,0.5941057723201707,outputViewer0000000098_heading.xml,00000000985_lightTableData.bin
1,16,LN_PRICE,LARGE,0.6425593041718378,0.19123228634909625,0.3201929237926038,3.3600984250057024,0.0008898680301068853,outputViewer0000000098_heading.xml,00000000985_lightTableData.bin
1,16,LN_PRICE,LARGEST,0.7563828779568182,0.2603015285720179,0.3928052927589999,2.905794991317345,0.003963370132183449,outputViewer0000000098_heading.xml,00000000985_lightTableData.bin
1,16,LN_PRICE,TWO_BATHS,0.4679146841259959,0.1970603307521351,0.22501378533710992,2.3744742655209725,0.018268077128028994,outputViewer0000000098_heading.xml,00000000985_lightTableData.bin
1,16,LN_PRICE,THREE_PLUS_BATHS,0.8552151129434589,0.39413798769043523,0.260824332902204,2.1698368075476244,0.03088813833987241,outputViewer0000000098_heading.xml,00000000985_lightTableData.bin
1,16,LN_PRICE,POWDER_ROOM,0.044193506463449356,0.11534821347800964,0.023051633416870655,0.38313126082247084,0.701923912889822,outputViewer0000000098_heading.xml,00000000985_lightTableData.bin
1,16,LN_PRICE,EXCELLENT,1.380399776149207,0.5289678006433559,0.1415751612712196,2.6096102153482668,0.009572181255291542,outputViewer0000000098_heading.xml,00000000985_lightTableData.bin
1,16,LN_PRICE,GOOD,1.3578369267186166,0.4319464918911514,0.13926109320045746,3.143530396030593,0.0018428352653097901,outputViewer0000000098_heading.xml,00000000985_lightTableData.bin
1,16,LN_PRICE,FAIR,0.5830094352866408,0.14508932792707574,0.16926160288387573,4.0182792464217005,7.489219342744705e-05,outputViewer0000000098_heading.xml,00000000985_lightTableData.bin
1,16,LN_PRICE,UNSOUND,-0.3722263724166295,0.08990612541425687,-0.17438313881305284,-4.140166987527678,4.571437469807876e-05,outputViewer0000000098_heading.xml,00000000985_lightTableData.bin
1,16,LN_PRICE,QBEST,-1.9154436837806286,0.488359342019538,-0.16066331981154186,-3.9222013770835096,0.00011000737589735544,outputViewer0000000098_heading.xml,00000000985_lightTableData.bin
1,16,LN_PRICE,QABOVE_AVG,0.5566747798680403,0.36101673728802663,0.07346483377218521,1.5419639101771438,0.1241958432788954,outputViewer0000000098_heading.xml,00000000985_lightTableData.bin
1,16,LN_PRICE,QPOOR,0.33218177442777036,0.1352677205399871,0.14888674338391933,2.455735729867442,0.014663058058000264,outputViewer0000000098_heading.xml,00000000985_lightTableData.bin
1,16,LN_PRICE,EXT_BRICK_SIDING,-1.8961989848695182,0.8425926051003981,-0.11264832417165985,-2.250433926658517,0.025197594120906837,outputViewer0000000098_heading.xml,00000000985_lightTableData.bin
1,16,LN_PRICE,YB_1930_TO_1945,-0.29860710551227065,0.11189523656388321,-0.12271494439615561,-2.668631075656111,0.008063604950113086,outputViewer0000000098_heading.xml,00000000985_lightTableData.bin
1,16,LN_PRICE,YB_1946_TO_1960,1.0641210297763886,0.7101341525837336,0.06321670440530264,1.4984788802294868,0.1351476018107047,outputViewer0000000098_heading.xml,00000000985_lightTableData.bin
1,16,LN_PRICE,YB_1961_TO_1990,0.427888802435255,0.36285994769823676,0.05059054368426469,1.1792119939098318,0.23932927997210862,outputViewer0000000098_heading.xml,00000000985_lightTableData.bin
1,16,LN_PRICE,YB_POST_1990,-0.5299518412568899,0.44576735086834857,-0.06265775505943502,-1.1888529750430379,0.23552309647268904,outputViewer0000000098_heading.xml,00000000985_lightTableData.bin
1,16,LN_PRICE,CRAWL,-0.6646435931308831,0.28582655230186366,-0.11690075320233911,-2.325338873447096,0.020784254909281284,outputViewer0000000098_heading.xml,00000000985_lightTableData.bin
1,16,LN_PRICE,SLAB,0.16486550345784165,0.24293085506222958,0.03195037782194197,0.6786519703954832,0.497933288717224,outputViewer0000000098_heading.xml,00000000985_lightTableData.bin
1,16,LN_PRICE,FIREPLACE,0.5561589940043266,0.4808905942348938,0.06575630332329152,1.1565187605492393,0.24848750397117786,outputViewer0000000098_heading.xml,00000000985_lightTableData.bin
1,16,LN_PRICE,HOT_WATER,-0.21328085179824072,0.1093189670370416,-0.10672162810336812,-1.9509958571596522,0.05209177960105849,outputViewer0000000098_heading.xml,00000000985_lightTableData.bin
1,16,LN_PRICE,CENTRAL_AIR,0.1586062374669352,0.10801046048259916,0.08256388432368071,1.4684340457236287,0.14315472465142784,outputViewer0000000098_heading.xml,00000000985_lightTableData.bin
1,16,LN_PRICE,MONTHS_17TO24,0.1994074587891679,0.09683603882388296,0.10380332213719037,2.0592277545742346,0.04037442869194118,outputViewer0000000098_heading.xml,00000000985_lightTableData.bin
1,17,LN_PRICE,(Constant),10.720743211983207,0.1516385934977183,0.22978508326304398,70.69930526719453,2.606577065171966e-182,outputViewer0000000098_heading.xml,00000000985_lightTableData.bin
1,17,LN_PRICE,LN_BASE_BLDGSIZE_RATIO,0.6068297841967083,0.1537217287266095,0.25067219395710055,3.9475862600786966,9.975443954663172e-05,outputViewer0000000098_heading.xml,00000000985_lightTableData.bin
1,17,LN_PRICE,ARTERIAL,-0.23791730773493672,0.12624800595840774,-0.07982397984340173,-1.8845232915070222,0.06052625674499444,outputViewer0000000098_heading.xml,00000000985_lightTableData.bin
1,17,LN_PRICE,HALF_DUPLEX2STORY,0.15340490326656955,0.09577397563782908,0.0766038621547818,1.6017389091862784,0.11034493389192723,outputViewer0000000098_heading.xml,00000000985_lightTableData.bin
1,17,LN_PRICE,ROW_HOUSE2STORY,-1.0168300314876875,0.8404194179427865,-0.06040726734298202,-1.2099078267095804,0.22734206474443683,outputViewer0000000098_heading.xml,00000000985_lightTableData.bin
1,17,LN_PRICE,SMALL,-0.2632850637614598,0.5838968140363162,-0.022083788084658808,-0.4509102591970719,0.6524082735768385,outputViewer0000000098_heading.xml,00000000985_lightTableData.bin
1,17,LN_PRICE,LARGE,0.6492597282859534,0.18981819878084777,0.3235318037587328,3.4204292973802164,0.0007201244044832926,outputViewer0000000098_heading.xml,00000000985_lightTableData.bin
1,17,LN_PRICE,LARGEST,0.7619541758948902,0.2591099343475205,0.3956985831564815,2.9406598315638126,0.0035546958130525754,outputViewer0000000098_heading.xml,00000000985_lightTableData.bin
1,17,LN_PRICE,TWO_BATHS,0.4678423380837564,0.1967133842308852,0.2249789951128004,2.378294389641751,0.018081266670478872,outputViewer0000000098_heading.xml,00000000985_lightTableData.bin
1,17,LN_PRICE,THREE_PLUS_BATHS,0.8655653848816256,0.39060991639824905,0.26398096885586175,2.215932951377334,0.027523992936594386,outputViewer0000000098_heading.xml,00000000985_lightTableData.bin
1,17,LN_PRICE,POWDER_ROOM,0.04513706774211927,0.11505664689111897,0.023543801394540445,0.39230299997212353,0.6951427043607684,outputViewer0000000098_heading.xml,00000000985_lightTableData.bin
1,17,LN_PRICE,EXCELLENT,1.3832922926873066,0.5267603380787659,0.14187182061761813,2.626037293795769,0.009131603389592987,outputViewer0000000098_heading.xml,00000000985_lightTableData.bin
1,17,LN_PRICE,GOOD,0.559329391386562,0.15585657433787894,0.16238671897240478,3.5887442911070333,0.00039472378052322085,outputViewer0000000098_heading.xml,00000000985_lightTableData.bin
1,17,LN_PRICE,FAIR,0.5834174340582229,0.14534029038742965,0.16938005469935738,4.014147986790332,7.608275016679997e-05,outputViewer0000000098_heading.xml,00000000985_lightTableData.bin
1,17,LN_PRICE,UNSOUND,-0.37490505575615457,0.0900213493382508,-0.17563806657542474,-4.164623819928173,4.129213958687347e-05,outputViewer0000000098_heading.xml,00000000985_lightTableData.bin
1,17,LN_PRICE,QBEST,-1.9137064746604793,0.48885543416250526,-0.16051760642575377,-3.9146674884344748,0.00011323120655021759,outputViewer0000000098_heading.xml,00000000985_lightTableData.bin
1,17,LN_PRICE,QABOVE_AVG,0.5672044689993795,0.36092673610539294,0.07485444560602829,1.5715224511208061,0.11717083524742486,outputViewer0000000098_heading.xml,00000000985_lightTableData.bin
1,17,LN_PRICE,QPOOR,0.33536719811492516,0.13519114059593268,0.15031447782207585,2.4806891682147323,0.013694239548194877,outputViewer0000000098_heading.xml,00000000985_lightTableData.bin
1,17,LN_PRICE,EXT_BRICK_SIDING,-1.912557037844951,0.8413991592403982,-0.11362011419427741,-2.2730674458619347,0.02377708427752736,outputViewer0000000098_heading.xml,00000000985_lightTableData.bin
1,17,LN_PRICE,YB_1930_TO_1945,-0.2981699900542095,0.11177316786250367,-0.12253530835220199,-2.6676347799410993,0.00808531595996251,outputViewer0000000098_heading.xml,00000000985_lightTableData.bin
1,17,LN_PRICE,YB_1946_TO_1960,1.0877770088002774,0.7084147065045083,0.06462204551925983,1.5355087899962376,0.12579619593211544,outputViewer0000000098_heading.xml,00000000985_lightTableData.bin
1,17,LN_PRICE,YB_1961_TO_1990,0.43127261013750545,0.36226026437910586,0.05099062115861214,1.1905048732758006,0.23486725715836185,outputViewer0000000098_heading.xml,00000000985_lightTableData.bin
1,17,LN_PRICE,YB_POST_1990,-0.5273297377012947,0.44506625983653236,-0.06234773609254682,-1.184834226469957,0.23710222418172944,outputViewer0000000098_heading.xml,00000000985_lightTableData.bin
1,17,LN_PRICE,CRAWL,-0.6711471781009329,0.28466766569827,-0.11804463541134813,-2.3576516021047054,0.019091550032011892,outputViewer0000000098_heading.xml,00000000985_lightTableData.bin
1,17,LN_PRICE,SLAB,0.17318501636050576,0.24071711018453082,0.033562671327615284,0.7194545341116143,0.472474086882369,outputViewer0000000098_heading.xml,00000000985_lightTableData.bin
1,17,LN_PRICE,FIREPLACE,0.5475454400041774,0.47844063537867504,0.06473789765938714,1.1444375738921244,0.25344829405319524,outputViewer0000000098_heading.xml,00000000985_lightTableData.bin
1,17,LN_PRICE,HOT_WATER,-0.2159415165399066,0.1083862640370953,-0.10805297346641281,-1.992332870390296,0.04733767300710614,outputViewer0000000098_heading.xml,00000000985_lightTableData.bin
1,17,LN_PRICE,CENTRAL_AIR,0.15800629345256148,0.1075516982222358,0.08225157814332786,1.4691194659341458,0.14296454532155634,outputViewer0000000098_heading.xml,00000000985_lightTableData.bin
1,17,LN_PRICE,MONTHS_1TO9,-0.13812415461633903,0.1785837622831643,-0.03866393585508084,-0.7734418451624281,0.4399400721428953,outputViewer0000000098_heading.xml,00000000985_lightTableData.bin
1,17,LN_PRICE,MONTHS_17TO24,0.1931479031375921,0.09689405119260261,0.10054485489789224,1.9933927909945621,0.047161593343682695,outputViewer0000000098_heading.xml,00000000985_lightTableData.bin
1,18,LN_PRICE,(Constant),10.712956598991504,0.1514755184654463,0.19676000751485975,70.72401340837979,8.820292377218637e-183,outputViewer0000000098_heading.xml,00000000985_lightTableData.bin
1,18,LN_PRICE,LN_BASE_BLDGSIZE_RATIO,0.5720213966936202,0.14904166754913567,0.23629337622148394,3.837996488499014,0.00015304056428698578,outputViewer0000000098_heading.xml,00000000985_lightTableData.bin
1,18,LN_PRICE,ARTERIAL,-0.24091866305970805,0.12613231575102019,-0.080830968907074,-1.9100470932070353,0.05714147682365997,outputViewer0000000098_heading.xml,00000000985_lightTableData.bin
1,18,LN_PRICE,HALF_DUPLEX2STORY,0.145190628823732,0.0949293699235864,0.07250200404124259,1.529459522807362,0.12727948771017544,outputViewer0000000098_heading.xml,00000000985_lightTableData.bin
1,18,LN_PRICE,SMALL,-0.4636822715691158,0.583121855333871,-0.04755571067906873,-0.795172170838342,0.4271941745368727,outputViewer0000000098_heading.xml,00000000985_lightTableData.bin
1,18,LN_PRICE,LARGE,0.6492250100076351,0.18953744274365833,0.32351450333685483,3.4253127013309213,0.0007074725732598038,outputViewer0000000098_heading.xml,00000000985_lightTableData.bin
1,18,LN_PRICE,LARGEST,0.7698044982817457,0.2575718705333098,0.39977541814744666,2.9886978600879193,0.003054892360153548,outputViewer0000000098_heading.xml,00000000985_lightTableData.bin
1,18,LN_PRICE,TWO_BATHS,0.46898188844264227,0.1963408528220207,0.22552698932741694,2.388610835197734,0.017589342484479898,outputViewer0000000098_heading.xml,00000000985_lightTableData.bin
1,18,LN_PRICE,THREE_PLUS_BATHS,0.8652334416049128,0.38991937391421905,0.2638797324740443,2.2190060291676126,0.027308627608532303,outputViewer0000000098_heading.xml,00000000985_lightTableData.bin
1,18,LN_PRICE,POWDER_ROOM,0.04757661368826135,0.11431576654845182,0.024816285145079456,0.4161859306441022,0.6776021485967061,outputViewer0000000098_heading.xml,00000000985_lightTableData.bin
1,18,LN_PRICE,EXCELLENT,1.378025283615509,0.5252303892851101,0.1413316309771671,2.6236587062129746,0.009192136603906146,outputViewer0000000098_heading.xml,00000000985_lightTableData.bin
1,18,LN_PRICE,GOOD,0.5591468515237952,0.15555288521622784,0.16233372327818085,3.594577180272468,0.00038614371821363974,outputViewer0000000098_heading.xml,00000000985_lightTableData.bin
1,18,LN_PRICE,FAIR,-0.3816600252204529,0.09557041731400004,-0.17880268054440004,-3.9934954345390703,8.406876954891545e-05,outputViewer0000000098_heading.xml,00000000985_lightTableData.bin
1,18,LN_PRICE,UNSOUND,-0.3740993190545147,0.0901695599135729,-0.17526058957352236,-4.148842684971371,4.4029242681580264e-05,outputViewer0000000098_heading.xml,00000000985_lightTableData.bin
1,18,LN_PRICE,QBEST,-1.9075530794371618,0.4895773001260933,-0.16000147279412472,-3.896326645344588,0.0001215928985961248,outputViewer0000000098_heading.xml,00000000985_lightTableData.bin
1,18,LN_PRICE,QABOVE_AVG,0.5707826536827085,0.3612836096589902,0.07532666161521998,1.5798741997220995,0.11524098218108504,outputViewer0000000098_heading.xml,00000000985_lightTableData.bin
1,18,LN_PRICE,QPOOR,0.32680689270440294,0.13489431887049544,0.14647767492360278,2.422688334400147,0.016031749738195402,outputViewer0000000098_heading.xml,00000000985_lightTableData.bin
1,18,LN_PRICE,EXT_BRICK_SIDING,-1.550137362437745,0.7224599989000637,-0.09208968969388248,-2.145637633637585,0.03275561339293022,outputViewer0000000098_heading.xml,00000000985_lightTableData.bin
1,18,LN_PRICE,YB_1930_TO_1945,-0.3048461418368905,0.11124134856646394,-0.12527892556581957,-2.740403148337891,0.00653083172900925,outputViewer0000000098_heading.xml,00000000985_lightTableData.bin
1,18,LN_PRICE,YB_1946_TO_1960,1.0887542897451088,0.7076536351677922,0.06468010327667802,1.538541223612811,0.12504966300660658,outputViewer0000000098_heading.xml,00000000985_lightTableData.bin
1,18,LN_PRICE,YB_1961_TO_1990,0.4033448073844096,0.3592336979897301,0.04768863541571622,1.1227922370354593,0.2624944793566903,outputViewer0000000098_heading.xml,00000000985_lightTableData.bin
1,18,LN_PRICE,YB_POST_1990,-0.5188511983079014,0.44402896759148497,-0.06134529360020063,-1.1685075438259567,0.24360676472928228,outputViewer0000000098_heading.xml,00000000985_lightTableData.bin
1,18,LN_PRICE,CRAWL,-0.6743158383201424,0.28415103237434824,-0.11860195480793327,-2.3730895245588286,0.018325137105071998,outputViewer0000000098_heading.xml,00000000985_lightTableData.bin
1,18,LN_PRICE,SLAB,0.1725223830486066,0.24031720734209383,0.0334342552294714,0.7178944236107876,0.47343179695211735,outputViewer0000000098_heading.xml,00000000985_lightTableData.bin
1,18,LN_PRICE,FIREPLACE,0.5387364734386016,0.47559403822409313,0.06369638779674844,1.1327654052399132,0.2583066649277683,outputViewer0000000098_heading.xml,00000000985_lightTableData.bin
1,18,LN_PRICE,HOT_WATER,-0.20923682856828185,0.10379232023086181,-0.10469807681149067,-2.0159182115100935,0.04479165653165623,outputViewer0000000098_heading.xml,00000000985_lightTableData.bin
1,18,LN_PRICE,CENTRAL_AIR,0.15724262153710256,0.10730005040147225,0.08185404195120718,1.4654477882234531,0.1439580272027435,outputViewer0000000098_heading.xml,00000000985_lightTableData.bin
1,18,LN_PRICE,MONTHS_1TO9,-0.13890290370507194,0.17799019794214188,-0.03888192455443328,-0.7803963662663278,0.4358412241718519,outputViewer0000000098_heading.xml,00000000985_lightTableData.bin
1,18,LN_PRICE,MONTHS_10TO16,-0.022507731808994458,0.02266909720519839,-0.056909209145726426,-0.9928817016953403,0.3216598752937714,outputViewer0000000098_heading.xml,00000000985_lightTableData.bin
1,18,LN_PRICE,MONTHS_17TO24,0.19908007487583707,0.09697092594381877,0.10363289953602807,2.052987253016192,0.04097389811188921,outputViewer0000000098_heading.xml,00000000985_lightTableData.bin
1,19,LN_PRICE,(Constant),10.756367488565141,0.14764567801600526,0.19121437510413106,72.85257268011,1.0624398699537391e-186,outputViewer0000000098_heading.xml,00000000985_lightTableData.bin
1,19,LN_PRICE,LN_BASE_BLDGSIZE_RATIO,0.5766513630286592,0.14895324113251374,0.23820594519778773,3.871358277566119,0.00013435010194270112,outputViewer0000000098_heading.xml,00000000985_lightTableData.bin
1,19,LN_PRICE,ARTERIAL,-0.23563271690596435,0.12597291838165042,-0.0790574734718456,-1.8705029615340505,0.06244607147917069,outputViewer0000000098_heading.xml,00000000985_lightTableData.bin
1,19,LN_PRICE,HALF_DUPLEX2STORY,0.1480143597186209,0.09474052100244885,0.07391205474776005,1.5623131280309828,0.11933971657557556,outputViewer0000000098_heading.xml,00000000985_lightTableData.bin
1,19,LN_PRICE,SMALL,-0.35262713077503977,0.5560509165403449,-0.036165786006826656,-0.6341633837581392,0.5264956713773368,outputViewer0000000098_heading.xml,00000000985_lightTableData.bin
1,19,LN_PRICE,LARGE,0.6507729739813142,0.18923363457946546,0.32428586732993675,3.4389920979297846,0.0006737336720609649,outputViewer0000000098_heading.xml,00000000985_lightTableData.bin
1,19,LN_PRICE,LARGEST,0.7710093923833328,0.2571756476291336,0.40040114460703546,2.99798756021871,0.002965263812288954,outputViewer0000000098_heading.xml,00000000985_lightTableData.bin
1,19,LN_PRICE,TWO_BATHS,0.4736440082174,0.19550226978344476,0.22776893909689833,2.422703371894603,0.01605172108934887,outputViewer0000000098_heading.xml,00000000985_lightTableData.bin
1,19,LN_PRICE,THREE_PLUS_BATHS,0.8647792878251819,0.38926021843991154,0.26374122421472973,2.2215968826485004,0.0271277242664959,outputViewer0000000098_heading.xml,00000000985_lightTableData.bin
1,19,LN_PRICE,POWDER_ROOM,0.04650064424965274,0.11398968780391451,0.024255052171020804,0.40793728928921463,0.6836394563034396,outputViewer0000000098_heading.xml,00000000985_lightTableData.bin
1,19,LN_PRICE,EXCELLENT,1.363966987585883,0.5203813413169001,0.13988979828349266,2.6210912638300363,0.00925805095729913,outputViewer0000000098_heading.xml,00000000985_lightTableData.bin
1,19,LN_PRICE,GOOD,0.5585907953565152,0.1552555986011994,0.16217228685456453,3.5978785975464334,0.00038126275766347856,outputViewer0000000098_heading.xml,00000000985_lightTableData.bin
1,19,LN_PRICE,FAIR,-0.3820351472563061,0.09527966784900715,-0.1789784202632849,-4.009618797808257,7.875990329969342e-05,outputViewer0000000098_heading.xml,00000000985_lightTableData.bin
1,19,LN_PRICE,POOR,-0.1332836214778673,0.14367944593145546,-0.04126971289954023,-0.9276457089168645,0.3544229552226066,outputViewer0000000098_heading.xml,00000000985_lightTableData.bin
1,19,LN_PRICE,UNSOUND,-0.37426594606565805,0.09032562846587935,-0.17533865212729996,-4.14351887080462,4.496404852391596e-05,outputViewer0000000098_heading.xml,00000000985_lightTableData.bin
1,19,LN_PRICE,QBEST,-1.8967917239198615,0.49033293525688965,-0.159098833307659,-3.8683751131792032,0.00013552705935228928,outputViewer0000000098_heading.xml,00000000985_lightTableData.bin
1,19,LN_PRICE,QABOVE_AVG,0.5103831101279733,0.3591219754589549,0.06735568360860661,1.4211971001655022,0.15634509857072135,outputViewer0000000098_heading.xml,00000000985_lightTableData.bin
1,19,LN_PRICE,QPOOR,0.337708002557213,0.13450598743059267,0.15136364661199883,2.5107283995924417,0.012601977939987335,outputViewer0000000098_heading.xml,00000000985_lightTableData.bin
1,19,LN_PRICE,EXT_BRICK_SIDING,-1.5441803889037236,0.7222549491126217,-0.09173580115628861,-2.1379990414755032,0.033373357985214694,outputViewer0000000098_heading.xml,00000000985_lightTableData.bin
1,19,LN_PRICE,YB_1930_TO_1945,-0.31152858888325996,0.11067760731676997,-0.12802512986768533,-2.814739100671332,0.005226752184216717,outputViewer0000000098_heading.xml,00000000985_lightTableData.bin
1,19,LN_PRICE,YB_1946_TO_1960,0.9918908479243301,0.6927093896825187,0.058925694334538085,1.4319003938706991,0.1532876517559138,outputViewer0000000098_heading.xml,00000000985_lightTableData.bin
1,19,LN_PRICE,YB_1961_TO_1990,0.412593493923996,0.35855276660175184,0.04878213465603301,1.1507190359578727,0.2508331158258035,outputViewer0000000098_heading.xml,00000000985_lightTableData.bin
1,19,LN_PRICE,YB_POST_1990,-0.5178925699246623,0.44355393833217993,-0.061231952164708,-1.1675977263825121,0.24396950847517052,outputViewer0000000098_heading.xml,00000000985_lightTableData.bin
1,19,LN_PRICE,CRAWL,-0.6587897397313505,0.2816511680963238,-0.11587114894734607,-2.3390271880784335,0.020045068269211548,outputViewer0000000098_heading.xml,00000000985_lightTableData.bin
1,19,LN_PRICE,SLAB,0.17422822829884396,0.23992895977022527,0.03376484227835507,0.7261658970459361,0.4683524271503108,outputViewer0000000098_heading.xml,00000000985_lightTableData.bin
1,19,LN_PRICE,FIREPLACE,0.5444827290884878,0.4743556776451734,0.06437578439657067,1.14783643318331,0.25203727484107435,outputViewer0000000098_heading.xml,00000000985_lightTableData.bin
1,19,LN_PRICE,HOT_WATER,-0.2115608294616954,0.10296581001145474,-0.10586096207272078,-2.0546706662935947,0.04086254165212607,outputViewer0000000098_heading.xml,00000000985_lightTableData.bin
1,19,LN_PRICE,CENTRAL_AIR,0.1587171569651556,0.10690110688113169,0.08262162445273598,1.4847101362724016,0.13877858098551057,outputViewer0000000098_heading.xml,00000000985_lightTableData.bin
1,19,LN_PRICE,MONTHS_1TO9,-0.14005779860580736,0.17759059834579075,-0.03920520459538936,-0.7886554801346949,0.43100275857574466,outputViewer0000000098_heading.xml,00000000985_lightTableData.bin
1,19,LN_PRICE,MONTHS_10TO16,-0.022482461086089797,0.022625153894340503,-0.05684531390886963,-0.9936931784456768,0.321261961310076,outputViewer0000000098_heading.xml,00000000985_lightTableData.bin
1,19,LN_PRICE,MONTHS_17TO24,0.07357315350842213,0.024101828280258975,0.23780349814939547,3.052596369574316,0.0024958711265993016,outputViewer0000000098_heading.xml,00000000985_lightTableData.bin
1,20,LN_PRICE,(Constant),10.826254771580142,0.13874184386247512,0.1888917120041898,78.03164834908375,2.7322837812226992e-195,outputViewer0000000098_heading.xml,00000000985_lightTableData.bin
1,20,LN_PRICE,LN_BASE_BLDGSIZE_RATIO,0.5866958206281782,0.14866131829797108,0.24235515851781866,3.9465264222413756,9.993565918775244e-05,outputViewer0000000098_heading.xml,00000000985_lightTableData.bin
1,20,LN_PRICE,ARTERIAL,-0.23494944354352199,0.12596014435979125,-0.07882822743829558,-1.8652681349142854,0.06317492189896001,outputViewer0000000098_heading.xml,00000000985_lightTableData.bin
1,20,LN_PRICE,HALF_DUPLEX2STORY,0.14826006801091113,0.09469104471977129,0.07403475098335677,1.5657242820550985,0.11853461063281566,outputViewer0000000098_heading.xml,00000000985_lightTableData.bin
1,20,LN_PRICE,SMALL,-1.0539329240149165,0.837481715841218,-0.0626114551410264,-1.2584548463321155,0.20927937337532254,outputViewer0000000098_heading.xml,00000000985_lightTableData.bin
1,20,LN_PRICE,LARGE,0.5868824574994106,0.16051733702589238,0.2924486639120723,3.656193582408753,0.00030606131123235455,outputViewer0000000098_heading.xml,00000000985_lightTableData.bin
1,20,LN_PRICE,LARGEST,0.7618263955678971,0.25599908422992074,0.39563222418642,2.975895003138672,0.003179218716738415,outputViewer0000000098_heading.xml,00000000985_lightTableData.bin
1,20,LN_PRICE,TWO_BATHS,0.42144647752381137,0.15284188131782925,0.20266785899604017,2.757401792558601,0.006215025358088526,outputViewer0000000098_heading.xml,00000000985_lightTableData.bin
1,20,LN_PRICE,THREE_PLUS_BATHS,0.8745491770304288,0.387476745708144,0.2667208544807531,2.2570365492053512,0.024790662455847642,outputViewer0000000098_heading.xml,00000000985_lightTableData.bin
1,20,LN_PRICE,POWDER_ROOM,0.048546196351950954,0.11356602306973573,0.025322026054079533,0.4274711312391466,0.6693719541495846,outputViewer0000000098_heading.xml,00000000985_lightTableData.bin
1,20,LN_PRICE,EXCELLENT,1.3506262180619617,0.515229546290421,0.13852155581528525,2.6214067647833423,0.009247875366112684,outputViewer0000000098_heading.xml,00000000985_lightTableData.bin
1,20,LN_PRICE,GOOD,0.5597565192566111,0.15489257910513177,0.16251072442333775,3.6138369087177638,0.0003593284912137362,outputViewer0000000098_heading.xml,00000000985_lightTableData.bin
1,20,LN_PRICE,FAIR,-0.38149359344680983,0.09507638740276599,-0.17872470945681249,-4.012495677088708,7.778780866349259e-05,outputViewer0000000098_heading.xml,00000000985_lightTableData.bin
1,20,LN_PRICE,POOR,-0.1338512875871139,0.14324005691414987,-0.041445484064006194,-0.9344543032912708,0.35090455053096226,outputViewer0000000098_heading.xml,00000000985_lightTableData.bin
1,20,LN_PRICE,UNSOUND,-1.9576910422953706,0.5002722639586231,-0.16420693789320207,-3.913251210059666,0.00011542536446536434,outputViewer0000000098_heading.xml,00000000985_lightTableData.bin
1,20,LN_PRICE,QABOVE_AVG,0.5089463100598614,0.35971911152400426,0.06716606790840778,1.4148436759549237,0.15819461757106518,outputViewer0000000098_heading.xml,00000000985_lightTableData.bin
1,20,LN_PRICE,QPOOR,0.3476210291890317,0.13441206143093196,0.15580675085765477,2.5862338951453236,0.010197501481388146,outputViewer0000000098_heading.xml,00000000985_lightTableData.bin
1,20,LN_PRICE,EXT_BRICK_SIDING,-1.5573606202757126,0.7220664460673423,-0.0925188049381156,-2.1568106768535094,0.031859520677570044,outputViewer0000000098_heading.xml,00000000985_lightTableData.bin
1,20,LN_PRICE,YB_1930_TO_1945,-0.3151835369975806,0.11053513147572643,-0.12952715961292616,-2.851433139759689,0.004673866699318386,outputViewer0000000098_heading.xml,00000000985_lightTableData.bin
1,20,LN_PRICE,YB_1946_TO_1960,1.0008577611458669,0.691891757910883,0.059458395678362676,1.4465525130229682,0.1491368170522936,outputViewer0000000098_heading.xml,00000000985_lightTableData.bin
1,20,LN_PRICE,YB_1961_TO_1990,0.394083466681462,0.3571927581800297,0.04659364003668144,1.103279553284893,0.27085308961714016,outputViewer0000000098_heading.xml,00000000985_lightTableData.bin
1,20,LN_PRICE,YB_POST_1990,-0.47412662822854557,0.437682355135808,-0.05605737696512587,-1.083266489190384,0.27962543396282624,outputViewer0000000098_heading.xml,00000000985_lightTableData.bin
1,20,LN_PRICE,CRAWL,-0.6546707242684147,0.28127782460230494,-0.11514667644050816,-2.3274878678902082,0.020657369691359728,outputViewer0000000098_heading.xml,00000000985_lightTableData.bin
1,20,LN_PRICE,SLAB,0.17245917974735586,0.23955164893059902,0.03342200664312556,0.7199248283918903,0.4721782860490312,outputViewer0000000098_heading.xml,00000000985_lightTableData.bin
1,20,LN_PRICE,FIREPLACE,0.536712219808145,0.4729876905133041,0.06345705437381984,1.1347276696052802,0.25747753518894273,outputViewer0000000098_heading.xml,00000000985_lightTableData.bin
1,20,LN_PRICE,HOT_WATER,-0.21422566748989555,0.1023563615729316,-0.1071943956679238,-2.092939453863394,0.037274237691956695,outputViewer0000000098_heading.xml,00000000985_lightTableData.bin
1,20,LN_PRICE,CENTRAL_AIR,0.1578321133524666,0.10662264166191664,0.08216090714661678,1.4802870280866518,0.13994976333270812,outputViewer0000000098_heading.xml,00000000985_lightTableData.bin
1,20,LN_PRICE,MONTHS_1TO9,-0.14063568061388243,0.17725997341836372,-0.03936696625796084,-0.7933865604388775,0.4282441828571204,outputViewer0000000098_heading.xml,00000000985_lightTableData.bin
1,20,LN_PRICE,MONTHS_10TO16,-0.022933574537533943,0.0224825801437836,-0.05798592238841559,-1.020059725835117,0.3086098918103817,outputViewer0000000098_heading.xml,00000000985_lightTableData.bin
1,20,LN_PRICE,MONTHS_17TO24,0.07350072530175923,0.024040483460174383,0.2375693953539084,3.057373010967978,0.0024569099540202007,outputViewer0000000098_heading.xml,00000000985_lightTableData.bin
2,1,LN_PRICE,(Constant),,-0.6263522882769723,0.5316292196737482,,,outputViewer0000000103_heading.xml,00000001039_lightTableData.bin
2,1,LN_PRICE,LN_LANDRATIO,1.1883570003083853e-05,,,0.05960325748473176,0.01256864756772285,outputViewer0000000103_heading.xml,00000001039_lightTableData.bin
2,1,LN_PRICE,LN_BASE_BLDGSIZE_RATIO,2.3498240390931966,11.298668546390871,0.26381334259260203,-0.028807303410235352,42.82826802979037,outputViewer0000000103_heading.xml,00000001039_lightTableData.bin
2,1,LN_PRICE,ARTERIAL,0.16959873428121516,0.21992730060069524,67.86560827220775,5.998820308456788e-173,0.473935065060779,outputViewer0000000103_heading.xml,00000001039_lightTableData.bin
2,1,LN_PRICE,SINGLE_FAMILY1STORY,3.4872406127803512,0.0005749333736210614,0.32859852786263444,3.0432272673419725,0.5338184601462286,outputViewer0000000103_heading.xml,00000001039_lightTableData.bin
2,1,LN_PRICE,HALF_DUPLEX2STORY,0.37083948192569555,2.6965845028344857,0.559617398546036,0.13894137546030066,0.23116947243417937,outputViewer0000000103_heading.xml,00000001039_lightTableData.bin
2,1,LN_PRICE,ROW_HOUSE2STORY,0.15594637165142095,0.4944952363473373,0.05493230333333805,0.3153647602418621,0.7527478064737592,outputViewer0000000103_heading.xml,00000001039_lightTableData.bin
2,1,LN_PRICE,SMALLEST,0.19544438521856716,2.400104519365423,0.017083347417577867,0.18743817116129574,5.335092600425941,outputViewer0000000103_heading.xml,00000001039_lightTableData.bin
2,1,LN_PRICE,SMALL,1.4651062808707914e-05,0.3987598897516451,2.5077747930535796,0.7185549582989325,0.15772769005308665,outputViewer0000000103_heading.xml,00000001039_lightTableData.bin
2,1,LN_PRICE,LARGE,1.401672628608822,-0.19995450704989198,0.12485486419766118,-0.06708702570781531,-1.6014955311099333,outputViewer0000000103_heading.xml,00000001039_lightTableData.bin
2,1,LN_PRICE,LARGEST,0.11802898695198313,-0.06403856814461444,-1.6171324543543186,0.10700033893678419,0.7850518427071674,outputViewer0000000103_heading.xml,00000001039_lightTableData.bin
2,1,LN_PRICE,POWDER_ROOM,-0.34180393346083016,0.7855688976094296,-0.020305696082994887,-0.4351036993712151,0.6638610386753464,outputViewer0000000103_heading.xml,00000001039_lightTableData.bin
2,1,LN_PRICE,EXCELLENT,0.07166697553510301,1.6607609513528143,0.09794413063284965,0.6661079276360987,1.5012582173414843,outputViewer0000000103_heading.xml,00000001039_lightTableData.bin
2,1,LN_PRICE,GOOD,0.0867489397597598,0.8054314074122724,1.241570654927459,-0.1990627666101929,0.11722530269429876,outputViewer0000000103_heading.xml,00000001039_lightTableData.bin
2,1,LN_PRICE,UNSOUND,-1.3138579091499794,0.1900701749442446,0.5081410796050673,1.967957404225635,-1.107210238913617,outputViewer0000000103_heading.xml,00000001039_lightTableData.bin
2,1,LN_PRICE,QABOVE_AVG,0.16456303119620672,0.5587511280805535,0.013803195120854792,0.29451937173088294,0.7686035300305977,outputViewer0000000103_heading.xml,00000001039_lightTableData.bin
2,1,LN_PRICE,QBELOW_AVG,0.03350612965597807,0.8071029101797184,0.42032827657725125,0.7184134253318782,1.3919561699978533,outputViewer0000000103_heading.xml,00000001039_lightTableData.bin
2,1,LN_PRICE,QPOOR,0.07248405434286567,0.9044040674662543,1.105700467271851,-1.1087853037449622,0.6263645914993298,outputViewer0000000103_heading.xml,00000001039_lightTableData.bin
2,1,LN_PRICE,EXT_BRICK,6.6481437136869435,0.3443213759815444,0.17803871149514183,0.17157835453323306,1.9339691524949052,outputViewer0000000103_heading.xml,00000001039_lightTableData.bin
2,1,LN_PRICE,YB_PRE_1910,1.065519434076261,0.28764093641180555,0.07872692512197206,12.70213460579966,0.2565271227134733,outputViewer0000000103_heading.xml,00000001039_lightTableData.bin
2,1,LN_PRICE,YB_1930_TO_1945,0.4509810264272932,2.2173881857560125,0.203207864571199,0.10418582555544581,0.10126025702571312,outputViewer0000000103_heading.xml,00000001039_lightTableData.bin
2,1,LN_PRICE,YB_1946_TO_1960,0.32057561154491776,0.19072138275301143,0.15416043626674747,1.6808582599260542,0.09402454348758259,outputViewer0000000103_heading.xml,00000001039_lightTableData.bin
2,1,LN_PRICE,YB_POST_1990,,,,0.32390168068988945,0.4008844765987961,outputViewer0000000103_heading.xml,00000001039_lightTableData.bin
2,1,LN_PRICE,LN_GARAGESPACES,0.536236951016978,0.5922568289467688,0.16392273816620806,6.10043494384567,0.1525851135306688,outputViewer0000000103_heading.xml,00000001039_lightTableData.bin
2,1,LN_PRICE,FIREPLACE,0.6134186281192225,1.6302080735077422,0.2040551477791617,0.09311051635837034,0.09812733555279682,outputViewer0000000103_heading.xml,00000001039_lightTableData.bin
2,1,LN_PRICE,HOT_WATER,1.6888983386149878,0.48801142745031934,0.1732150778284876,3.4607762105876536,0.0006316731869731323,outputViewer0000000103_heading.xml,00000001039_lightTableData.bin
2,1,LN_PRICE,CENTRAL_AIR,0.1521124788476126,3.342402983820842,0.0009488777494009807,0.5961489566421811,1.6774331127450368,outputViewer0000000103_heading.xml,00000001039_lightTableData.bin
2,1,LN_PRICE,ECF5R501,1.8561759355322573e-05,0.7558266214343529,1.3230547477968857,0.6245330895977802,0.14261502486892813,outputViewer0000000103_heading.xml,00000001039_lightTableData.bin
2,1,LN_PRICE,ECF5R502,1.2188645753220289,0.5939120998263953,0.13402515326020006,0.17242690753249898,4.431348037135673,outputViewer0000000103_heading.xml,00000001039_lightTableData.bin
2,1,LN_PRICE,ECF5R503,0.13012790744113237,0.16881295451398412,4.468404277231134,1.1480588330931726e-05,0.8690845697153172,outputViewer0000000103_heading.xml,00000001039_lightTableData.bin
2,1,LN_PRICE,ECF5R504,-4.645094042825842,5.412666087844726e-06,0.7809684637513754,1.2804614352755148,-0.40453764570131484,outputViewer0000000103_heading.xml,00000001039_lightTableData.bin
2,1,LN_PRICE,ECF5R505_506_516,0.8271396894293351,1.2089856317859993,-0.4181776588156078,0.08234240068394165,-0.19591070952956932,outputViewer0000000103_heading.xml,00000001039_lightTableData.bin
2,1,LN_PRICE,ECF5R508_509,-0.3956785424156176,0.1323404513167316,-0.12251722803549968,-2.9898533553330306,0.003064027462865654,outputViewer0000000103_heading.xml,00000001039_lightTableData.bin
2,1,LN_PRICE,ECF5R510,-0.12105132898564433,-3.0528327526308865,0.0024939726240568146,0.7844265396899237,1.2748166327917594,outputViewer0000000103_heading.xml,00000001039_lightTableData.bin
2,1,LN_PRICE,ECF5R511_518,6.447466404716564e-05,0.8229244247443918,1.2151784172776372,-1.928229279492666,0.4723491842683455,outputViewer0000000103_heading.xml,00000001039_lightTableData.bin
2,1,LN_PRICE,ECF5R528,0.13371198860652914,0.3620550258405386,0.017646082365462213,0.36931399666696096,0.7121989817667502,outputViewer0000000103_heading.xml,00000001039_lightTableData.bin
2,1,LN_PRICE,ECF5R529,-0.15768285167286722,-4.313399093905566,2.2568200296141304e-05,0.9219182803283961,1.0846948382928154,outputViewer0000000103_heading.xml,00000001039_lightTableData.bin
2,1,LN_PRICE,ECF5R530_532_535,0.3533655234691865,0.506311894162532,1.9750671701166642,-0.20062204265951727,0.2176235460854591,outputViewer0000000103_heading.xml,00000001039_lightTableData.bin
2,1,LN_PRICE,ECF5R531_537,1.9083098381946573,-0.22011080874065964,0.20969865640022176,-0.051011068945477495,-1.0496529282503637,outputViewer0000000103_heading.xml,00000001039_lightTableData.bin
2,1,LN_PRICE,ECF5R539,-0.8183071017251519,0.9596991878026523,-0.04861352864475325,-0.8526704118597467,0.3946360313356656,outputViewer0000000103_heading.xml,00000001039_lightTableData.bin
2,1,LN_PRICE,MONTHS_1TO9,-0.057034020380235737,-1.2858267893899982,0.19960111593025248,0.6254683137322702,1.5988020144982868,outputViewer0000000103_heading.xml,00000001039_lightTableData.bin
2,1,LN_PRICE,MONTHS_10TO16,0.029212656630906504,0.6594795565532505,1.5163472317875462,-0.24169077612644552,0.10528405949856984,outputViewer0000000103_heading.xml,00000001039_lightTableData.bin
2,1,LN_PRICE,MONTHS_17TO24,1.409734287836572,-0.2517880508189883,0.10149974841905621,-0.10347428472226645,-2.4806766000980156,outputViewer0000000103_heading.xml,00000001039_lightTableData.bin
2,2,LN_PRICE,(Constant),-0.014401002418868254,0.02105710891696211,,-0.6839021669906371,0.49463907406374097,outputViewer0000000103_heading.xml,00000001039_lightTableData.bin
2,2,LN_PRICE,LN_LANDRATIO,,4.742217264313864,3.3873892242713134e-06,,,outputViewer0000000103_heading.xml,00000001039_lightTableData.bin
2,2,LN_PRICE,LN_BASE_BLDGSIZE_RATIO,1.581325343784841e-119,0.42556726947840307,2.349804770525823,11.33113333971999,0.2523423807221291,outputViewer0000000103_heading.xml,00000001039_lightTableData.bin
2,2,LN_PRICE,ARTERIAL,2.109993696861735,11.525312034734705,0.1691375863884156,0.2181521859892797,68.14163711824189,outputViewer0000000103_heading.xml,00000001039_lightTableData.bin
2,2,LN_PRICE,SINGLE_FAMILY1STORY,0.14986634713120156,0.22051232168307605,3.5619635119210145,0.0004391279349135095,0.33307329794089663,outputViewer0000000103_heading.xml,00000001039_lightTableData.bin
2,2,LN_PRICE,HALF_DUPLEX2STORY,4.027723179593353,7.332334348505285e-05,0.3744067265288089,2.6708921852744933,0.5434773990374531,outputViewer0000000103_heading.xml,00000001039_lightTableData.bin
2,2,LN_PRICE,ROW_HOUSE2STORY,0.042852696472418586,23.33575439397689,0.15180517863077228,0.49114947174588586,0.05347356294224604,outputViewer0000000103_heading.xml,00000001039_lightTableData.bin
2,2,LN_PRICE,SMALLEST,0.5585359852991353,0.2308786949189628,0.19674499536044432,2.419175080209018,0.01622958287851494,outputViewer0000000103_heading.xml,00000001039_lightTableData.bin
2,2,LN_PRICE,SMALL,0.2531118775830228,4.555667797183154,7.814099944746232e-06,0.40272026668275795,2.483113174901992,outputViewer0000000103_heading.xml,00000001039_lightTableData.bin
2,2,LN_PRICE,LARGE,0.11048145763817958,0.7156612374972035,1.3973091563505389,-0.19652240226578208,0.12449795036235688,outputViewer0000000103_heading.xml,00000001039_lightTableData.bin
2,2,LN_PRICE,LARGEST,1.273801226364372,-0.19464348867238548,0.1180395350020656,-0.06530511825454868,-1.6489686160571488,outputViewer0000000103_heading.xml,00000001039_lightTableData.bin
2,2,LN_PRICE,POWDER_ROOM,0.5946155412413833,1.6817589360552072,-0.31806796787203506,0.7781732167392831,-0.01889560317211933,outputViewer0000000103_heading.xml,00000001039_lightTableData.bin
2,2,LN_PRICE,EXCELLENT,0.14035394129144185,0.08622344280077071,0.07008676869269914,1.62779328605268,0.10475257753963405,outputViewer0000000103_heading.xml,00000001039_lightTableData.bin
2,2,LN_PRICE,GOOD,-0.0667878365838219,-1.6981211567378984,0.09059584447235494,0.8056019507926954,1.241307818353743,outputViewer0000000103_heading.xml,00000001039_lightTableData.bin
2,2,LN_PRICE,UNSOUND,0.8408745808209896,-0.0657765239379161,-1.3167364838554043,0.18909992822635707,0.5081427135965815,outputViewer0000000103_heading.xml,00000001039_lightTableData.bin
2,2,LN_PRICE,QABOVE_AVG,0.587398647220443,1.7024213534232284,0.18581440993085616,0.5518852629475149,0.01558571532073983,outputViewer0000000103_heading.xml,00000001039_lightTableData.bin
2,2,LN_PRICE,QBELOW_AVG,0.416488412223198,0.4940783046174129,0.03493415731165944,0.8429603330704911,0.40000513246705904,outputViewer0000000103_heading.xml,00000001039_lightTableData.bin
2,2,LN_PRICE,QPOOR,-0.06587009450468073,-1.7701915446574994,0.07777952553296816,0.9046987383421772,1.105340327800676,outputViewer0000000103_heading.xml,00000001039_lightTableData.bin
2,2,LN_PRICE,EXT_BRICK,0.05419383551820009,0.15870873850049827,6.300850283658833,0.3107263859110228,0.16593318811212823,outputViewer0000000103_heading.xml,00000001039_lightTableData.bin
2,2,LN_PRICE,YB_PRE_1910,0.24379786299922687,0.1332198473480549,1.0522123514851596,0.29368662090141845,0.07884758142481975,outputViewer0000000103_heading.xml,00000001039_lightTableData.bin
2,2,LN_PRICE,YB_1930_TO_1945,1.9504367651533887,0.05215106483923533,0.45630245748826975,2.191528850194078,0.20808409812419534,outputViewer0000000103_heading.xml,00000001039_lightTableData.bin
2,2,LN_PRICE,YB_1946_TO_1960,0.15282011202521942,6.543641322779381,0.3057022388930916,0.18235719128181505,0.14700803435534332,outputViewer0000000103_heading.xml,00000001039_lightTableData.bin
2,2,LN_PRICE,YB_POST_1990,0.09878384807896685,0.8079676305701635,0.41988042387315727,0.08732913035077329,11.450932764168368,outputViewer0000000103_heading.xml,00000001039_lightTableData.bin
2,2,LN_PRICE,LN_GARAGESPACES,0.28740936467668915,0.046535555610644284,0.530898197079674,0.5959442715998615,0.16396477183881258,outputViewer0000000103_heading.xml,00000001039_lightTableData.bin
2,2,LN_PRICE,FIREPLACE,2.191537065413533,0.029257854967642476,0.6134323396179127,1.6301716349399966,0.18322444099613613,outputViewer0000000103_heading.xml,00000001039_lightTableData.bin
2,2,LN_PRICE,HOT_WATER,0.5112734640076584,1.9559004532748858,1.6711195674656245,0.4850287968360706,0.1713916695404214,outputViewer0000000103_heading.xml,00000001039_lightTableData.bin
2,2,LN_PRICE,CENTRAL_AIR,1.6387294962789452,0.4027832197149807,0.16806971192272852,4.068514814094168,6.222107802486749e-05,outputViewer0000000103_heading.xml,00000001039_lightTableData.bin
2,2,LN_PRICE,ECF5R501,0.18131691427492355,4.379153530083973,1.7530569722634043e-05,0.7584224031261897,1.3185264515895578,outputViewer0000000103_heading.xml,00000001039_lightTableData.bin
2,2,LN_PRICE,ECF5R502,1.373766098676128e-05,0.8209293231161853,1.2181316610838995,0.5916678789666091,0.13384984665520827,outputViewer0000000103_heading.xml,00000001039_lightTableData.bin
2,2,LN_PRICE,ECF5R503,1.1506360081016813,0.5701928995933314,0.12996818234349294,0.16554065559971834,4.387172993512893,outputViewer0000000103_heading.xml,00000001039_lightTableData.bin
2,2,LN_PRICE,ECF5R504,0.08432726442846139,-0.18952054355374406,-4.797234304268251,2.713372927597255e-06,0.8046414173527874,outputViewer0000000103_heading.xml,00000001039_lightTableData.bin
2,2,LN_PRICE,ECF5R505_506_516,-5.078521579917459,7.040210571551751e-07,0.8272725731789791,1.2087914339493662,-0.4271792831757425,outputViewer0000000103_heading.xml,00000001039_lightTableData.bin
2,2,LN_PRICE,ECF5R508_509,0.7602073412490221,1.3154306012843786,-0.3978631236384064,0.1320062089446503,-0.12319365803395371,outputViewer0000000103_heading.xml,00000001039_lightTableData.bin
2,2,LN_PRICE,ECF5R510,-0.38798441260139027,0.12794321745017173,-0.12013483082176787,-3.032473470135243,0.0026615488939451307,outputViewer0000000103_heading.xml,00000001039_lightTableData.bin
2,2,LN_PRICE,ECF5R511_518,-0.161735748236485,-4.082211515786641,6.000012025949222e-05,0.8250218124990101,1.2120891652197376,outputViewer0000000103_heading.xml,00000001039_lightTableData.bin
2,2,LN_PRICE,ECF5R528,0.5572968224220588,1.7943759227872789,-1.9475191873623328,0.45157913731165356,-0.1633537444550334,outputViewer0000000103_heading.xml,00000001039_lightTableData.bin
2,2,LN_PRICE,ECF5R529,-1.873262249733368,0.43549809209551854,-0.1571252313332274,-4.301424699060455,2.3711949298800904e-05,outputViewer0000000103_heading.xml,00000001039_lightTableData.bin
2,2,LN_PRICE,ECF5R530_532_535,-0.04649451296208296,-0.9218765444651588,0.3574747131427163,0.5072319373044973,1.9714846926125003,outputViewer0000000103_heading.xml,00000001039_lightTableData.bin
2,2,LN_PRICE,ECF5R531_537,0.294830425880031,0.5242370815304049,1.9075338911179285,-0.21895701970173884,0.20953675959773374,outputViewer0000000103_heading.xml,00000001039_lightTableData.bin
2,2,LN_PRICE,ECF5R539,0.39010174801603553,2.563433783841681,-0.7071072026988711,0.917964549884595,-0.04200742750593721,outputViewer0000000103_heading.xml,00000001039_lightTableData.bin
2,2,LN_PRICE,MONTHS_1TO9,-0.8353712054888505,0.7340710880712682,-0.0496272633360015,-1.1379976940431515,0.2561228323888346,outputViewer0000000103_heading.xml,00000001039_lightTableData.bin
2,2,LN_PRICE,MONTHS_10TO16,-0.09932473007478945,-2.295606545544804,0.022516873717416584,0.6866640513813892,1.4563162262364842,outputViewer0000000103_heading.xml,00000001039_lightTableData.bin
2,2,LN_PRICE,MONTHS_17TO24,0.01372984822924732,0.710545009156657,1.4073703806418907,-0.25589906017626535,0.10130967625549056,outputViewer0000000103_heading.xml,00000001039_lightTableData.bin
2,3,LN_PRICE,(Constant),,,-0.014361930279193316,0.02103313925756377,,outputViewer0000000103_heading.xml,00000001039_lightTableData.bin
2,3,LN_PRICE,LN_LANDRATIO,0.06545932661106353,0.011696168090454333,,5.596647218543931,5.2362107714053526e-08,outputViewer0000000103_heading.xml,00000001039_lightTableData.bin
2,3,LN_PRICE,LN_BASE_BLDGSIZE_RATIO,-0.030504066744173074,44.9038061196603,1.6810260171577497e-124,0.4282702540599817,2.3349742143425734,outputViewer0000000103_heading.xml,00000001039_lightTableData.bin
2,3,LN_PRICE,ARTERIAL,7.952496447339385e-174,0.47451786292283743,2.10740222473482,11.509694329527626,0.168652171038164,outputViewer0000000103_heading.xml,00000001039_lightTableData.bin
2,3,LN_PRICE,SINGLE_FAMILY1STORY,3.0023421456542234,0.5357221594691391,0.14954133131768643,0.2212987110435461,3.5824354026315843,outputViewer0000000103_heading.xml,00000001039_lightTableData.bin
2,3,LN_PRICE,HALF_DUPLEX2STORY,0.13754527506956676,0.22450228306304673,3.9512618573235363,9.93081519900946e-05,0.3816384931506432,outputViewer0000000103_heading.xml,00000001039_lightTableData.bin
2,3,LN_PRICE,ROW_HOUSE2STORY,0.30908142503167396,0.7575159931071944,0.04326672622688549,23.11244892336251,0.15793645468689468,outputViewer0000000103_heading.xml,00000001039_lightTableData.bin
2,3,LN_PRICE,SMALLEST,0.1875407804011322,5.332173609713543,0.5636589460722266,0.23055353456283456,0.19854956466316126,outputViewer0000000103_heading.xml,00000001039_lightTableData.bin
2,3,LN_PRICE,SMALL,0.7603245453690258,0.15458792343589603,0.2678252665688943,4.918395489569497,1.4898314926534105e-06,outputViewer0000000103_heading.xml,00000001039_lightTableData.bin
2,3,LN_PRICE,LARGE,-0.06593551527036343,-1.5785191779767844,0.11565756443796933,0.71773422098693,1.3932734022699054,outputViewer0000000103_heading.xml,00000001039_lightTableData.bin
2,3,LN_PRICE,LARGEST,0.10029591205425108,0.7856843154774314,1.2727758214090563,-0.19115014764687316,0.1181097093620544,outputViewer0000000103_heading.xml,00000001039_lightTableData.bin
2,3,LN_PRICE,POWDER_ROOM,-0.40873671957615015,0.6830800137890869,0.6037126226364957,1.6564172463926015,-0.32340279562293545,outputViewer0000000103_heading.xml,00000001039_lightTableData.bin
2,3,LN_PRICE,EXCELLENT,0.667869442195029,1.4972986287759866,0.1426088010742445,0.08611003331248537,0.07121274944234979,outputViewer0000000103_heading.xml,00000001039_lightTableData.bin
2,3,LN_PRICE,GOOD,-0.22460888387095174,0.11639446268961191,-0.07535885131458647,-1.9297213860586673,0.05464790625211951,outputViewer0000000103_heading.xml,00000001039_lightTableData.bin
2,3,LN_PRICE,UNSOUND,1.967951076031581,-1.0141852909585447,0.8074815657254131,-0.06025015008321442,-1.2559856893419434,outputViewer0000000103_heading.xml,00000001039_lightTableData.bin
2,3,LN_PRICE,QABOVE_AVG,0.33669029127260347,0.7366294922642966,0.5998903801138524,1.6669712219926103,0.21872413446669708,outputViewer0000000103_heading.xml,00000001039_lightTableData.bin
2,3,LN_PRICE,QBELOW_AVG,0.7198299183982927,1.3892170559194303,0.41367626498024657,0.49375384799131156,0.03469828041500243,outputViewer0000000103_heading.xml,00000001039_lightTableData.bin
2,3,LN_PRICE,QPOOR,0.3838971908481936,0.1964835801515744,0.191299329377663,1.9538385373069938,0.051839929098974155,outputViewer0000000103_heading.xml,00000001039_lightTableData.bin
2,3,LN_PRICE,EXT_BRICK,0.15483767701813925,1.8725993844043516,0.06223317328721442,0.1822074595071114,5.4882495080338405,outputViewer0000000103_heading.xml,00000001039_lightTableData.bin
2,3,LN_PRICE,YB_PRE_1910,12.682697197928492,0.2518885778956254,0.2431121717648682,0.13081095496266368,1.0361002333492604,outputViewer0000000103_heading.xml,00000001039_lightTableData.bin
2,3,LN_PRICE,YB_1930_TO_1945,0.10406817397655521,0.10369012687320031,1.9994979269173412,0.04654539300363722,0.4573157357395073,outputViewer0000000103_heading.xml,00000001039_lightTableData.bin
2,3,LN_PRICE,YB_1946_TO_1960,1.6763925609089854,0.09489165738746394,0.16655087333030122,6.004171458271581,0.2901824092335276,outputViewer0000000103_heading.xml,00000001039_lightTableData.bin
2,3,LN_PRICE,YB_POST_1990,0.32181570373908064,0.3981978042494445,0.09814766480950673,0.8081805080408843,0.41975503214485843,outputViewer0000000103_heading.xml,00000001039_lightTableData.bin
2,3,LN_PRICE,LN_GARAGESPACES,6.098871048855917,0.16172000448129242,0.28617038211212537,0.049321523494362335,0.5651178968546381,outputViewer0000000103_heading.xml,00000001039_lightTableData.bin
2,3,LN_PRICE,FIREPLACE,0.09131628411213283,0.08811013296542544,2.006481568732513,0.045787372376233475,0.638423717944876,outputViewer0000000103_heading.xml,00000001039_lightTableData.bin
2,3,LN_PRICE,HOT_WATER,3.4454027850854128,0.0006665995331646223,0.5158544608669631,1.938531263875018,1.6603694843990147,outputViewer0000000103_heading.xml,00000001039_lightTableData.bin
2,3,LN_PRICE,CENTRAL_AIR,0.72273363985158,1.3836356091095459,1.594158309594059,0.3990922472536656,0.16349844709641465,outputViewer0000000103_heading.xml,00000001039_lightTableData.bin
2,3,LN_PRICE,ECF5R501,0.6235852795459359,0.14190320401075743,0.1810417423156126,4.394441153694197,1.639941992443744e-05,outputViewer0000000103_heading.xml,00000001039_lightTableData.bin
2,3,LN_PRICE,ECF5R502,0.17177535646494882,4.420385183486398,1.4382953257345852e-05,0.8214233017325733,1.2173991143065541,outputViewer0000000103_heading.xml,00000001039_lightTableData.bin
2,3,LN_PRICE,ECF5R503,1.6298246556040177e-05,0.8731414777534703,1.1452897674417295,0.575571545684741,0.1300595668082465,outputViewer0000000103_heading.xml,00000001039_lightTableData.bin
2,3,LN_PRICE,ECF5R504,1.242789618374267,-0.4043615309848138,0.0842071959927078,-0.18943803613532756,-4.801983087286636,outputViewer0000000103_heading.xml,00000001039_lightTableData.bin
2,3,LN_PRICE,ECF5R505_506_516,0.0819946248749105,-0.20012785164162616,-5.209844960293915,3.712210312531785e-07,0.8351265213860469,outputViewer0000000103_heading.xml,00000001039_lightTableData.bin
2,3,LN_PRICE,ECF5R508_509,-3.0139728033946414,0.002837363044727661,0.7615415302322243,1.3131260217614924,-0.39699387630843613,outputViewer0000000103_heading.xml,00000001039_lightTableData.bin
2,3,LN_PRICE,ECF5R510,0.7850154602183615,1.2738602622193427,-0.3845814120160338,0.1278010002904031,-0.11908113153300755,outputViewer0000000103_heading.xml,00000001039_lightTableData.bin
2,3,LN_PRICE,ECF5R511_518,-1.927672564043417,0.471462537906513,-0.16168905213519832,-4.08870781675056,5.838065084605212e-05,outputViewer0000000103_heading.xml,00000001039_lightTableData.bin
2,3,LN_PRICE,ECF5R528,-4.312686363139643,2.3010304671554378e-05,0.8838272043063801,1.1314428828707432,-1.9404404523263479,outputViewer0000000103_heading.xml,00000001039_lightTableData.bin
2,3,LN_PRICE,ECF5R529,0.9222340130584682,1.0843234860571138,-1.8783731565940498,0.4353418382036557,-0.15755392327047296,outputViewer0000000103_heading.xml,00000001039_lightTableData.bin
2,3,LN_PRICE,ECF5R530_532_535,-0.19822728074165002,0.21703356369686297,-0.04593952265515868,-0.9133485040982867,0.3619288335336506,outputViewer0000000103_heading.xml,00000001039_lightTableData.bin
2,3,LN_PRICE,ECF5R531_537,-0.05074367629652189,-1.0449575536153657,0.2969877070280578,0.5242634760128655,1.9074378547313866,outputViewer0000000103_heading.xml,00000001039_lightTableData.bin
2,3,LN_PRICE,ECF5R533,,,,-0.8887128231798355,1.00761209318738,outputViewer0000000103_heading.xml,00000001039_lightTableData.bin
2,3,LN_PRICE,ECF5R539,-0.7702990303795146,0.4418272941542789,0.42499711102307497,2.352957170915229,-0.868919665775313,outputViewer0000000103_heading.xml,00000001039_lightTableData.bin
2,3,LN_PRICE,MONTHS_1TO9,0.6467094682600264,1.5462894067261808,-0.8300075273793711,0.7340359973784621,-0.049308620959726504,outputViewer0000000103_heading.xml,00000001039_lightTableData.bin
2,3,LN_PRICE,MONTHS_10TO16,-0.24181825359704173,0.10509087655371735,-0.09937711794643485,-2.3010394577252953,0.022199721714632102,outputViewer0000000103_heading.xml,00000001039_lightTableData.bin
2,3,LN_PRICE,MONTHS_17TO24,-0.10516373643114281,-2.525909366553688,0.012116605461302346,0.712312171935595,1.4038788601388896,outputViewer0000000103_heading.xml,00000001039_lightTableData.bin
2,4,LN_PRICE,(Constant),-0.682823904854269,0.49531686618282067,,,0.06991235065543794,outputViewer0000000103_heading.xml,00000001039_lightTableData.bin
2,4,LN_PRICE,LN_LANDRATIO,,,0.06640272209338598,0.01168543295189028,,outputViewer0000000103_heading.xml,00000001039_lightTableData.bin
2,4,LN_PRICE,LN_BASE_BLDGSIZE_RATIO,11.321351052846788,0.2512604292674701,-0.032173932328457805,45.05823334718201,3.9950284571868643e-125,outputViewer0000000103_heading.xml,00000001039_lightTableData.bin
2,4,LN_PRICE,ARTERIAL,0.21583114284574895,68.24515960083976,2.027460954152714e-174,0.4752905431156443,2.103976219355762,outputViewer0000000103_heading.xml,00000001039_lightTableData.bin
2,4,LN_PRICE,SINGLE_FAMILY1STORY,0.0004073492232105245,0.3334191988142363,2.9992274096883893,0.5402761909188751,0.14878144992122758,outputViewer0000000103_heading.xml,00000001039_lightTableData.bin
2,4,LN_PRICE,HALF_DUPLEX2STORY,2.6202807576993354,0.5477881443448185,0.13736457712053743,0.22628298666713564,3.9878413767774665,outputViewer0000000103_heading.xml,00000001039_lightTableData.bin
2,4,LN_PRICE,ROW_HOUSE2STORY,0.48960226612153956,0.055633312557249535,0.3225811349649438,0.7472799556267,0.043378302927038155,outputViewer0000000103_heading.xml,00000001039_lightTableData.bin
2,4,LN_PRICE,SMALLEST,2.4448072207655014,0.015142271226444562,0.1877225752353676,5.327009810866884,0.5713585695618577,outputViewer0000000103_heading.xml,00000001039_lightTableData.bin
2,4,LN_PRICE,SMALL,0.4202635441315161,2.3794593034866303,0.7468673956129122,0.15475286610352645,0.26308496883335375,outputViewer0000000103_heading.xml,00000001039_lightTableData.bin
2,4,LN_PRICE,LARGE,-0.19248855122024985,0.1241580921945311,-0.06458211207487759,-1.55035042676605,0.12226449772491685,outputViewer0000000103_heading.xml,00000001039_lightTableData.bin
2,4,LN_PRICE,LARGEST,-0.06413306235722281,-1.6184118027157282,0.10671604282896607,0.7861462042879497,1.2720280204186039,outputViewer0000000103_heading.xml,00000001039_lightTableData.bin
2,4,LN_PRICE,POWDER_ROOM,0.7764780439168648,-0.019212531622497517,-0.41649960118841584,0.6773975848224478,0.6041213425700377,outputViewer0000000103_heading.xml,00000001039_lightTableData.bin
2,4,LN_PRICE,EXCELLENT,1.6561229346727844,0.09887164549905814,0.6686299018583229,1.4955956908608188,0.14150526769015057,outputViewer0000000103_heading.xml,00000001039_lightTableData.bin
2,4,LN_PRICE,GOOD,0.8214113768294913,1.217416787992188,-1.1914542630631664,0.8804544063900925,-0.07078124560354689,outputViewer0000000103_heading.xml,00000001039_lightTableData.bin
2,4,LN_PRICE,UNSOUND,0.21025732961344232,0.5492531606134053,1.820654065755764,-0.9443385472653834,0.7862799049773728,outputViewer0000000103_heading.xml,00000001039_lightTableData.bin
2,4,LN_PRICE,QABOVE_AVG,0.5374369970198575,0.018346112633792398,0.4069763259313083,0.6843681155444362,0.6302716726341442,outputViewer0000000103_heading.xml,00000001039_lightTableData.bin
2,4,LN_PRICE,QBELOW_AVG,0.8378188173381605,0.4028790219753693,0.7198651859170843,1.3891489956220529,-0.7721726368243788,outputViewer0000000103_heading.xml,00000001039_lightTableData.bin
2,4,LN_PRICE,QPOOR,0.13617379425571094,7.34355685295933,0.38474082987233615,0.1954622868057967,0.19171972208540516,outputViewer0000000103_heading.xml,00000001039_lightTableData.bin
2,4,LN_PRICE,EXT_BRICK,0.31088566526918104,0.16574482397391316,0.1549170473160361,1.8756885302078081,0.06180158633670726,outputViewer0000000103_heading.xml,00000001039_lightTableData.bin
2,4,LN_PRICE,YB_PRE_1910,0.301121766587063,0.0790338549942273,12.652805561275493,0.24413296389217484,0.24205919185120015,outputViewer0000000103_heading.xml,00000001039_lightTableData.bin
2,4,LN_PRICE,YB_1930_TO_1945,2.1866730616276286,0.20702346028498678,0.10411683571918946,0.10316160175712721,1.98837641246939,outputViewer0000000103_heading.xml,00000001039_lightTableData.bin
2,4,LN_PRICE,YB_1946_TO_1960,0.17758654352058745,0.13954476009198358,1.634033770131277,0.10348571055147017,0.175033669199226,outputViewer0000000103_heading.xml,00000001039_lightTableData.bin
2,4,LN_PRICE,YB_POST_1990,0.08815851184738653,11.343204178980763,0.32249462142654567,0.39733079463015913,0.09835472178294948,outputViewer0000000103_heading.xml,00000001039_lightTableData.bin
2,4,LN_PRICE,LN_GARAGESPACES,0.5724808633518763,0.1648687195931322,6.065431953786193,0.1732713051594439,0.2848740697548153,outputViewer0000000103_heading.xml,00000001039_lightTableData.bin
2,4,LN_PRICE,FIREPLACE,1.5663578465083654,0.1830294405936717,0.09136106108338127,0.08801635993331224,2.003363779089964,outputViewer0000000103_heading.xml,00000001039_lightTableData.bin
2,4,LN_PRICE,HOT_WATER,0.483462868251287,0.17028913042810717,3.4343267982599506,0.0006927684529855248,0.5174888753344791,outputViewer0000000103_heading.xml,00000001039_lightTableData.bin
2,4,LN_PRICE,CENTRAL_AIR,3.994460730731263,8.36697988208165e-05,0.7353788240249511,1.359843345130197,1.5813602088196064,outputViewer0000000103_heading.xml,00000001039_lightTableData.bin
2,4,LN_PRICE,ECF5R501,0.7630207230626522,1.3105803941813639,0.6229955684582695,0.14161827290183834,0.18087053506252973,outputViewer0000000103_heading.xml,00000001039_lightTableData.bin
2,4,LN_PRICE,ECF5R502,0.5860956223864069,0.13349797970060284,0.17015759691705828,4.390295820961852,1.6346679450392138e-05,outputViewer0000000103_heading.xml,00000001039_lightTableData.bin
2,4,LN_PRICE,ECF5R503,0.16710220538549408,4.425445661627765,1.3801163404767524e-05,0.8740324905892844,1.1441222274537948,outputViewer0000000103_heading.xml,00000001039_lightTableData.bin
2,4,LN_PRICE,ECF5R504,2.6498829581548457e-06,0.8046548322373916,1.2427688990811616,-0.408506110756392,0.08381278597385948,outputViewer0000000103_heading.xml,00000001039_lightTableData.bin
2,4,LN_PRICE,ECF5R505_506_516,1.1974233536977308,-0.4375449474262229,0.08162637943581626,-0.2049840284249783,-5.360337558157525,outputViewer0000000103_heading.xml,00000001039_lightTableData.bin
2,4,LN_PRICE,ECF5R508_509,0.1317632799497501,-0.12292450577541815,-3.012932559510022,0.0028457331355479674,0.7617837101681367,outputViewer0000000103_heading.xml,00000001039_lightTableData.bin
2,4,LN_PRICE,ECF5R510,-3.009220672312007,0.002865749264469069,0.7858334557432403,1.2725342662513666,-0.3878709836029488,outputViewer0000000103_heading.xml,00000001039_lightTableData.bin
2,4,LN_PRICE,ECF5R511_518,0.8250407290595121,1.2120613744001816,-1.9055014108851704,0.46304360802922956,-0.1598293832236993,outputViewer0000000103_heading.xml,00000001039_lightTableData.bin
2,4,LN_PRICE,ECF5R528,0.4505076078717458,-0.1627599952988573,-4.307231261849785,2.3514793415186546e-05,0.8851573747004801,outputViewer0000000103_heading.xml,00000001039_lightTableData.bin
2,4,LN_PRICE,ECF5R529,-4.314708561770107,2.2389847712492696e-05,0.922383654110198,1.0841475730233714,-1.876307433997375,outputViewer0000000103_heading.xml,00000001039_lightTableData.bin
2,4,LN_PRICE,ECF5R530_532_535,0.5081176453571973,1.9680481658868954,-0.203256427148546,0.21584761216479015,-0.04710503622337847,outputViewer0000000103_heading.xml,00000001039_lightTableData.bin
2,4,LN_PRICE,ECF5R531_537,-0.208867636183486,0.2090368497739013,-0.04840544383437435,-0.9991905083213877,0.31860371604557225,outputViewer0000000103_heading.xml,00000001039_lightTableData.bin
2,4,LN_PRICE,ECF5R533,-0.052796152197055454,-0.8819989648680869,0.3786279961200587,0.3643130242006612,2.744892259051399,outputViewer0000000103_heading.xml,00000001039_lightTableData.bin
2,4,LN_PRICE,ECF5R539,0.8185280513261024,-0.0516202914200607,-1.0615636988464485,0.2894226611444971,0.5327814176749668,outputViewer0000000103_heading.xml,00000001039_lightTableData.bin
2,4,LN_PRICE,MONTHS_1TO9,-1.130744991177084,0.2591548281346537,0.6467443937655468,1.5462059039703295,-0.2662086021557434,outputViewer0000000103_heading.xml,00000001039_lightTableData.bin
2,4,LN_PRICE,MONTHS_10TO16,0.6866776979081733,1.4562872844804784,-0.24340384626456524,0.1048355349967474,-0.10002872975485547,outputViewer0000000103_heading.xml,00000001039_lightTableData.bin
2,4,LN_PRICE,MONTHS_17TO24,-0.24783718744991184,0.10079577901514923,-0.10185064626992191,-2.458805218546531,0.014570240754613231,outputViewer0000000103_heading.xml,00000001039_lightTableData.bin
2,5,LN_PRICE,(Constant),0.016090446694997176,,4.344960210282727,1.9863233507670427e-05,,outputViewer0000000103_heading.xml,00000001039_lightTableData.bin
2,5,LN_PRICE,LN_LANDRATIO,5.682521338042886,3.337107193727e-08,,,0.06672127679202824,outputViewer0000000103_heading.xml,00000001039_lightTableData.bin
2,5,LN_PRICE,LN_BASE_BLDGSIZE_RATIO,0.43048508895376497,2.3229608310716707,11.357955780506721,0.24325924345433822,-0.03289871917037471,outputViewer0000000103_heading.xml,00000001039_lightTableData.bin
2,5,LN_PRICE,ARTERIAL,11.375713905878444,0.12818330633002792,0.21997941984290625,88.74567392254568,6.039825124614644e-205,outputViewer0000000103_heading.xml,00000001039_lightTableData.bin
2,5,LN_PRICE,SINGLE_FAMILY1STORY,0.22317991246869714,3.6313410791797276,0.00034026995957869025,0.33570180879644956,2.978834113480583,outputViewer0000000103_heading.xml,00000001039_lightTableData.bin
2,5,LN_PRICE,HALF_DUPLEX2STORY,8.582656839070602e-05,0.38219085613820464,2.6164937856032546,0.5158125837283049,0.13287162742879013,outputViewer0000000103_heading.xml,00000001039_lightTableData.bin
2,5,LN_PRICE,ROW_HOUSE2STORY,23.05299959940778,0.19218036811836126,0.4711799140251516,0.06769577364574868,0.4078704596650159,outputViewer0000000103_heading.xml,00000001039_lightTableData.bin
2,5,LN_PRICE,SMALLEST,0.2301675813126447,0.20126176661185635,2.4823590112187057,0.013666676355355983,0.18807141036613953,outputViewer0000000103_heading.xml,00000001039_lightTableData.bin
2,5,LN_PRICE,SMALL,4.826194269728571,2.2869407848258374e-06,0.4215582195972798,2.372151587876316,-0.20315125341310028,outputViewer0000000103_heading.xml,00000001039_lightTableData.bin
2,5,LN_PRICE,LARGE,0.7198831524913255,1.3891143257614296,-0.19240915466254815,0.12398700816884861,-0.0645554736210301,outputViewer0000000103_heading.xml,00000001039_lightTableData.bin
2,5,LN_PRICE,LARGEST,-0.2125430599706752,0.11714052978523433,-0.07131062929585573,-1.8144280238475279,0.0706935550747965,outputViewer0000000103_heading.xml,00000001039_lightTableData.bin
2,5,LN_PRICE,POWDER_ROOM,1.655296592810023,-0.29733660772282416,0.7691181074463741,-0.017664006173469724,-0.3865942107513775,outputViewer0000000103_heading.xml,00000001039_lightTableData.bin
2,5,LN_PRICE,EXCELLENT,0.08604490612792468,0.07066169196349309,1.6445513634447095,0.10123479537454701,0.668796012059126,outputViewer0000000103_heading.xml,00000001039_lightTableData.bin
2,5,LN_PRICE,GOOD,-1.3532265321360466,0.17721053549574856,0.4771420557011462,2.0958119035022587,-1.1880170225398257,outputViewer0000000103_heading.xml,00000001039_lightTableData.bin
2,5,LN_PRICE,UNSOUND,-0.056100733967783104,-1.2010208340407214,0.23084030726961846,0.5773801527218856,1.7319611616121544,outputViewer0000000103_heading.xml,00000001039_lightTableData.bin
2,5,LN_PRICE,QABOVE_AVG,1.5866173959883378,0.24486872206103658,0.5322751393606036,0.020539064728170603,0.4600416287621202,outputViewer0000000103_heading.xml,00000001039_lightTableData.bin
2,5,LN_PRICE,QBELOW_AVG,0.7213766636548272,-0.04587279826830175,-1.070415326318148,0.2853918960112386,0.6715518482731491,outputViewer0000000103_heading.xml,00000001039_lightTableData.bin
2,5,LN_PRICE,QPOOR,1.9683634943583712,0.0501311503698529,0.13705171402098634,7.296515823558929,0.3858082234297206,outputViewer0000000103_heading.xml,00000001039_lightTableData.bin
2,5,LN_PRICE,EXT_BRICK,0.18220787758694082,5.488236915129249,0.3247178383962098,0.1643364936276378,0.16180974021954495,outputViewer0000000103_heading.xml,00000001039_lightTableData.bin
2,5,LN_PRICE,YB_PRE_1910,0.12678330399655452,1.0085672104625116,0.31411992642828424,0.07947282797876529,12.58291702249723,outputViewer0000000103_heading.xml,00000001039_lightTableData.bin
2,5,LN_PRICE,YB_1930_TO_1945,0.04776486178872808,0.4573528910118164,2.186495416674131,0.20812142756746382,0.10416351816398309,outputViewer0000000103_heading.xml,00000001039_lightTableData.bin
2,5,LN_PRICE,YB_1946_TO_1960,5.713186523341316,0.28640242178478376,0.17703498805623583,0.13772701571843962,1.6177729889969938,outputViewer0000000103_heading.xml,00000001039_lightTableData.bin
2,5,LN_PRICE,YB_POST_1990,0.811652723083616,0.41775996080503,0.08819349217393707,11.338705105675812,0.3198347869766186,outputViewer0000000103_heading.xml,00000001039_lightTableData.bin
2,5,LN_PRICE,LN_GARAGESPACES,0.05284445035560786,0.6082382482497428,0.5435583997633349,0.16590192311130775,6.027657674161348,outputViewer0000000103_heading.xml,00000001039_lightTableData.bin
2,5,LN_PRICE,FIREPLACE,0.046119291128216916,0.6384260089505271,1.5663522255990858,0.19146621446687623,0.09118031683187396,outputViewer0000000103_heading.xml,00000001039_lightTableData.bin
2,5,LN_PRICE,HOT_WATER,1.9324086906286626,1.6545481700048397,0.4823932937496011,0.1696920906875873,3.429873904639471,outputViewer0000000103_heading.xml,00000001039_lightTableData.bin
2,5,LN_PRICE,CENTRAL_AIR,0.3985544003338439,0.162185861269892,3.967739930847585,9.295879394177625e-05,0.7364932317920274,outputViewer0000000103_heading.xml,00000001039_lightTableData.bin
2,5,LN_PRICE,ECF5R501,4.3991185296412585,1.6051018372280506e-05,0.7632382839933859,1.3102068134840388,0.621642394933865,outputViewer0000000103_heading.xml,00000001039_lightTableData.bin
2,5,LN_PRICE,ECF5R502,0.8242330484424756,1.2132490948884724,0.5886127916383621,0.13335882904767876,0.1708883914403175,outputViewer0000000103_heading.xml,00000001039_lightTableData.bin
2,5,LN_PRICE,ECF5R503,0.5585852812560642,0.1299472327262412,0.16217068597913384,4.298554648199638,2.3729209449236698e-05,outputViewer0000000103_heading.xml,00000001039_lightTableData.bin
2,5,LN_PRICE,ECF5R504,-0.19137971701338186,-4.87403092511209,1.896543322880614e-06,0.8102359262930566,1.2342084170164371,outputViewer0000000103_heading.xml,00000001039_lightTableData.bin
2,5,LN_PRICE,ECF5R505_506_516,1.755839083034323e-07,0.8441768443019303,1.1845859155576857,-0.4458958897290601,0.08148692276231614,outputViewer0000000103_heading.xml,00000001039_lightTableData.bin
2,5,LN_PRICE,ECF5R508_509,1.3127085636673506,-0.4016373037672186,0.13104898967906028,-0.12436228872255707,-3.0647874871132594,outputViewer0000000103_heading.xml,00000001039_lightTableData.bin
2,5,LN_PRICE,ECF5R510,0.12771564560444837,-0.12009970886043267,-3.036988786825967,0.0026215523741537333,0.7864472113726751,outputViewer0000000103_heading.xml,00000001039_lightTableData.bin
2,5,LN_PRICE,ECF5R511_518,-4.115166212951775,5.23865044638004e-05,0.8521689482003453,1.1734762245348789,-1.9046432314829043,outputViewer0000000103_heading.xml,00000001039_lightTableData.bin
2,5,LN_PRICE,ECF5R514,0.18220267228464085,0.39364378112170395,0.024045438227706502,0.4628618081186166,0.6438676772576997,outputViewer0000000103_heading.xml,00000001039_lightTableData.bin
2,5,LN_PRICE,ECF5R528,1.129742606887708,-1.9404309004527844,0.44977087795817966,-0.1627591941081305,-4.314265319403824,outputViewer0000000103_heading.xml,00000001039_lightTableData.bin
2,5,LN_PRICE,ECF5R529,0.4353278249890445,-0.1573806548768356,-4.310102240867774,2.2803866169871293e-05,0.9224046611824726,outputViewer0000000103_heading.xml,00000001039_lightTableData.bin
2,5,LN_PRICE,ECF5R530_532_535,-0.9416663224116126,0.34725823271670775,0.5118432718348321,1.9537230535731105,-0.20246953518611838,outputViewer0000000103_heading.xml,00000001039_lightTableData.bin
2,5,LN_PRICE,ECF5R531_537,0.5261081645420663,1.9007498217983698,-0.18234444877493441,0.2065112721617032,-0.042258648275844746,outputViewer0000000103_heading.xml,00000001039_lightTableData.bin
2,5,LN_PRICE,ECF5R539,1.8769423384996293,-0.8668835903973431,0.8172292486624956,-0.05149933339769826,-1.0607593791045946,outputViewer0000000103_heading.xml,00000001039_lightTableData.bin
2,5,LN_PRICE,MONTHS_1TO9,0.19477723431848654,-0.06169431404182264,-1.3667336590294588,0.17282918821084944,0.6041821319942138,outputViewer0000000103_heading.xml,00000001039_lightTableData.bin
2,5,LN_PRICE,MONTHS_10TO16,-2.321768532703315,0.021033787515385257,0.6877252062218457,1.4540691412107716,-0.24554236250763112,outputViewer0000000103_heading.xml,00000001039_lightTableData.bin
2,5,LN_PRICE,MONTHS_17TO24,0.7187966623307056,1.3912140281195653,-0.2443302830887561,0.10065636908323149,-0.1004094562723042,outputViewer0000000103_heading.xml,00000001039_lightTableData.bin
2,6,LN_PRICE,(Constant),,0.06897950355667172,0.016022344481103803,,4.305206621791446,outputViewer0000000103_heading.xml,00000001039_lightTableData.bin
2,6,LN_PRICE,LN_LANDRATIO,0.011697026370025147,,5.704122969493212,2.970163920506384e-08,,outputViewer0000000103_heading.xml,00000001039_lightTableData.bin
2,6,LN_PRICE,LN_BASE_BLDGSIZE_RATIO,46.69074695465253,5.2360926833870106e-129,0.43078158901310837,2.3213619743845895,11.399865264344381,outputViewer0000000103_heading.xml,00000001039_lightTableData.bin
2,6,LN_PRICE,ARTERIAL,0.47778847734688773,2.0929763847652865,11.422460585748828,0.1233273163867995,0.1835812816333385,outputViewer0000000103_heading.xml,00000001039_lightTableData.bin
2,6,LN_PRICE,SINGLE_FAMILY1STORY,0.5371128991160327,0.1483345999817901,0.22187320453016926,3.620954916667924,0.00035328318216497367,outputViewer0000000103_heading.xml,00000001039_lightTableData.bin
2,6,LN_PRICE,HALF_DUPLEX2STORY,0.21307436681773237,3.8820370737518375,0.00013007362251465617,0.40824798828813724,2.4494915558388746,outputViewer0000000103_heading.xml,00000001039_lightTableData.bin
2,6,LN_PRICE,ROW_HOUSE2STORY,0.6837137204064897,0.0466643888906112,21.429617397201113,0.23625067249744283,0.44155275047808024,outputViewer0000000103_heading.xml,00000001039_lightTableData.bin
2,6,LN_PRICE,SMALLEST,5.3171292651721425,0.5546440198938184,0.22910299780657262,0.1953740457067672,2.420937417685359,outputViewer0000000103_heading.xml,00000001039_lightTableData.bin
2,6,LN_PRICE,SMALL,0.13014537115702696,-0.06815957070124429,-1.5609564259337971,0.11980407058654911,0.6846536976499885,outputViewer0000000103_heading.xml,00000001039_lightTableData.bin
2,6,LN_PRICE,LARGE,-1.5518493227977608,0.12190077453281818,0.7198842187777066,1.3891122682171069,-0.19942285517119349,outputViewer0000000103_heading.xml,00000001039_lightTableData.bin
2,6,LN_PRICE,LARGEST,0.8013216068733453,1.247938395049489,,,,outputViewer0000000103_heading.xml,00000001039_lightTableData.bin
2,6,LN_PRICE,POWDER_ROOM,0.6993803109044721,0.6134933823610815,1.6300094324594256,0.126430576631146,0.09561913471774046,outputViewer0000000103_heading.xml,00000001039_lightTableData.bin
2,6,LN_PRICE,EXCELLENT,1.495224226773041,0.1435885531280497,0.08596130647233177,0.07170199580721427,1.6703858866345442,outputViewer0000000103_heading.xml,00000001039_lightTableData.bin
2,6,LN_PRICE,GOOD,0.8763671067447233,-0.0705770479492823,-1.3556157156020265,0.1764448235688316,0.47968226396555047,outputViewer0000000103_heading.xml,00000001039_lightTableData.bin
2,6,LN_PRICE,UNSOUND,-0.9753151058781034,0.7817318972934028,-0.05794097196188172,-1.2476337594192402,0.21328773963863182,outputViewer0000000103_heading.xml,00000001039_lightTableData.bin
2,6,LN_PRICE,QABOVE_AVG,0.6458783512541308,0.640412124900241,1.5614944831904505,0.25936442054199044,0.5301280216212134,outputViewer0000000103_heading.xml,00000001039_lightTableData.bin
2,6,LN_PRICE,QBELOW_AVG,1.4890882998407844,-0.7211793340295547,0.718457935948156,-0.04284341677951764,-1.003787832168361,outputViewer0000000103_heading.xml,00000001039_lightTableData.bin
2,6,LN_PRICE,QPOOR,0.19467811759675424,0.19225161363495918,1.9817749842273642,0.04859533469037012,0.1376116381242834,outputViewer0000000103_heading.xml,00000001039_lightTableData.bin
2,6,LN_PRICE,EXT_BRICK,1.9759326198840073,0.04919958050225402,0.18497091582824848,5.406255332208727,0.31511957247265004,outputViewer0000000103_heading.xml,00000001039_lightTableData.bin
2,6,LN_PRICE,YB_PRE_1910,0.26176515166768766,0.23925286030897128,0.13594006426041835,1.0940941367624362,0.2749223893419367,outputViewer0000000103_heading.xml,00000001039_lightTableData.bin
2,6,LN_PRICE,YB_1930_TO_1945,0.10370872846142118,1.998026096236701,0.04669849840656339,0.45739291933050324,2.1863040675481455,outputViewer0000000103_heading.xml,00000001039_lightTableData.bin
2,6,LN_PRICE,YB_1946_TO_1960,0.10694296231583264,0.17554502326843668,5.696544290354723,0.2845563138286525,0.1766668213909245,outputViewer0000000103_heading.xml,00000001039_lightTableData.bin
2,6,LN_PRICE,YB_POST_1990,0.39644281421316163,0.09754352289797562,0.8067614685144678,0.42056466352253274,0.08825877353905848,outputViewer0000000103_heading.xml,00000001039_lightTableData.bin
2,6,LN_PRICE,LN_GARAGESPACES,0.14778753733974365,0.28126570010475005,0.045072386180395586,0.5254374681473925,0.5997235032476788,outputViewer0000000103_heading.xml,00000001039_lightTableData.bin
2,6,LN_PRICE,FIREPLACE,0.09207348934097109,2.0998634477210465,0.036648608566565495,0.6420991684479934,1.5573918315718775,outputViewer0000000103_heading.xml,00000001039_lightTableData.bin
2,6,LN_PRICE,HOT_WATER,0.000703317374481367,0.518039540032925,1.930354582463808,1.6304540257081113,0.477922611426343,outputViewer0000000103_heading.xml,00000001039_lightTableData.bin
2,6,LN_PRICE,CENTRAL_AIR,1.3577857294992526,1.5720351332137688,0.3983152383159678,0.16122947232693982,3.946711001718531,outputViewer0000000103_heading.xml,00000001039_lightTableData.bin
2,6,LN_PRICE,ECF5R501,0.14126467666153,0.18047767637816192,4.400550863987885,1.5929524198145336e-05,0.764242698762762,outputViewer0000000103_heading.xml,00000001039_lightTableData.bin
2,6,LN_PRICE,ECF5R502,4.413751949096073,1.4759942831745325e-05,0.8247206716377178,1.2125317509190296,0.5901475342320996,outputViewer0000000103_heading.xml,00000001039_lightTableData.bin
2,6,LN_PRICE,ECF5R503,0.8801166375829271,1.1362130396106471,-0.39623731989515126,0.08905293792915296,-0.1856319505509095,outputViewer0000000103_heading.xml,00000001039_lightTableData.bin
2,6,LN_PRICE,ECF5R504,-0.40551421077286615,0.08350397621905666,-0.189978051390512,-4.856226363509654,2.0557148436346054e-06,outputViewer0000000103_heading.xml,00000001039_lightTableData.bin
2,6,LN_PRICE,ECF5R505_506_516,-0.2088963345879212,-5.471993230492512,9.961557233970213e-08,0.8493082932305072,1.1774287475709297,outputViewer0000000103_heading.xml,00000001039_lightTableData.bin
2,6,LN_PRICE,ECF5R508_509,0.0024093735981496,0.767613790192135,1.3027384509985136,-0.3991529620690618,0.1306815241626039,outputViewer0000000103_heading.xml,00000001039_lightTableData.bin
2,6,LN_PRICE,ECF5R510,1.27154116072786,-0.389521037671635,0.12770220703044743,-0.12061062878388858,-3.0502294888197454,outputViewer0000000103_heading.xml,00000001039_lightTableData.bin
2,6,LN_PRICE,ECF5R511_518,0.4621878134649441,-0.1597574009707469,-4.1209291461064605,5.111489636438841e-05,0.8522086294985267,outputViewer0000000103_heading.xml,00000001039_lightTableData.bin
2,6,LN_PRICE,ECF5R514,0.48370479553189993,2.067376650463766,0.18374011239382845,0.3918154622810726,0.024248335477844062,outputViewer0000000103_heading.xml,00000001039_lightTableData.bin
2,6,LN_PRICE,ECF5R528,2.2797589539372132e-05,0.8851573772912432,1.1297426035810694,-1.9470584997372218,0.44880005312491894,outputViewer0000000103_heading.xml,00000001039_lightTableData.bin
2,6,LN_PRICE,ECF5R529,1.0841228823779516,-1.8792779194047609,0.43554114380899567,-0.15762981284010205,-4.314811461828067,outputViewer0000000103_heading.xml,00000001039_lightTableData.bin
2,6,LN_PRICE,ECF5R530_532_535,0.21547775350066775,-0.04692267262034737,-0.939630805949956,0.3482961645984476,0.5118887916667119,outputViewer0000000103_heading.xml,00000001039_lightTableData.bin
2,6,LN_PRICE,ECF5R531_537,-0.8829757662436674,0.37803776005148637,0.5384578884123853,1.8571554461732322,-0.2274117359753345,outputViewer0000000103_heading.xml,00000001039_lightTableData.bin
2,6,LN_PRICE,ECF5R539,0.28978363162716564,0.5327993107252922,1.876879304965155,-0.8910501948052302,0.8147074644678127,outputViewer0000000103_heading.xml,00000001039_lightTableData.bin
2,6,LN_PRICE,MONTHS_1TO9,1.6551300461324747,-0.25008434546494246,0.1943469150978943,-0.05795748905601228,-1.2867934916228163,outputViewer0000000103_heading.xml,00000001039_lightTableData.bin
2,6,LN_PRICE,MONTHS_10TO16,0.1045223839050945,-0.1009075698662048,-2.3491844840678495,0.019575154706861955,0.6895700476889222,outputViewer0000000103_heading.xml,00000001039_lightTableData.bin
2,6,LN_PRICE,MONTHS_17TO24,-2.427370322554775,0.015863050227419948,0.7200205919739768,1.3888491678528858,-0.24263329035415776,outputViewer0000000103_heading.xml,00000001039_lightTableData.bin
2,7,LN_PRICE,(Constant),2.3477350722814637e-05,,,0.06894438598002556,0.01601031358834618,outputViewer0000000103_heading.xml,00000001039_lightTableData.bin
2,7,LN_PRICE,LN_LANDRATIO,,11.185996849186443,0.36947965573285835,0.011717008293875786,30.275000735829842,outputViewer0000000103_heading.xml,00000001039_lightTableData.bin
2,7,LN_PRICE,LN_BASE_BLDGSIZE_RATIO,0.22949477639145144,-0.03371792870269373,49.673746146184705,1.1805867044214931e-135,0.43106455351396133,outputViewer0000000103_heading.xml,00000001039_lightTableData.bin
2,7,LN_PRICE,ARTERIAL,92.619063808409,1.918731301022029e-210,0.728974734691639,1.3717896552656335,11.457183323005612,outputViewer0000000103_heading.xml,00000001039_lightTableData.bin
2,7,LN_PRICE,SINGLE_FAMILY1STORY,0.33663244538211734,2.970598983306207,0.5384059131707102,0.14805538747236968,0.22240732905461463,outputViewer0000000103_heading.xml,00000001039_lightTableData.bin
2,7,LN_PRICE,HALF_DUPLEX2STORY,0.5193366404029627,0.13282158613408432,0.2145301012613458,3.9100319121222413,0.00011650009054292125,outputViewer0000000103_heading.xml,00000001039_lightTableData.bin
2,7,LN_PRICE,ROW_HOUSE2STORY,0.0832195931646505,0.5350451837105494,0.5930867067576011,0.05294285375416637,18.888290469633105,outputViewer0000000103_heading.xml,00000001039_lightTableData.bin
2,7,LN_PRICE,SMALLEST,0.01614527241833181,0.18958337100201464,5.274724226680057,0.522010431576597,0.22564253377162038,outputViewer0000000103_heading.xml,00000001039_lightTableData.bin
2,7,LN_PRICE,SMALL,1.4605924183750252,-0.20267219971106099,0.1295794701206998,-0.06799884270116917,-1.5640764661429565,outputViewer0000000103_heading.xml,00000001039_lightTableData.bin
2,7,LN_PRICE,LARGE,0.12335197485658629,-0.06690865041745511,-1.6166977091615282,0.10713781218970109,0.7256667620523698,outputViewer0000000103_heading.xml,00000001039_lightTableData.bin
2,7,LN_PRICE,POWDER_ROOM,0.06313403455932745,1.3222309217120434,0.1872760286503544,0.5599047341475808,1.7860181188187954,outputViewer0000000103_heading.xml,00000001039_lightTableData.bin
2,7,LN_PRICE,EXCELLENT,0.09600611952101282,0.6693550013891247,1.493975540519876,0.13474548294529173,0.08527468174317035,outputViewer0000000103_heading.xml,00000001039_lightTableData.bin
2,7,LN_PRICE,GOOD,2.0847133094581487,-1.191614933096115,0.8736261395047089,-0.07079079059861369,-1.3639872700829279,outputViewer0000000103_heading.xml,00000001039_lightTableData.bin
2,7,LN_PRICE,UNSOUND,0.5822852534874865,1.7173713296201316,-0.9210926822014587,0.7734144789125981,-0.054719756673592725,outputViewer0000000103_heading.xml,00000001039_lightTableData.bin
2,7,LN_PRICE,QABOVE_AVG,0.021754932916130287,0.48924865308725607,0.6250845878603346,0.6434805387447595,1.5540485528135857,outputViewer0000000103_heading.xml,00000001039_lightTableData.bin
2,7,LN_PRICE,QBELOW_AVG,0.3163796310611973,0.6762974164564316,1.4786393909940685,-0.7055032663907383,0.7177815990756319,outputViewer0000000103_heading.xml,00000001039_lightTableData.bin
2,7,LN_PRICE,QPOOR,7.266827236638619,0.3844573066864795,0.19423768045965098,0.19157844000100763,1.979313724178985,outputViewer0000000103_heading.xml,00000001039_lightTableData.bin
2,7,LN_PRICE,EXT_BRICK,0.16363281979176236,0.1570268403230684,1.9257724267886378,0.05519861392354605,0.18622041364645736,outputViewer0000000103_heading.xml,00000001039_lightTableData.bin
2,7,LN_PRICE,YB_PRE_1910,0.08111798921797606,12.327721750015916,0.23051403874707932,0.23308830184581403,0.11971071412892989,outputViewer0000000103_heading.xml,00000001039_lightTableData.bin
2,7,LN_PRICE,YB_1930_TO_1945,0.21011954413103442,0.10424320668502034,0.10470440742897216,2.015666543777077,0.04480388414335461,outputViewer0000000103_heading.xml,00000001039_lightTableData.bin
2,7,LN_PRICE,YB_1946_TO_1960,0.13683924759864668,1.610694705368545,0.10847375872408076,0.1756850914047611,5.692002616750779,outputViewer0000000103_heading.xml,00000001039_lightTableData.bin
2,7,LN_PRICE,YB_POST_1990,11.330318334385817,0.3135694140116921,0.39500107382811056,0.0956327033869218,0.7938444596435339,outputViewer0000000103_heading.xml,00000001039_lightTableData.bin
2,7,LN_PRICE,SLAB,,,,,0.057147428460053155,outputViewer0000000103_heading.xml,00000001039_lightTableData.bin
2,7,LN_PRICE,LN_GARAGESPACES,0.1697648315797089,5.890501529054766,0.19048156475389424,0.09782992803596016,0.09159998473283293,outputViewer0000000103_heading.xml,00000001039_lightTableData.bin
2,7,LN_PRICE,FIREPLACE,0.20788934716812862,0.09044182343125658,0.099971149708491,2.298597477152173,0.022272532118461995,outputViewer0000000103_heading.xml,00000001039_lightTableData.bin
2,7,LN_PRICE,HOT_WATER,0.1672209715064345,3.411544017225047,0.0007497031076370089,0.5260656226249539,1.9009035317879464,outputViewer0000000103_heading.xml,00000001039_lightTableData.bin
2,7,LN_PRICE,CENTRAL_AIR,0.00010093368962440313,0.7369684511652045,1.3569101885147488,1.5771372714277003,0.39827389905370963,outputViewer0000000103_heading.xml,00000001039_lightTableData.bin
2,7,LN_PRICE,ECF5R501,1.30848485908849,0.6168726153461064,0.13991303174966915,0.17909289512152604,4.408971827941003,outputViewer0000000103_heading.xml,00000001039_lightTableData.bin
2,7,LN_PRICE,ECF5R502,0.13326117059253134,0.17133396397432368,4.428503303761123,1.3831752575214344e-05,0.8248858908745571,outputViewer0000000103_heading.xml,00000001039_lightTableData.bin
2,7,LN_PRICE,ECF5R503,-4.449458143765927,1.298961360315863e-05,0.7499838063073165,1.3333621227419352,-0.39614938120363113,outputViewer0000000103_heading.xml,00000001039_lightTableData.bin
2,7,LN_PRICE,ECF5R504,0.8139930214387362,1.2285117607427343,-0.4059333635978518,0.08340666307224023,-0.19017441895251144,outputViewer0000000103_heading.xml,00000001039_lightTableData.bin
2,7,LN_PRICE,ECF5R505_506_516,-0.4479375064389195,0.08155845058089975,-0.20985280504918116,-5.492226780284401,8.960289958519517e-08,outputViewer0000000103_heading.xml,00000001039_lightTableData.bin
2,7,LN_PRICE,ECF5R508_509,-0.12359304140251545,-3.0543947556994,0.0024904339030597964,0.769414110563402,1.2996902269803083,outputViewer0000000103_heading.xml,00000001039_lightTableData.bin
2,7,LN_PRICE,ECF5R510,0.0025115243320006507,0.7865800156021429,1.2713264768549706,-0.39397283644984316,0.12770637517533714,outputViewer0000000103_heading.xml,00000001039_lightTableData.bin
2,7,LN_PRICE,ECF5R511_518,1.1734215840884403,-1.9097949024931844,0.46122453927035106,-0.16018951211768223,-4.140705317879325,outputViewer0000000103_heading.xml,00000001039_lightTableData.bin
2,7,LN_PRICE,ECF5R514,0.468945537075361,0.6395172379512368,0.486282229711475,2.056418965984688,0.18558031248941043,outputViewer0000000103_heading.xml,00000001039_lightTableData.bin
2,7,LN_PRICE,ECF5R528,-0.1633151029622695,-4.338365127588962,2.0560555726845858e-05,0.8862017670204738,1.1284112007157587,outputViewer0000000103_heading.xml,00000001039_lightTableData.bin
2,7,LN_PRICE,ECF5R529,2.2327376050981016e-05,0.922438252725351,1.0840834029220843,-1.8856813907799084,0.4357184300442123,outputViewer0000000103_heading.xml,00000001039_lightTableData.bin
2,7,LN_PRICE,ECF5R530_532_535,1.9535493182884434,-0.20328702784420805,0.2151121084498152,-0.047112127988681266,-0.9450282892449734,outputViewer0000000103_heading.xml,00000001039_lightTableData.bin
2,7,LN_PRICE,ECF5R531_537,0.19937987012524067,-0.05270307173563906,-1.1405952658735588,0.2550490997999101,0.5770498663303476,outputViewer0000000103_heading.xml,00000001039_lightTableData.bin
2,7,LN_PRICE,ECF5R539,-0.052935009457642596,-1.0937056964210907,0.2750924511784437,0.5345861405941454,1.870605921224572,outputViewer0000000103_heading.xml,00000001039_lightTableData.bin
2,7,LN_PRICE,MONTHS_1TO9,0.19924840551404224,0.6074581055167066,1.6462040606889183,-0.26046567846253527,0.19433335473829896,outputViewer0000000103_heading.xml,00000001039_lightTableData.bin
2,7,LN_PRICE,MONTHS_10TO16,1.4501789968277718,-0.24562889249630737,0.10434635863006765,-0.10094313004730227,-2.353976657365874,outputViewer0000000103_heading.xml,00000001039_lightTableData.bin
2,7,LN_PRICE,MONTHS_17TO24,0.10057581547952629,-0.09971206372797856,-2.4124416908511113,0.016510564848403807,0.7203218474390202,outputViewer0000000103_heading.xml,00000001039_lightTableData.bin
2,8,LN_PRICE,(Constant),,4.306248319221543,2.3345678447290533e-05,,,outputViewer0000000103_heading.xml,00000001039_lightTableData.bin
2,8,LN_PRICE,LN_LANDRATIO,1.984501432423505e-85,2.1952516073428412e-08,0.8733912240369784,11.183538038257225,0.36589400866665106,outputViewer0000000103_heading.xml,00000001039_lightTableData.bin
2,8,LN_PRICE,LN_BASE_BLDGSIZE_RATIO,2.3198381584571925,11.447209584481724,0.21674709827001998,-0.03657696901378064,52.813669367886895,outputViewer0000000103_heading.xml,00000001039_lightTableData.bin
2,8,LN_PRICE,ARTERIAL,0.12035816593821504,0.19264993350252183,95.19240538184232,3.4093842127028646e-214,0.7499996642479454,outputViewer0000000103_heading.xml,00000001039_lightTableData.bin
2,8,LN_PRICE,SINGLE_FAMILY1STORY,3.636516862793583,0.0003333666992519924,0.3367990652495788,2.969129380626304,0.5463886977179513,outputViewer0000000103_heading.xml,00000001039_lightTableData.bin
2,8,LN_PRICE,HALF_DUPLEX2STORY,0.40853866837575764,2.447748713667025,0.4752585256524946,0.12703704030398927,0.1963220995815683,outputViewer0000000103_heading.xml,00000001039_lightTableData.bin
2,8,LN_PRICE,ROW_HOUSE2STORY,0.29243442157353566,0.4162549078789704,0.1030103886411284,0.7025368735317432,0.4829852284208326,outputViewer0000000103_heading.xml,00000001039_lightTableData.bin
2,8,LN_PRICE,SMALLEST,0.18387882364219824,2.313439859281759,0.02145273666775942,0.19522632186276084,5.122260105391806,outputViewer0000000103_heading.xml,00000001039_lightTableData.bin
2,8,LN_PRICE,SMALL,0.11906452714957397,0.6878921751036533,1.4537162017423988,-0.2020089660316809,0.1290916442598678,outputViewer0000000103_heading.xml,00000001039_lightTableData.bin
2,8,LN_PRICE,LARGE,1.3780429975485526,-0.1930812879604891,0.12287792029727444,-0.06478098203543554,-1.571326138116384,outputViewer0000000103_heading.xml,00000001039_lightTableData.bin
2,8,LN_PRICE,POWDER_ROOM,0.1251004715181352,0.09540189526171092,0.06246983682797204,1.3112996463535003,0.19093145225155006,outputViewer0000000103_heading.xml,00000001039_lightTableData.bin
2,8,LN_PRICE,EXCELLENT,0.06728614393494446,1.5801346916909895,0.11524677803172052,0.6794523539349123,1.4717735455749033,outputViewer0000000103_heading.xml,00000001039_lightTableData.bin
2,8,LN_PRICE,GOOD,0.1737934399102912,0.4807879528924694,2.0799190037601774,-1.1993780051621394,0.8714278338152261,outputViewer0000000103_heading.xml,00000001039_lightTableData.bin
2,8,LN_PRICE,UNSOUND,-1.1909431583133698,0.23475785990158465,0.5931936451213299,1.6857901432768438,-0.9071327898395583,outputViewer0000000103_heading.xml,00000001039_lightTableData.bin
2,8,LN_PRICE,QABOVE_AVG,0.2661873825094237,0.5289150940282,0.02232722837431472,0.5032705353181535,0.6152051361462156,outputViewer0000000103_heading.xml,00000001039_lightTableData.bin
2,8,LN_PRICE,QBELOW_AVG,-0.0419121417586971,-0.982894054820149,0.3265362632888642,0.6767714886914754,1.4776036176309386,outputViewer0000000103_heading.xml,00000001039_lightTableData.bin
2,8,LN_PRICE,QPOOR,0.048869035153126406,0.13772109673772218,7.261051673908848,0.3778237145469458,0.19224566088353814,outputViewer0000000103_heading.xml,00000001039_lightTableData.bin
2,8,LN_PRICE,EXT_BRICK,5.369980553788894,0.3177258683787698,0.16347610784904473,0.15832558037870384,1.943561493843251,outputViewer0000000103_heading.xml,00000001039_lightTableData.bin
2,8,LN_PRICE,YB_PRE_1910,0.9889558460105066,0.32359717663354504,0.08525395048651764,11.729661725859184,0.17730681759848538,outputViewer0000000103_heading.xml,00000001039_lightTableData.bin
2,8,LN_PRICE,YB_1930_TO_1945,0.4575058505825867,2.1857643978248644,0.20442849997834145,0.10429108578049189,0.10186851032989873,outputViewer0000000103_heading.xml,00000001039_lightTableData.bin
2,8,LN_PRICE,YB_1946_TO_1960,0.2414150491243169,0.14058664518252634,0.11609320220901558,1.7171975959087944,0.08714310345347463,outputViewer0000000103_heading.xml,00000001039_lightTableData.bin
2,8,LN_PRICE,YB_POST_1990,0.4280299120104881,0.08857724338102069,11.28958140747772,0.27974932187922674,0.37417674590960515,outputViewer0000000103_heading.xml,00000001039_lightTableData.bin
2,8,LN_PRICE,SLAB,0.11114761250755346,0.029808487196360076,0.5141579487923726,0.6075975689981928,0.3883795265442426,outputViewer0000000103_heading.xml,00000001039_lightTableData.bin
2,8,LN_PRICE,LN_GARAGESPACES,1.9470684337402082,0.05259090635856121,0.5628612150789571,1.7766368923815825,0.19058773317048033,outputViewer0000000103_heading.xml,00000001039_lightTableData.bin
2,8,LN_PRICE,FIREPLACE,0.6543534241047951,1.5282261285146868,0.19683582735915103,0.09011478421927724,0.09465566289455923,outputViewer0000000103_heading.xml,00000001039_lightTableData.bin
2,8,LN_PRICE,HOT_WATER,1.6297983839658745,0.47713812627319074,0.1671537282432892,3.415778983532151,0.000738226677261405,outputViewer0000000103_heading.xml,00000001039_lightTableData.bin
2,8,LN_PRICE,CENTRAL_AIR,0.16175275264974634,3.9599312813994216,9.571187094385688e-05,0.7370907810110642,1.3566849915397183,outputViewer0000000103_heading.xml,00000001039_lightTableData.bin
2,8,LN_PRICE,ECF5R501,1.534266451829294e-05,0.7762391435376734,1.2882627838665117,0.6158425584550887,0.13965416884161894,outputViewer0000000103_heading.xml,00000001039_lightTableData.bin
2,8,LN_PRICE,ECF5R502,1.2122888887574306,0.5867472614263352,0.1331255407296748,0.17034678333793624,4.407473263284513,outputViewer0000000103_heading.xml,00000001039_lightTableData.bin
2,8,LN_PRICE,ECF5R503,0.08886010944847443,-0.18559075243549703,-4.458123939553985,1.2493167498073302e-05,0.7502380042989328,outputViewer0000000103_heading.xml,00000001039_lightTableData.bin
2,8,LN_PRICE,ECF5R504,-4.866917685536281,1.9525097731564217e-06,0.8140440975708868,1.2284346793791723,-0.4045845314315613,outputViewer0000000103_heading.xml,00000001039_lightTableData.bin
2,8,LN_PRICE,ECF5R505_506_516,0.8496421098566724,1.1769661465681023,-0.45647884993548393,0.0813704775193739,-0.21385431165641375,outputViewer0000000103_heading.xml,00000001039_lightTableData.bin
2,8,LN_PRICE,ECF5R508_509,-0.39472343556578504,0.13006891267618328,-0.12222149038188618,-3.0347254193512008,0.0026516843250431106,outputViewer0000000103_heading.xml,00000001039_lightTableData.bin
2,8,LN_PRICE,ECF5R510,-0.1219890761536855,-3.0849895779198957,0.002243771609773312,0.7873283587647963,1.270118101129819,outputViewer0000000103_heading.xml,00000001039_lightTableData.bin
2,8,LN_PRICE,ECF5R511_518,4.7102252054585405e-05,0.8529176448979968,1.1724461394154804,-1.9163051150730843,0.46016817824293454,outputViewer0000000103_heading.xml,00000001039_lightTableData.bin
2,8,LN_PRICE,ECF5R514,0.39045101380122366,0.024491188215238657,0.4752972996092367,0.6349884273496242,0.4877501930234969,outputViewer0000000103_heading.xml,00000001039_lightTableData.bin
2,8,LN_PRICE,ECF5R528,-1.9465188451230755,0.44816353161134537,-0.1632698378873448,-4.343322711074867,2.010603049671227e-05,outputViewer0000000103_heading.xml,00000001039_lightTableData.bin
2,8,LN_PRICE,ECF5R529,-0.15816692232453167,-4.327752192140618,2.1109737489536814e-05,0.9225951895246371,1.0838989963900043,outputViewer0000000103_heading.xml,00000001039_lightTableData.bin
2,8,LN_PRICE,ECF5R530_532_535,0.3455355123411188,0.5119361668871615,1.9533685343634164,-0.20321068600474704,0.21475028033344956,outputViewer0000000103_heading.xml,00000001039_lightTableData.bin
2,8,LN_PRICE,ECF5R531_537,1.7329524853013714,-0.261238971695828,0.19499648983972406,-0.060542593399503,-1.3397111502394297,outputViewer0000000103_heading.xml,00000001039_lightTableData.bin
2,8,LN_PRICE,ECF5R539,-0.9102836862459344,0.8130538443313047,-0.05407762191343102,-1.1195859814113496,0.2639155534111644,outputViewer0000000103_heading.xml,00000001039_lightTableData.bin
2,8,LN_PRICE,MONTHS_1TO9,-0.06036338132598304,-1.3403035151289087,0.18124895405920752,0.6086230533303115,1.6430531090272071,outputViewer0000000103_heading.xml,00000001039_lightTableData.bin
2,8,LN_PRICE,MONTHS_10TO16,0.01932706917650233,0.689573512692742,1.450171709895094,-0.24724356989248192,0.10410075941236359,outputViewer0000000103_heading.xml,00000001039_lightTableData.bin
2,8,LN_PRICE,MONTHS_17TO24,1.3882683186069216,-0.24386880848347048,0.10053894900622012,-0.10021980964473748,-2.4256152555203543,outputViewer0000000103_heading.xml,00000001039_lightTableData.bin
2,9,LN_PRICE,(Constant),0.06776597594604059,0.015934513721199358,,4.252779666309138,2.9194622162512866e-05,outputViewer0000000103_heading.xml,00000001039_lightTableData.bin
2,9,LN_PRICE,LN_LANDRATIO,-0.027557211578684345,30.564966283572094,2.0756288434822602e-86,0.4167353107965127,2.399604674940274,outputViewer0000000103_heading.xml,00000001039_lightTableData.bin
2,9,LN_PRICE,LN_BASE_BLDGSIZE_RATIO,2.358650147671387e-142,0.43551410531140594,2.2961368823748414,11.434369217950094,0.21571224512561277,outputViewer0000000103_heading.xml,00000001039_lightTableData.bin
2,9,LN_PRICE,ARTERIAL,1.333333930226142,11.475635628422262,0.11961049356149292,0.2115779481007673,95.94171286085803,outputViewer0000000103_heading.xml,00000001039_lightTableData.bin
2,9,LN_PRICE,SINGLE_FAMILY1STORY,0.14665210710982649,0.2257048964589448,3.725747338282467,0.0002388873312654569,0.3421983780977971,outputViewer0000000103_heading.xml,00000001039_lightTableData.bin
2,9,LN_PRICE,HALF_DUPLEX2STORY,3.741102000764814,0.00022315380809985398,0.44704484940225486,2.2369120264714004,0.4646827102244444,outputViewer0000000103_heading.xml,00000001039_lightTableData.bin
2,9,LN_PRICE,ROW_HOUSE2STORY,0.059374888097203045,16.84213700517453,0.3197321936472882,0.40978211892173394,0.11262606279885437,outputViewer0000000103_heading.xml,00000001039_lightTableData.bin
2,9,LN_PRICE,SMALLEST,0.6369702378736375,0.17978225217171429,0.2243735583627112,3.5430095583920718,0.00046594798002933457,outputViewer0000000103_heading.xml,00000001039_lightTableData.bin
2,9,LN_PRICE,SMALL,-0.06777632021065207,-1.5648492757984163,0.11887811901019309,0.6903598449936907,1.4485199381912763,outputViewer0000000103_heading.xml,00000001039_lightTableData.bin
2,9,LN_PRICE,LARGE,0.11730009642490923,0.7298038016058277,1.3702312838048318,-0.1748486943247058,0.12007673780612824,outputViewer0000000103_heading.xml,00000001039_lightTableData.bin
2,9,LN_PRICE,POWDER_ROOM,0.560602178683563,1.783796135698679,0.12159975812531129,0.09477018848435662,0.06072172995213582,outputViewer0000000103_heading.xml,00000001039_lightTableData.bin
2,9,LN_PRICE,EXCELLENT,0.135489043011252,0.08521949384746104,0.06765744610054501,1.589883216788064,0.11302701321950055,outputViewer0000000103_heading.xml,00000001039_lightTableData.bin
2,9,LN_PRICE,GOOD,-0.071251974823286,-1.3763365807482923,0.16993919070339725,0.48141537892385217,2.0772082566937997,outputViewer0000000103_heading.xml,00000001039_lightTableData.bin
2,9,LN_PRICE,UNSOUND,0.772099112493908,-0.05389043522962357,-1.1748916365277078,0.24110474616606656,0.5937436718422232,outputViewer0000000103_heading.xml,00000001039_lightTableData.bin
2,9,LN_PRICE,QABOVE_AVG,0.6442629877211934,1.5521611811615552,0.3118219542157387,0.5158968089149313,0.02615495865456144,outputViewer0000000103_heading.xml,00000001039_lightTableData.bin
2,9,LN_PRICE,QBELOW_AVG,-1.0247271647006007,0.6284555315693454,-0.06087641579696468,-1.6305484051380803,0.10414300863811361,outputViewer0000000103_heading.xml,00000001039_lightTableData.bin
2,9,LN_PRICE,QPOOR,0.18827286299260607,1.9653172550710016,0.05047146541687549,0.14007288398414502,7.139140507117644,outputViewer0000000103_heading.xml,00000001039_lightTableData.bin
2,9,LN_PRICE,EXT_BRICK,0.05299900825654782,0.18629901304001711,5.36771496360638,0.30767265159668117,0.16290490014675738,outputViewer0000000103_heading.xml,00000001039_lightTableData.bin
2,9,LN_PRICE,EXT_BRICK_SIDING,,0.3184024738518394,0.2664731730509043,0.1653529985956422,1.1948762804389883,outputViewer0000000103_heading.xml,00000001039_lightTableData.bin
2,9,LN_PRICE,YB_PRE_1910,0.20965376159864546,0.09207910229680764,0.8457125512391995,0.3984818874717134,0.10508799191671289,outputViewer0000000103_heading.xml,00000001039_lightTableData.bin
2,9,LN_PRICE,YB_1930_TO_1945,1.960172323918606,0.05097795174144313,0.45829434319525436,2.182003803555468,0.18652322790099862,outputViewer0000000103_heading.xml,00000001039_lightTableData.bin
2,9,LN_PRICE,YB_1946_TO_1960,0.27653264724477306,3.616209550530391,0.2430187996789839,0.14029726706534662,0.11686442396222078,outputViewer0000000103_heading.xml,00000001039_lightTableData.bin
2,9,LN_PRICE,YB_POST_1990,0.0853182189541326,0.7476395177876968,0.455369222836733,0.0983509459761217,10.167670377494758,outputViewer0000000103_heading.xml,00000001039_lightTableData.bin
2,9,LN_PRICE,SLAB,2.5748010171851425,0.05660093220079974,0.11045886027993607,0.029523431032228365,0.5124164060479703,outputViewer0000000103_heading.xml,00000001039_lightTableData.bin
2,9,LN_PRICE,LN_GARAGESPACES,0.09771884221081534,0.09165103967534644,1.9503683103337714,0.05219042436206555,0.562862865859711,outputViewer0000000103_heading.xml,00000001039_lightTableData.bin
2,9,LN_PRICE,FIREPLACE,2.1842789622642647,0.02977722444469691,0.6605286604141167,1.513938849183399,0.1984547364788652,outputViewer0000000103_heading.xml,00000001039_lightTableData.bin
2,9,LN_PRICE,HOT_WATER,0.5260720687336485,1.9008802394835036,1.6301238158629612,0.4763884234156689,0.16718710485933108,outputViewer0000000103_heading.xml,00000001039_lightTableData.bin
2,9,LN_PRICE,CENTRAL_AIR,1.529222821849631,0.3962145549568551,0.15683859948669654,3.8595826496483765,0.00014171416073561528,outputViewer0000000103_heading.xml,00000001039_lightTableData.bin
2,9,LN_PRICE,ECF5R501,0.17879384493488623,4.409768527236108,1.5268044062066838e-05,0.7765207537915683,1.2877955870686457,outputViewer0000000103_heading.xml,00000001039_lightTableData.bin
2,9,LN_PRICE,ECF5R502,1.5124234704198948e-05,0.825651693642761,1.2111644749228543,0.5830388503832932,0.13298203686763035,outputViewer0000000103_heading.xml,00000001039_lightTableData.bin
2,9,LN_PRICE,ECF5R503,1.3329103488091885,-0.39676404174986857,0.08839426280442092,-0.18587871278248033,-4.4885723254204795,outputViewer0000000103_heading.xml,00000001039_lightTableData.bin
2,9,LN_PRICE,ECF5R504,0.08329925196641731,-0.18954250889906024,-4.857000775885388,2.0404518528838997e-06,0.8145009632188662,outputViewer0000000103_heading.xml,00000001039_lightTableData.bin
2,9,LN_PRICE,ECF5R505_506_516,-5.60988289428188,4.8745270702155536e-08,0.8554527192867268,1.168971677165041,-0.45704735906034794,outputViewer0000000103_heading.xml,00000001039_lightTableData.bin
2,9,LN_PRICE,ECF5R508_509,0.7742420648554249,1.2915857267284117,-0.3906675652471428,0.12964321008980378,-0.1209656376240443,outputViewer0000000103_heading.xml,00000001039_lightTableData.bin
2,9,LN_PRICE,ECF5R510,-0.3918737712211218,0.1277556425607944,-0.12133912518156907,-3.067369576530781,0.0023748123647246823,outputViewer0000000103_heading.xml,00000001039_lightTableData.bin
2,9,LN_PRICE,ECF5R511_518,-0.16073557482608886,-4.164358175287423,4.2705663002049175e-05,0.8540116060227353,1.1709442739978153,outputViewer0000000103_heading.xml,00000001039_lightTableData.bin
2,9,LN_PRICE,ECF5R514,2.0502298395847602,0.19253029864646026,0.3887022006545955,0.025408383669769014,0.49531568980630636,outputViewer0000000103_heading.xml,00000001039_lightTableData.bin
2,9,LN_PRICE,ECF5R528,0.8862066646174879,1.1284049645819676,-1.955877426643712,0.4473311172094448,-0.16405481569095462,outputViewer0000000103_heading.xml,00000001039_lightTableData.bin
2,9,LN_PRICE,ECF5R529,-1.879770005659273,0.4360786721316395,-0.15767108798275073,-4.310621284160912,2.2674589225246875e-05,outputViewer0000000103_heading.xml,00000001039_lightTableData.bin
2,9,LN_PRICE,ECF5R530_532_535,-0.047094435632461004,-0.9462650558090792,0.3449022453740165,0.5119366396248254,1.953366730564262,outputViewer0000000103_heading.xml,00000001039_lightTableData.bin
2,9,LN_PRICE,ECF5R531_537,0.1814616105978587,0.6025715871288166,1.659553854447209,-0.2550626960515653,0.19482712212449077,outputViewer0000000103_heading.xml,00000001039_lightTableData.bin
2,9,LN_PRICE,ECF5R538,,,,,-0.005742412977775826,outputViewer0000000103_heading.xml,00000001039_lightTableData.bin
2,9,LN_PRICE,ECF5R539,0.5354346655171275,1.8676414965291632,-0.7711938265949182,0.7676960019122215,-0.04581464966000135,outputViewer0000000103_heading.xml,00000001039_lightTableData.bin
2,9,LN_PRICE,MONTHS_1TO9,-0.26349776062561103,0.19457640717200966,-0.06106607172612258,-1.3542122832634762,0.1767723550695914,outputViewer0000000103_heading.xml,00000001039_lightTableData.bin
2,9,LN_PRICE,MONTHS_10TO16,-0.10160669445428235,-2.3750409822958303,0.018278530796048416,0.6905848060752883,1.4480480763588925,outputViewer0000000103_heading.xml,00000001039_lightTableData.bin
2,9,LN_PRICE,MONTHS_17TO24,0.0159334165191808,0.7204499124958791,1.388021544114935,-0.2445311103395347,0.10053465108971568,outputViewer0000000103_heading.xml,00000001039_lightTableData.bin
2,10,LN_PRICE,(Constant),,,0.0665701844974569,0.01586166934811107,,outputViewer0000000103_heading.xml,00000001039_lightTableData.bin
2,10,LN_PRICE,LN_LANDRATIO,11.167047334454724,0.31046896319616585,-0.027722290248059004,35.96832101828796,4.991657833912838e-101,outputViewer0000000103_heading.xml,00000001039_lightTableData.bin
2,10,LN_PRICE,LN_BASE_BLDGSIZE_RATIO,-0.03647773005800351,53.00751105386564,4.5054501823336845e-143,0.4355178393812621,2.2961171956140642,outputViewer0000000103_heading.xml,00000001039_lightTableData.bin
2,10,LN_PRICE,ARTERIAL,1.1424863659158348e-215,0.8679280529437156,1.1521692340837948,11.427143547313351,0.11374684673181254,outputViewer0000000103_heading.xml,00000001039_lightTableData.bin
2,10,LN_PRICE,SINGLE_FAMILY1STORY,2.922281530259648,0.5557695715010869,0.14529482224003798,0.2295799933538114,3.825116153023772,outputViewer0000000103_heading.xml,00000001039_lightTableData.bin
2,10,LN_PRICE,HALF_DUPLEX2STORY,0.12675249231212535,0.19195339038951037,3.666063694275715,0.0002955829753504144,0.4494963624431488,outputViewer0000000103_heading.xml,00000001039_lightTableData.bin
2,10,LN_PRICE,ROW_HOUSE2STORY,0.7802492565771404,0.4359649918082861,0.0610633404860491,16.37643784372501,0.3370127799646934,outputViewer0000000103_heading.xml,00000001039_lightTableData.bin
2,10,LN_PRICE,SMALLEST,0.3072015261490041,3.2551921617569146,0.6462057151941968,0.17932678076764053,0.22762676673318313,outputViewer0000000103_heading.xml,00000001039_lightTableData.bin
2,10,LN_PRICE,SMALL,-0.20159677534280718,0.12883996175333598,-0.06763802551677905,-1.5647068859641862,0.11890652404410287,outputViewer0000000103_heading.xml,00000001039_lightTableData.bin
2,10,LN_PRICE,LARGE,-0.058663738188270136,-1.4561412769808126,0.14653284956208917,0.7628386709276694,1.3108931653712894,outputViewer0000000103_heading.xml,00000001039_lightTableData.bin
2,10,LN_PRICE,POWDER_ROOM,1.2831013641529618,0.20061243042571925,0.5661916539107046,1.7661864018887716,0.12206754768444274,outputViewer0000000103_heading.xml,00000001039_lightTableData.bin
2,10,LN_PRICE,EXCELLENT,0.679528374378173,1.471608894794255,0.1295308052126087,0.08495019478209007,0.06468215641101299,outputViewer0000000103_heading.xml,00000001039_lightTableData.bin
2,10,LN_PRICE,GOOD,-1.1510869371267567,0.850380653712621,-0.06838312617920776,-1.3536137400366552,0.17706768114785265,outputViewer0000000103_heading.xml,00000001039_lightTableData.bin
2,10,LN_PRICE,POOR,,,,-0.19700459459521488,0.6389168313437195,outputViewer0000000103_heading.xml,00000001039_lightTableData.bin
2,10,LN_PRICE,UNSOUND,1.6842284767385818,-0.8111231444448955,0.74913300995116,-0.04818674814597697,-1.0827491696004385,outputViewer0000000103_heading.xml,00000001039_lightTableData.bin
2,10,LN_PRICE,QABOVE_AVG,0.6044269877760701,0.5460909538851082,0.6749926873427242,1.4814975313832621,0.3139786172069332,outputViewer0000000103_heading.xml,00000001039_lightTableData.bin
2,10,LN_PRICE,QBELOW_AVG,0.8823407797943078,1.1333489541683894,-1.0593492232989925,0.6274771041155974,-0.06293322360648379,outputViewer0000000103_heading.xml,00000001039_lightTableData.bin
2,10,LN_PRICE,QPOOR,0.3806410102059454,0.19161529081202325,0.18967674607139198,1.9864855700861497,0.048054048411107775,outputViewer0000000103_heading.xml,00000001039_lightTableData.bin
2,10,LN_PRICE,EXT_BRICK,0.1533159744885104,1.8886641919273501,0.06001663479014805,0.18737063656743475,5.337015544802826,outputViewer0000000103_heading.xml,00000001039_lightTableData.bin
2,10,LN_PRICE,EXT_BRICK_SIDING,0.23327223081241802,0.06816553080637901,14.670171099238605,0.3187197033559633,0.26587574201153724,outputViewer0000000103_heading.xml,00000001039_lightTableData.bin
2,10,LN_PRICE,YB_PRE_1910,9.515835080306287,0.18040124086277048,0.20935919595986546,0.0936861003816019,0.86168290834167,outputViewer0000000103_heading.xml,00000001039_lightTableData.bin
2,10,LN_PRICE,YB_1930_TO_1945,0.10343560555104744,0.09294615657900934,1.8032787346997825,0.07242712132554269,0.4669082135707279,outputViewer0000000103_heading.xml,00000001039_lightTableData.bin
2,10,LN_PRICE,YB_1946_TO_1960,1.7321705886529666,0.08443372416668446,0.27676714267295166,3.613145658629259,0.24525040521141395,outputViewer0000000103_heading.xml,00000001039_lightTableData.bin
2,10,LN_PRICE,YB_POST_1990,0.2406479761250212,0.3596462625948363,0.07339305268009677,0.6691240842842457,0.5040216649585585,outputViewer0000000103_heading.xml,00000001039_lightTableData.bin
2,10,LN_PRICE,SLAB,0.6088120185243151,0.39166958426510196,2.5531724703012655,0.0571892633710149,0.11002665681671324,outputViewer0000000103_heading.xml,00000001039_lightTableData.bin
2,10,LN_PRICE,LN_GARAGESPACES,1.7766316818086947,0.19352510983847837,0.09752574391739104,0.09306358402466883,1.9843489735633637,outputViewer0000000103_heading.xml,00000001039_lightTableData.bin
2,10,LN_PRICE,FIREPLACE,0.09020498303546584,0.09543417419480638,2.2000418358355973,0.028623779192166302,0.6606607116763917,outputViewer0000000103_heading.xml,00000001039_lightTableData.bin
2,10,LN_PRICE,HOT_WATER,3.421837592473589,0.0007222672891355406,0.5260733969795812,1.900875440083912,1.6267327420986668,outputViewer0000000103_heading.xml,00000001039_lightTableData.bin
2,10,LN_PRICE,CENTRAL_AIR,0.7455300557744551,1.341327545756961,1.4979319175080523,0.3954355379449817,0.15362937350374298,outputViewer0000000103_heading.xml,00000001039_lightTableData.bin
2,10,LN_PRICE,ECF5R501,0.6103860335674044,0.13873772108953783,0.17720968506925538,4.399567967340884,1.59273661587645e-05,outputViewer0000000103_heading.xml,00000001039_lightTableData.bin
2,10,LN_PRICE,ECF5R502,0.16927014279096303,4.384342909137774,1.6682365821903244e-05,0.8265523761413494,1.2098446860299017,outputViewer0000000103_heading.xml,00000001039_lightTableData.bin
2,10,LN_PRICE,ECF5R503,1.0932225401808063e-05,0.7551680550824814,1.3242085563203245,-0.39634183535451667,0.08821273630603019,outputViewer0000000103_heading.xml,00000001039_lightTableData.bin
2,10,LN_PRICE,ECF5R504,1.2277456321820064,-0.40588138444340355,0.08320240310591363,-0.19015006740523474,-4.878241123958058,outputViewer0000000103_heading.xml,00000001039_lightTableData.bin
2,10,LN_PRICE,ECF5R505_506_516,0.08146804451571754,-0.21412065067208855,-5.610142747100923,4.853730353765458e-08,0.8554775754627391,outputViewer0000000103_heading.xml,00000001039_lightTableData.bin
2,10,LN_PRICE,ECF5R508_509,-3.013405522560939,0.002837399911746557,0.7771303296460021,1.2867854487876176,-0.393450895023563,outputViewer0000000103_heading.xml,00000001039_lightTableData.bin
2,10,LN_PRICE,ECF5R510,0.7874957820980837,1.2698480712312548,-0.40087776066546754,0.1276559488632074,-0.12412710509386717,outputViewer0000000103_heading.xml,00000001039_lightTableData.bin
2,10,LN_PRICE,ECF5R514,0.6208089237558714,0.49031429861431775,2.03950813350969,,,outputViewer0000000103_heading.xml,00000001039_lightTableData.bin
2,10,LN_PRICE,ECF5R528,-4.372325893277733,1.7747002651551628e-05,0.8873068506169709,1.12700583716295,-1.9335152088249072,outputViewer0000000103_heading.xml,00000001039_lightTableData.bin
2,10,LN_PRICE,ECF5R529,0.9227091196543898,1.0837651635810863,-1.9388996386770172,0.4343314283877321,-0.16263075514514846,outputViewer0000000103_heading.xml,00000001039_lightTableData.bin
2,10,LN_PRICE,ECF5R530_532_535,-0.20818915738334323,0.2140492334276896,-0.0482482051733102,-0.9726227655642316,0.33165181242725805,outputViewer0000000103_heading.xml,00000001039_lightTableData.bin
2,10,LN_PRICE,ECF5R531_537,-0.05911123060310816,-1.30917447873908,0.19158013184010325,0.6032845019699087,1.6575927223966367,outputViewer0000000103_heading.xml,00000001039_lightTableData.bin
2,10,LN_PRICE,ECF5R538,0.10704076453963084,-0.002958608025062428,-0.05364697274419926,0.9572594474815506,0.42919896830660004,outputViewer0000000103_heading.xml,00000001039_lightTableData.bin
2,10,LN_PRICE,ECF5R539,-1.0045562627315814,0.3160339080374265,0.5989209237777088,1.6696695010961964,-0.7649388147457827,outputViewer0000000103_heading.xml,00000001039_lightTableData.bin
2,10,LN_PRICE,MONTHS_1TO9,0.6087085917877822,1.642822219845775,-0.2564490311041381,0.19470545922565544,-0.059432516201725204,outputViewer0000000103_heading.xml,00000001039_lightTableData.bin
2,10,LN_PRICE,MONTHS_10TO16,-0.24577107243129367,0.1038628043275429,-0.10100156001261122,-2.3663049926538404,0.01870309547578027,outputViewer0000000103_heading.xml,00000001039_lightTableData.bin
2,10,LN_PRICE,MONTHS_17TO24,-0.10049198781444635,-2.432306748857353,0.01564595417120325,0.7204815372365015,1.3879606184436413,outputViewer0000000103_heading.xml,00000001039_lightTableData.bin
2,11,LN_PRICE,(Constant),4.196921713374676,3.679488916768243e-05,,,0.06699995836464058,outputViewer0000000103_heading.xml,00000001039_lightTableData.bin
2,11,LN_PRICE,LN_LANDRATIO,0.4179988355674721,2.3923511620371083,11.177867344967732,0.3067678571945116,-0.028188229701213163,outputViewer0000000103_heading.xml,00000001039_lightTableData.bin
2,11,LN_PRICE,LN_BASE_BLDGSIZE_RATIO,11.433601540546034,0.2155101392604456,0.22597103368427954,53.053659469489936,1.6889076914192626e-143,outputViewer0000000103_heading.xml,00000001039_lightTableData.bin
2,11,LN_PRICE,ARTERIAL,0.21462719548431095,100.46118970010468,1.155060143273094e-221,0.8714391974520862,1.1475269908948322,outputViewer0000000103_heading.xml,00000001039_lightTableData.bin
2,11,LN_PRICE,SINGLE_FAMILY1STORY,0.00016358755844896654,0.34763533549930725,2.876577545155771,0.5687961127949557,0.1434469752266299,outputViewer0000000103_heading.xml,00000001039_lightTableData.bin
2,11,LN_PRICE,HALF_DUPLEX2STORY,2.2247121079349728,0.4700297451268224,0.12678937446017596,0.19416216953161952,3.7071698407539415,outputViewer0000000103_heading.xml,00000001039_lightTableData.bin
2,11,LN_PRICE,ROW_HOUSE2STORY,0.40641735666891055,0.1187131708175486,0.829228315264208,0.407744735433072,0.061870017428424524,outputViewer0000000103_heading.xml,00000001039_lightTableData.bin
2,11,LN_PRICE,SMALLEST,3.603509260736166,0.0003734659871863516,0.3083990079810441,3.2425525832478215,0.6722705332813079,outputViewer0000000103_heading.xml,00000001039_lightTableData.bin
2,11,LN_PRICE,SMALL,0.6904760367396597,1.4482761845318675,-0.2003565179699509,0.12851700463185114,-0.06722190497273774,outputViewer0000000103_heading.xml,00000001039_lightTableData.bin
2,11,LN_PRICE,LARGE,-0.1830860422560161,0.11951660118914355,-0.061427462700337006,-1.5318879589478065,0.12673405215066408,outputViewer0000000103_heading.xml,00000001039_lightTableData.bin
2,11,LN_PRICE,POWDER_ROOM,0.0946093828031309,0.06095532409510061,1.2902266568892908,0.1981271426426138,0.5662760318571238,outputViewer0000000103_heading.xml,00000001039_lightTableData.bin
2,11,LN_PRICE,EXCELLENT,1.524785264411395,0.1284745165597953,0.6834637754460381,1.4631353349303493,0.1273090352463098,outputViewer0000000103_heading.xml,00000001039_lightTableData.bin
2,11,LN_PRICE,GOOD,0.5036812637158941,1.9853825663923423,,,,outputViewer0000000103_heading.xml,00000001039_lightTableData.bin
2,11,LN_PRICE,POOR,-0.02020498534764615,-0.30834153199703684,0.7580802621268863,0.3040115355943615,3.2893488664663253,outputViewer0000000103_heading.xml,00000001039_lightTableData.bin
2,11,LN_PRICE,UNSOUND,0.27991146482770385,0.6289703525306516,1.5899000580496632,-0.7197043263357094,0.7342775144224646,outputViewer0000000103_heading.xml,00000001039_lightTableData.bin
2,11,LN_PRICE,QABOVE_AVG,0.5150238439433346,0.026335854934005212,0.60963899225116,0.5426354232823716,0.6750694980421331,outputViewer0000000103_heading.xml,00000001039_lightTableData.bin
2,11,LN_PRICE,QBELOW_AVG,-1.6882675341470836,0.09250181819760471,0.8850577767007035,1.1298697399482498,-1.0109999650670192,outputViewer0000000103_heading.xml,00000001039_lightTableData.bin
2,11,LN_PRICE,QPOOR,0.14048186163069784,7.118356693114051,0.3683696244675483,0.18865243404612228,0.18356180718084336,outputViewer0000000103_heading.xml,00000001039_lightTableData.bin
2,11,LN_PRICE,EXT_BRICK,0.2968585091992815,0.1623027504261924,0.14792719270595453,1.829041765587815,0.06850036418749215,outputViewer0000000103_heading.xml,00000001039_lightTableData.bin
2,11,LN_PRICE,EXT_BRICK_SIDING,0.16551774244676662,1.1987543539874088,0.23175853113755912,0.06819911449956102,14.662946980146447,outputViewer0000000103_heading.xml,00000001039_lightTableData.bin
2,11,LN_PRICE,YB_PRE_1910,0.3896440147587952,0.10514503230363614,9.510672811552485,0.195797088678757,0.20793179720155883,outputViewer0000000103_heading.xml,00000001039_lightTableData.bin
2,11,LN_PRICE,YB_1930_TO_1945,2.1417485727063967,0.18353635351176595,0.10352274565031216,0.09145777093510012,1.7729084787968286,outputViewer0000000103_heading.xml,00000001039_lightTableData.bin
2,11,LN_PRICE,YB_1946_TO_1960,0.13998079141380612,0.11793757260505351,1.752028994366903,0.0809477353662057,0.27714772438308766,outputViewer0000000103_heading.xml,00000001039_lightTableData.bin
2,11,LN_PRICE,YB_POST_1990,0.10610357777357352,9.424752878117019,0.23075990899159204,0.35817901477258707,0.07037738039515273,outputViewer0000000103_heading.xml,00000001039_lightTableData.bin
2,11,LN_PRICE,SLAB,0.029830308570328562,0.5197764344170072,0.6036774891175405,0.3931915243073171,2.543289817250495,outputViewer0000000103_heading.xml,00000001039_lightTableData.bin
2,11,LN_PRICE,LN_GARAGESPACES,0.048248360600673196,0.5639557906650191,1.7731886373944235,0.19224652341221274,0.09741911176424284,outputViewer0000000103_heading.xml,00000001039_lightTableData.bin
2,11,LN_PRICE,FIREPLACE,1.5136362467544842,0.20889960325410056,0.0899533566266474,0.10045696807191554,2.322310262652467,outputViewer0000000103_heading.xml,00000001039_lightTableData.bin
2,11,LN_PRICE,HOT_WATER,0.47566801928921887,0.1668393129925417,3.419890924198479,0.0007268253924283723,0.5261753041121059,outputViewer0000000103_heading.xml,00000001039_lightTableData.bin
2,11,LN_PRICE,CENTRAL_AIR,3.788055887168302,0.0001865204125414196,0.7492072654512025,1.3347441303812773,1.507559260478587,outputViewer0000000103_heading.xml,00000001039_lightTableData.bin
2,11,LN_PRICE,ECF5R501,0.7842179729313671,1.2751556767591676,0.6111616996324124,0.1384885501861146,0.17743487950611958,outputViewer0000000103_heading.xml,00000001039_lightTableData.bin
2,11,LN_PRICE,ECF5R502,0.584397191293986,0.13289320614003713,0.16966450169133585,4.39749486274094,1.5746537239489493e-05,outputViewer0000000103_heading.xml,00000001039_lightTableData.bin
2,11,LN_PRICE,ECF5R503,-0.18568091466309827,-4.493022798652522,1.0705738713958895e-05,0.7554525242572709,1.3237099194064614,outputViewer0000000103_heading.xml,00000001039_lightTableData.bin
2,11,LN_PRICE,ECF5R504,1.845269090946662e-06,0.8148894611407813,1.227160305399064,-0.4059968868430991,0.08314012678699746,outputViewer0000000103_heading.xml,00000001039_lightTableData.bin
2,11,LN_PRICE,ECF5R505_506_516,1.1689377123171076,-0.45720960860707216,0.08168042752096455,-0.21419666244160684,-5.59754181611895,outputViewer0000000103_heading.xml,00000001039_lightTableData.bin
2,11,LN_PRICE,ECF5R508_509,0.12939783205775174,-0.12182746310195329,-3.0406297290047437,0.002600120515246478,0.7781501847080704,outputViewer0000000103_heading.xml,00000001039_lightTableData.bin
2,11,LN_PRICE,ECF5R510,-3.1402983114796874,0.0018710775425779052,0.7901285626773302,1.265616821408817,-0.41594964475329943,outputViewer0000000103_heading.xml,00000001039_lightTableData.bin
2,11,LN_PRICE,ECF5R523,,0.04342497491410277,0.17244682391056548,0.01946344921429454,0.2518166118073817,outputViewer0000000103_heading.xml,00000001039_lightTableData.bin
2,11,LN_PRICE,ECF5R528,0.44468868880992796,-0.16217912068434048,-4.348019766365913,1.9657235102610203e-05,0.8954118368590968,outputViewer0000000103_heading.xml,00000001039_lightTableData.bin
2,11,LN_PRICE,ECF5R529,-4.464101632880552,1.1713030830100577e-05,0.9326070435971106,1.0722629717045151,-1.9216751909324645,outputViewer0000000103_heading.xml,00000001039_lightTableData.bin
2,11,LN_PRICE,ECF5R530_532_535,0.5136248001750136,1.94694648634423,-0.20295475557984285,0.2132827664623092,-0.04703512330416269,outputViewer0000000103_heading.xml,00000001039_lightTableData.bin
2,11,LN_PRICE,ECF5R531_537,-0.25897925277846484,0.19478324708734485,-0.06001889954661807,-1.3295766276158913,0.18476770130582915,outputViewer0000000103_heading.xml,00000001039_lightTableData.bin
2,11,LN_PRICE,ECF5R538,2.3299217235900853,-0.8874784178324955,1.005338426203664,-0.052722819337563405,-0.8827658375535999,outputViewer0000000103_heading.xml,00000001039_lightTableData.bin
2,11,LN_PRICE,ECF5R539,0.766762020816394,-0.04544305542959548,-0.9976222008640047,0.31937610025428786,0.5990199519105435,outputViewer0000000103_heading.xml,00000001039_lightTableData.bin
2,11,LN_PRICE,MONTHS_1TO9,-1.3171126897213727,0.18888545663109763,0.609208979890045,1.6414728492355581,-0.2526164556768996,outputViewer0000000103_heading.xml,00000001039_lightTableData.bin
2,11,LN_PRICE,MONTHS_10TO16,0.6914855861922592,1.446161742150851,-0.24681260319232387,0.10367143798221025,-0.10142958529086923,outputViewer0000000103_heading.xml,00000001039_lightTableData.bin
2,11,LN_PRICE,MONTHS_17TO24,-0.2364081304361284,0.10032862888339449,-0.09715378517701236,-2.356337698095031,0.01916041595678331,outputViewer0000000103_heading.xml,00000001039_lightTableData.bin
2,12,LN_PRICE,(Constant),0.015845037075706888,,4.228450715799385,3.2242396537963477e-05,,outputViewer0000000103_heading.xml,00000001039_lightTableData.bin
2,12,LN_PRICE,LN_LANDRATIO,36.43754416513138,1.9700395122763314e-102,0.42201774390252517,2.36956861280926,11.193902320433496,outputViewer0000000103_heading.xml,00000001039_lightTableData.bin
2,12,LN_PRICE,LN_BASE_BLDGSIZE_RATIO,0.4586005478402071,2.1805468936082386,11.446672757816348,0.2146894294016883,0.22295588083644452,outputViewer0000000103_heading.xml,00000001039_lightTableData.bin
2,12,LN_PRICE,ARTERIAL,11.427840304800156,0.114042603464368,0.21565682950265416,100.20676446912863,6.169192823460018e-222,outputViewer0000000103_heading.xml,00000001039_lightTableData.bin
2,12,LN_PRICE,SINGLE_FAMILY1STORY,0.2349610602869868,3.9652011615882627,9.466948127942292e-05,0.3557667973898852,2.8108300362388765,outputViewer0000000103_heading.xml,00000001039_lightTableData.bin
2,12,LN_PRICE,HALF_DUPLEX2STORY,0.0002532769665462294,0.4500335984249514,2.2220563164613636,0.4633166253675849,0.1268541042359231,outputViewer0000000103_heading.xml,00000001039_lightTableData.bin
2,12,LN_PRICE,ROW_HOUSE2STORY,16.162917703342632,0.42204111832363556,0.3472287345479029,0.14866450873712214,1.2154556242965882,outputViewer0000000103_heading.xml,00000001039_lightTableData.bin
2,12,LN_PRICE,SMALLEST,0.17703229034138973,0.23680813131593786,3.7974458331014014,0.0001803359089848165,0.3162693188962259,outputViewer0000000103_heading.xml,00000001039_lightTableData.bin
2,12,LN_PRICE,SMALL,-1.5589883886874791,0.12024911860751106,0.6913983196796266,1.4463442729559572,-0.19898471518729416,outputViewer0000000103_heading.xml,00000001039_lightTableData.bin
2,12,LN_PRICE,LARGE,0.7688560046160788,1.3006336609146218,-0.1895979683928466,0.1191726224455762,-0.06361228845192628,outputViewer0000000103_heading.xml,00000001039_lightTableData.bin
2,12,LN_PRICE,LARGEST,0.12600214240573313,0.09720461633642637,0.06292009279053737,1.2962567741601712,0.1960871536253451,outputViewer0000000103_heading.xml,00000001039_lightTableData.bin
2,12,LN_PRICE,POWDER_ROOM,1.7659232313267117,0.12166926506581413,0.0944492156309264,0.060756438752022274,1.2881977288329625,outputViewer0000000103_heading.xml,00000001039_lightTableData.bin
2,12,LN_PRICE,EXCELLENT,0.08491903553457783,0.06357269930362022,1.4991813607500448,0.13498206349280892,0.6839369772196184,outputViewer0000000103_heading.xml,00000001039_lightTableData.bin
2,12,LN_PRICE,POOR,-0.19871893993698178,0.6368433415995998,-0.020380810295193067,-0.3120373990844386,0.7552721890226555,outputViewer0000000103_heading.xml,00000001039_lightTableData.bin
2,12,LN_PRICE,UNSOUND,-0.042755790350974106,-0.9801530241625095,0.3279079383111754,0.653193743513251,1.53093934216428,outputViewer0000000103_heading.xml,00000001039_lightTableData.bin
2,12,LN_PRICE,QABOVE_AVG,1.481328963758909,0.31621975543219893,0.5141888377099315,0.026523836815423443,0.6149875925750599,outputViewer0000000103_heading.xml,00000001039_lightTableData.bin
2,12,LN_PRICE,QBELOW_AVG,0.6263366988092917,-0.06006091803189273,-1.614147737134034,0.10764636995191662,0.8891868018358263,outputViewer0000000103_heading.xml,00000001039_lightTableData.bin
2,12,LN_PRICE,QPOOR,1.9526364784537487,0.05195673575942902,0.14444574578642783,6.923014551626624,0.36379513275737896,outputViewer0000000103_heading.xml,00000001039_lightTableData.bin
2,12,LN_PRICE,EXT_BRICK,0.18855436544600104,5.303510197892416,,,,outputViewer0000000103_heading.xml,00000001039_lightTableData.bin
2,12,LN_PRICE,EXT_BRICK_SIDING,0.320850673800633,0.26418402641539024,0.1666243995298042,1.2144968723284686,0.22569939603273265,outputViewer0000000103_heading.xml,00000001039_lightTableData.bin
2,12,LN_PRICE,YB_PRE_1910,0.10168148299122365,0.9416409193489583,0.347234112328777,0.10637887873800188,9.40036228867271,outputViewer0000000103_heading.xml,00000001039_lightTableData.bin
2,12,LN_PRICE,YB_1930_TO_1945,0.0773349092720227,0.467149459991044,2.140642525882769,0.2231866772558092,0.09901982028937335,outputViewer0000000103_heading.xml,00000001039_lightTableData.bin
2,12,LN_PRICE,YB_1946_TO_1960,3.608184055005082,0.2464294322876072,0.1397636932034603,0.11850455063423149,1.763186322851878,outputViewer0000000103_heading.xml,00000001039_lightTableData.bin
2,12,LN_PRICE,YB_POST_1990,0.644258595490595,0.5199845834394545,0.10662176915059098,9.37894773240552,0.23936186342307703,outputViewer0000000103_heading.xml,00000001039_lightTableData.bin
2,12,LN_PRICE,SLAB,0.05813602402713057,0.10975425729530291,0.030324145365024733,0.5296926557546718,0.5967913858029996,outputViewer0000000103_heading.xml,00000001039_lightTableData.bin
2,12,LN_PRICE,LN_GARAGESPACES,0.092448729262861,1.9733963893805055,0.049485399579384214,0.5641465141775295,1.7725891676524888,outputViewer0000000103_heading.xml,00000001039_lightTableData.bin
2,12,LN_PRICE,FIREPLACE,0.020933403954140308,0.6659755193351397,1.5015566953546964,0.20252723976540557,0.0900961727503329,outputViewer0000000103_heading.xml,00000001039_lightTableData.bin
2,12,LN_PRICE,HOT_WATER,1.900507287561603,1.6247517541703191,0.4750674238073736,0.16663614091856865,3.420044551042738,outputViewer0000000103_heading.xml,00000001039_lightTableData.bin
2,12,LN_PRICE,CENTRAL_AIR,0.39570821611428064,0.15461676328546914,3.809774978347186,0.00017149939517577834,0.749505284019134,outputViewer0000000103_heading.xml,00000001039_lightTableData.bin
2,12,LN_PRICE,ECF5R501,4.413084683254124,1.5008848045968177e-05,0.7843977379848768,1.2748634418158917,0.6051446108456041,outputViewer0000000103_heading.xml,00000001039_lightTableData.bin
2,12,LN_PRICE,ECF5R502,0.8266792872268243,1.2096589517255196,0.5896284260514797,0.13273499988436016,0.17118325443618615,outputViewer0000000103_heading.xml,00000001039_lightTableData.bin
2,12,LN_PRICE,ECF5R503,-0.39967135472835386,0.08714283828561632,-0.18724075051078165,-4.586393587714058,7.0982911589291754e-06,outputViewer0000000103_heading.xml,00000001039_lightTableData.bin
2,12,LN_PRICE,ECF5R504,-0.19020417875384388,-4.883284432356605,1.7989817216044695e-06,0.8148920727752612,1.2271563724927652,outputViewer0000000103_heading.xml,00000001039_lightTableData.bin
2,12,LN_PRICE,ECF5R505_506_516,5.1668059483730715e-08,0.8554789506126366,1.1689358332941648,-0.39685362102853666,0.13531681308705118,outputViewer0000000103_heading.xml,00000001039_lightTableData.bin
2,12,LN_PRICE,ECF5R508_509,1.285098968877272,-0.3912395768793794,0.12915126082995157,-0.12114275432882653,-3.02931287209429,outputViewer0000000103_heading.xml,00000001039_lightTableData.bin
2,12,LN_PRICE,ECF5R510,0.12730926781212434,-0.12879393753931706,-3.267237742401707,0.001222875368098148,0.7965380642169135,outputViewer0000000103_heading.xml,00000001039_lightTableData.bin
2,12,LN_PRICE,ECF5R523,0.8013905313098775,0.2185104598156249,4.5764399600997665,0.04359410833310223,0.17207381510915828,outputViewer0000000103_heading.xml,00000001039_lightTableData.bin
2,12,LN_PRICE,ECF5R528,1.11680453489176,-1.895873462082347,0.44020377727429466,-0.15902181146853078,-4.306808709869412,outputViewer0000000103_heading.xml,00000001039_lightTableData.bin
2,12,LN_PRICE,ECF5R529,0.43458405112640336,-0.16118600530468424,-4.421872330454034,1.405093927660531e-05,0.9335259554308781,outputViewer0000000103_heading.xml,00000001039_lightTableData.bin
2,12,LN_PRICE,ECF5R530_532_535,-0.9515759709339128,0.34219922990149343,0.5156324192836185,1.9393660340234735,-0.20347218355385155,outputViewer0000000103_heading.xml,00000001039_lightTableData.bin
2,12,LN_PRICE,ECF5R531_537,0.6035312027901244,1.6569151609345143,,,,outputViewer0000000103_heading.xml,00000001039_lightTableData.bin
2,12,LN_PRICE,ECF5R538,0.3782108391205583,0.36450310560814464,2.743460850166363,-0.8937647265486096,1.0006685606782322,outputViewer0000000103_heading.xml,00000001039_lightTableData.bin
2,12,LN_PRICE,ECF5R539,1.6693934764786236,-0.821269894407609,0.7615429999453479,-0.0487895405681906,-1.0784287879562249,outputViewer0000000103_heading.xml,00000001039_lightTableData.bin
2,12,LN_PRICE,MONTHS_1TO9,0.19489643952083527,-0.05854431007283876,-1.2961573659219865,0.19599242258231428,0.6093551999363523,outputViewer0000000103_heading.xml,00000001039_lightTableData.bin
2,12,LN_PRICE,MONTHS_10TO16,-2.3807193957768416,0.017999702858912257,0.6918631970753029,1.4453724438982687,-0.24427610695929292,outputViewer0000000103_heading.xml,00000001039_lightTableData.bin
2,12,LN_PRICE,MONTHS_17TO24,0.7241791025198029,1.3808738701800012,,,,outputViewer0000000103_heading.xml,00000001039_lightTableData.bin
2,13,LN_PRICE,(Constant),,0.06670601499290175,0.015831658432232762,,4.213457186335601,outputViewer0000000103_heading.xml,00000001039_lightTableData.bin
2,13,LN_PRICE,LN_LANDRATIO,0.3001212173133974,-0.02794413710477571,37.29793721562984,8.213787901048104e-105,0.422153028995676,outputViewer0000000103_heading.xml,00000001039_lightTableData.bin
2,13,LN_PRICE,LN_BASE_BLDGSIZE_RATIO,53.31735609767442,2.3345322139644027e-144,0.4616525911899202,2.1661310238126834,11.421820061851452,outputViewer0000000103_heading.xml,00000001039_lightTableData.bin
2,13,LN_PRICE,ARTERIAL,0.8718248464366867,1.1470193859319213,0.5131912532337226,0.158872292116931,0.21199153488812725,outputViewer0000000103_heading.xml,00000001039_lightTableData.bin
2,13,LN_PRICE,SINGLE_FAMILY1STORY,0.578686622584467,0.14201074390352966,0.23904668009810556,4.07494958957175,6.099030231500541e-05,outputViewer0000000103_heading.xml,00000001039_lightTableData.bin
2,13,LN_PRICE,HALF_DUPLEX2STORY,0.19138908142327551,3.652358180748407,0.0003106496714297753,0.45076304942959955,2.218460455588387,outputViewer0000000103_heading.xml,00000001039_lightTableData.bin
2,13,LN_PRICE,ROW_HOUSE2STORY,0.22530340963860074,0.08448567217375993,11.836326495021792,0.43178318611777805,0.34577141734737027,outputViewer0000000103_heading.xml,00000001039_lightTableData.bin
2,13,LN_PRICE,SMALLEST,3.161862185968533,0.6655797217951563,0.17690067432769854,0.23445128464992496,3.7624487545039393,outputViewer0000000103_heading.xml,00000001039_lightTableData.bin
2,13,LN_PRICE,SMALL,0.12818336203970182,-0.06676164943809663,-1.5523443294119814,0.12182493265126193,0.6924678407286669,outputViewer0000000103_heading.xml,00000001039_lightTableData.bin
2,13,LN_PRICE,LARGE,-1.5909523890810766,0.11279914423245331,0.7723233797970145,1.2947944166377878,-0.18697308606489532,outputViewer0000000103_heading.xml,00000001039_lightTableData.bin
2,13,LN_PRICE,LARGEST,0.5540468118207114,1.8049016412779186,0.1261032354831471,0.0969923420185227,0.06297057435926251,outputViewer0000000103_heading.xml,00000001039_lightTableData.bin
2,13,LN_PRICE,POWDER_ROOM,0.19882679322111016,0.5663413790488571,1.7657194706123216,0.11896649245654911,0.09409113803492133,outputViewer0000000103_heading.xml,00000001039_lightTableData.bin
2,13,LN_PRICE,EXCELLENT,1.4621230220147767,0.12330673299558663,0.08488835903895343,0.06157412035739573,1.4525752929091706,outputViewer0000000103_heading.xml,00000001039_lightTableData.bin
2,13,LN_PRICE,POOR,0.3047739575237849,3.281120237846959,-0.19922041870507928,0.6355558925702565,-0.020432242451800302,outputViewer0000000103_heading.xml,00000001039_lightTableData.bin
2,13,LN_PRICE,UNSOUND,-0.7508913855751753,0.7321172228512441,-0.0446085336480653,-1.0256436566958702,0.30599488495678306,outputViewer0000000103_heading.xml,00000001039_lightTableData.bin
2,13,LN_PRICE,QABOVE_AVG,0.5391007765562437,0.6751388846882842,1.4811767218262153,0.30681105353081617,0.5131323313974168,outputViewer0000000103_heading.xml,00000001039_lightTableData.bin
2,13,LN_PRICE,QBELOW_AVG,1.1246230802519643,-0.9837425930498886,0.6261778079390025,-0.05844162738594582,-1.5710275589097809,outputViewer0000000103_heading.xml,00000001039_lightTableData.bin
2,13,LN_PRICE,QPOOR,0.18798468808104993,0.181282297933939,1.9352381115238921,0.054062438920558634,0.1449938752015928,outputViewer0000000103_heading.xml,00000001039_lightTableData.bin
2,13,LN_PRICE,EXT_BRICK_SIDING,0.0688021602933217,14.534427345547538,0.32307045536143486,0.2635374666310508,0.16777717806467418,outputViewer0000000103_heading.xml,00000001039_lightTableData.bin
2,13,LN_PRICE,YB_PRE_1910,0.18627153204881658,0.20731036067802716,0.09673466416472742,0.8985153054560264,0.3697234842085768,outputViewer0000000103_heading.xml,00000001039_lightTableData.bin
2,13,LN_PRICE,YB_1930_TO_1945,0.11121587420510323,2.253959627512687,0.024972013151244917,0.5118428263964974,1.9537247538277567,outputViewer0000000103_heading.xml,00000001039_lightTableData.bin
2,13,LN_PRICE,YB_1946_TO_1960,0.07903922772706447,0.2772228973709209,3.6072056438469873,0.24262270139071285,0.1394433600807861,outputViewer0000000103_heading.xml,00000001039_lightTableData.bin
2,13,LN_PRICE,YB_POST_1990,0.35681987128723885,0.07300081278343837,0.6708198805172246,0.5029376925702109,0.10707455070506466,outputViewer0000000103_heading.xml,00000001039_lightTableData.bin
2,13,LN_PRICE,SLAB,0.39367263651454515,2.5401816312499856,0.05908740950824338,0.109492969583559,0.030820394499880863,outputViewer0000000103_heading.xml,00000001039_lightTableData.bin
2,13,LN_PRICE,LN_GARAGESPACES,0.19402083907529613,0.097319495353357,0.09330197344877292,1.9936482240359608,0.0472077785632173,outputViewer0000000103_heading.xml,00000001039_lightTableData.bin
2,13,LN_PRICE,FIREPLACE,0.09739258544239081,2.2479005887035,0.025357993296583982,0.6673327607145285,1.498502784321988,outputViewer0000000103_heading.xml,00000001039_lightTableData.bin
2,13,LN_PRICE,HOT_WATER,0.0007260322736364361,0.5262012550394944,1.900413559304309,1.5730756983959038,0.464135768560959,outputViewer0000000103_heading.xml,00000001039_lightTableData.bin
2,13,LN_PRICE,CENTRAL_AIR,1.3342134089270425,1.4932223860924088,0.3960808191994293,0.1531463593210389,3.769994187324081,outputViewer0000000103_heading.xml,00000001039_lightTableData.bin
2,13,LN_PRICE,ECF5R501,0.13746342999115396,0.1756879745143521,4.40222254664056,1.57025025803905e-05,0.7935592610227925,outputViewer0000000103_heading.xml,00000001039_lightTableData.bin
2,13,LN_PRICE,ECF5R502,4.442147335406403,1.2969762156256085e-05,0.8281909296280682,1.2074510408476575,0.6126323389807848,outputViewer0000000103_heading.xml,00000001039_lightTableData.bin
2,13,LN_PRICE,ECF5R503,0.7712693739135301,1.296563864484672,-0.39751180486339915,0.08662097436636358,-0.18622902992411514,outputViewer0000000103_heading.xml,00000001039_lightTableData.bin
2,13,LN_PRICE,ECF5R504,-0.40517981536699077,0.08308149657134371,-0.1898213915598218,-4.876895964663502,1.8497321452621403e-06,outputViewer0000000103_heading.xml,00000001039_lightTableData.bin
2,13,LN_PRICE,ECF5R505_506_516,-0.12288107737011286,-2.9327739249463054,0.003672523449559197,0.7435843536545054,1.3448373343054958,outputViewer0000000103_heading.xml,00000001039_lightTableData.bin
2,13,LN_PRICE,ECF5R508_509,0.002695098606918854,0.7789741889534271,1.28373958236476,-0.391573444360518,0.12900372540835847,outputViewer0000000103_heading.xml,00000001039_lightTableData.bin
2,13,LN_PRICE,ECF5R510,1.2554327846003348,-0.42489569203360766,0.12724896206504038,-0.13156397633891062,-3.339089648656089,outputViewer0000000103_heading.xml,00000001039_lightTableData.bin
2,13,LN_PRICE,ECF5R523,0.01953925627503891,0.25334539311194726,0.8002095322390396,0.21858351910264365,4.574910332239708,outputViewer0000000103_heading.xml,00000001039_lightTableData.bin
2,13,LN_PRICE,ECF5R528,2.3376962865284298e-05,0.9116788889107718,1.0968774336704779,-1.8878938777114531,0.439605246134808,outputViewer0000000103_heading.xml,00000001039_lightTableData.bin
2,13,LN_PRICE,ECF5R529,1.0712074947487027,-1.942765002663507,0.43474513518136665,-0.16295497360983527,-4.468744663130102,outputViewer0000000103_heading.xml,00000001039_lightTableData.bin
2,13,LN_PRICE,ECF5R530_532_535,0.21294451370904552,-0.047155038151631974,-0.9555173787283555,0.34020368583806526,0.5156488911392247,outputViewer0000000103_heading.xml,00000001039_lightTableData.bin
2,13,LN_PRICE,ECF5R538,-0.053096272834662867,-0.8931675898189853,0.37262297273614653,0.3664580839333353,2.7288250521495288,outputViewer0000000103_heading.xml,00000001039_lightTableData.bin
2,13,LN_PRICE,ECF5R539,0.2818230891788786,0.6060354017600456,1.6500686215620475,-0.8312071454848404,0.7607115504966393,outputViewer0000000103_heading.xml,00000001039_lightTableData.bin
2,13,LN_PRICE,MONTHS_1TO9,1.6410789636396814,-1.947584310524882,0.43525681911361674,-0.16335920684663507,-4.474563579477193,outputViewer0000000103_heading.xml,00000001039_lightTableData.bin
2,13,LN_PRICE,MONTHS_10TO16,0.10340618503020656,-0.10038719216474631,-2.3622968673289324,0.01889641186731546,0.6934498696489592,outputViewer0000000103_heading.xml,00000001039_lightTableData.bin
2,14,LN_PRICE,(Constant),3.428016553999525e-05,,,0.06804250220752683,0.01576069141643229,outputViewer0000000103_heading.xml,00000001039_lightTableData.bin
2,14,LN_PRICE,LN_LANDRATIO,2.3688092499988733,11.200972106529901,0.29844465200434905,-0.026945231126883466,37.53115370405993,outputViewer0000000103_heading.xml,00000001039_lightTableData.bin
2,14,LN_PRICE,LN_BASE_BLDGSIZE_RATIO,0.21236851593577993,0.22284237363749007,53.783019632276385,1.280149458571184e-145,0.4616562794175893,outputViewer0000000103_heading.xml,00000001039_lightTableData.bin
2,14,LN_PRICE,ARTERIAL,3.2302124328640685,0.0014035407394971603,0.30308763653840803,3.2993757562040225,0.5132343268204427,outputViewer0000000103_heading.xml,00000001039_lightTableData.bin
2,14,LN_PRICE,SINGLE_FAMILY1STORY,0.3620001433264571,2.762429845499219,0.5721793046003452,0.14147836157347168,0.23635860558637797,outputViewer0000000103_heading.xml,00000001039_lightTableData.bin
2,14,LN_PRICE,HALF_DUPLEX2STORY,0.48008238909092676,0.12629430663294863,0.19831476451488553,3.8012987433091396,0.0001769140888988705,outputViewer0000000103_heading.xml,00000001039_lightTableData.bin
2,14,LN_PRICE,ROW_HOUSE2STORY,0.15209616423185837,1.2487532643104455,0.21288285998896747,0.08492090328330364,11.775663721615297,outputViewer0000000103_heading.xml,00000001039_lightTableData.bin
2,14,LN_PRICE,SMALLEST,0.00020594312824542179,0.3167269320075214,3.157293867186049,0.7459693155194976,0.162068253267341,outputViewer0000000103_heading.xml,00000001039_lightTableData.bin
2,14,LN_PRICE,SMALL,1.4441103848919896,-0.19995189999280635,0.12794503158457282,-0.06708615101032384,-1.5627953466925861,outputViewer0000000103_heading.xml,00000001039_lightTableData.bin
2,14,LN_PRICE,LARGE,0.11906541400699504,-0.06273161038763378,-1.5703391923191965,0.11751170192720636,0.7728575330887366,outputViewer0000000103_heading.xml,00000001039_lightTableData.bin
2,14,LN_PRICE,LARGEST,1.300135998974693,0.19475172389554038,0.5542551113652393,1.8042233251341668,0.12598824672404121,outputViewer0000000103_heading.xml,00000001039_lightTableData.bin
2,14,LN_PRICE,POWDER_ROOM,0.059406789451464506,1.2643751041930797,0.20722767483838278,0.5688697179262412,1.7578717384454952,outputViewer0000000103_heading.xml,00000001039_lightTableData.bin
2,14,LN_PRICE,EXCELLENT,0.14748589922749802,0.6851272638760176,1.4595828435473888,0.12711997471426198,0.08486267779311095,outputViewer0000000103_heading.xml,00000001039_lightTableData.bin
2,14,LN_PRICE,POOR,-0.31345853454274564,0.7541926462397462,0.3047997447879885,3.2808426420946524,-0.19323892591690253,outputViewer0000000103_heading.xml,00000001039_lightTableData.bin
2,14,LN_PRICE,UNSOUND,0.6557308375616315,1.5250159710629911,-0.7348611655586526,0.7310954428297646,-0.04365621934172232,outputViewer0000000103_heading.xml,00000001039_lightTableData.bin
2,14,LN_PRICE,QABOVE_AVG,0.0257346550214645,0.5979179926068496,0.5504131044055864,0.6760040228207159,1.479281137747329,outputViewer0000000103_heading.xml,00000001039_lightTableData.bin
2,14,LN_PRICE,QBELOW_AVG,0.1173260763331937,0.8905139946725162,1.1229469789160886,-0.9943552708262995,0.6266738252639765,outputViewer0000000103_heading.xml,00000001039_lightTableData.bin
2,14,LN_PRICE,QPOOR,6.896843046712464,0.3572259611579756,0.1868265575773077,0.17800882224437714,1.9120727041719305,outputViewer0000000103_heading.xml,00000001039_lightTableData.bin
2,14,LN_PRICE,EXT_BRICK_SIDING,1.2258995257540724,0.22138085829193602,0.06888242828473144,14.517490525543234,0.3075018477046214,outputViewer0000000103_heading.xml,00000001039_lightTableData.bin
2,14,LN_PRICE,YB_PRE_1910,0.10681982071859884,9.36155849422696,0.1959362344091392,0.20678081150549335,0.1017537442506358,outputViewer0000000103_heading.xml,00000001039_lightTableData.bin
2,14,LN_PRICE,YB_1930_TO_1945,0.22951103801331668,0.09919594023851154,0.11436735851000403,2.313714023592792,0.02140507858006113,outputViewer0000000103_heading.xml,00000001039_lightTableData.bin
2,14,LN_PRICE,YB_1946_TO_1960,0.11667394570147567,1.7399372852902435,0.08304427850480676,0.27780891008672326,3.5995965704909585,outputViewer0000000103_heading.xml,00000001039_lightTableData.bin
2,14,LN_PRICE,YB_POST_1990,9.339287378888807,,,,,outputViewer0000000103_heading.xml,00000001039_lightTableData.bin
2,14,LN_PRICE,SLAB,0.5396456935360687,0.589916027066279,0.394098910586873,2.5374340632174,0.05174611823725056,outputViewer0000000103_heading.xml,00000001039_lightTableData.bin
2,14,LN_PRICE,LN_GARAGESPACES,0.5644579058744282,1.7716112921668679,0.18558345262146528,0.09670361133536881,0.08924454945945157,outputViewer0000000103_heading.xml,00000001039_lightTableData.bin
2,14,LN_PRICE,FIREPLACE,1.6745599171226022,0.5125684633681599,0.17174451519132022,3.2669975560315048,0.0012398722094934514,outputViewer0000000103_heading.xml,00000001039_lightTableData.bin
2,14,LN_PRICE,HOT_WATER,0.16133619371738,3.3892576374218786,0.0008083327184288225,0.5497626709323311,1.8189667157723182,outputViewer0000000103_heading.xml,00000001039_lightTableData.bin
2,14,LN_PRICE,CENTRAL_AIR,0.00019954685051030494,0.7500736492213301,1.333202414240421,1.529835700448157,0.3954446671135935,outputViewer0000000103_heading.xml,00000001039_lightTableData.bin
2,14,LN_PRICE,ECF5R501,1.2601453339617419,0.5981680012290904,0.13608297825565055,0.17366249764397249,4.395612213199433,outputViewer0000000103_heading.xml,00000001039_lightTableData.bin
2,14,LN_PRICE,ECF5R502,0.1307004594075183,0.1778618413326417,4.68730057842126,4.375191263294371e-06,0.8541400390179029,outputViewer0000000103_heading.xml,00000001039_lightTableData.bin
2,14,LN_PRICE,ECF5R503,-4.58909412842809,7.0021642950340145e-06,0.7777441895121203,1.2857698115717213,-0.39619331220641263,outputViewer0000000103_heading.xml,00000001039_lightTableData.bin
2,14,LN_PRICE,ECF5R504,0.815011115115738,1.2269771312971507,-0.40546315641127767,0.08303476755482994,-0.18995413309647471,outputViewer0000000103_heading.xml,00000001039_lightTableData.bin
2,14,LN_PRICE,ECF5R505_506_516,-0.39717570808405717,0.13491369828925065,-0.12298080785584399,-2.943924250245703,0.003545854361189793,outputViewer0000000103_heading.xml,00000001039_lightTableData.bin
2,14,LN_PRICE,ECF5R508_509,-0.1212461324854245,-3.0353653983324964,0.0026424694924205307,0.7789871524101603,1.2837182191080216,outputViewer0000000103_heading.xml,00000001039_lightTableData.bin
2,14,LN_PRICE,ECF5R510,0.0009553497005951192,0.7990074703586891,1.2515527540075209,-0.42816811946037503,0.12736297051090317,outputViewer0000000103_heading.xml,00000001039_lightTableData.bin
2,14,LN_PRICE,ECF5R523,0.04615721722472982,0.1691137979589391,0.020688063841228174,0.27293584427650786,0.7851269541556641,outputViewer0000000103_heading.xml,00000001039_lightTableData.bin
2,14,LN_PRICE,ECF5R528,-0.15835250099670647,-4.294520810000792,2.458973528861232e-05,0.912321848465177,1.096104408419382,outputViewer0000000103_heading.xml,00000001039_lightTableData.bin
2,14,LN_PRICE,ECF5R529,1.1448790731753702e-05,0.9348895000407541,1.0696451291370879,,,outputViewer0000000103_heading.xml,00000001039_lightTableData.bin
2,14,LN_PRICE,ECF5R530_532_535,1.9393040830373878,-0.20470301577086716,0.21262951002598818,-0.04744028569327576,-0.9627215702366421,outputViewer0000000103_heading.xml,00000001039_lightTableData.bin
2,14,LN_PRICE,ECF5R538,-0.8544851905852395,0.9860191517794055,-0.050762776226015244,-0.8666010077422989,0.3869850265969965,outputViewer0000000103_heading.xml,00000001039_lightTableData.bin
2,14,LN_PRICE,ECF5R539,-0.04937988719829397,-1.0926705989177858,0.2755270568860215,0.6062384399939669,1.6495159891377915,outputViewer0000000103_heading.xml,00000001039_lightTableData.bin
2,14,LN_PRICE,MONTHS_1TO9,1.1147423821377318e-05,0.9349578874992123,1.0695668899855584,-1.956094259862893,0.43635805751055473,outputViewer0000000103_heading.xml,00000001039_lightTableData.bin
2,14,LN_PRICE,MONTHS_10TO16,1.4420653082049375,-0.2438334474659609,0.10327547665186419,-0.10020527775578582,-2.3610004559737807,outputViewer0000000103_heading.xml,00000001039_lightTableData.bin
2,15,LN_PRICE,(Constant),,4.317228249046541,2.2152126812646973e-05,,,outputViewer0000000103_heading.xml,00000001039_lightTableData.bin
2,15,LN_PRICE,LN_LANDRATIO,1.2854046955832412e-105,0.42414638022596945,2.3576766102948636,11.22196464739457,0.29297326525793665,outputViewer0000000103_heading.xml,00000001039_lightTableData.bin
2,15,LN_PRICE,LN_BASE_BLDGSIZE_RATIO,2.166113718330806,11.429204780194794,0.21206793648281114,0.21903351109765215,53.89407267194856,outputViewer0000000103_heading.xml,00000001039_lightTableData.bin
2,15,LN_PRICE,ARTERIAL,0.15855312062164656,0.21200932793449034,3.2369865998737906,0.0013712897103633902,0.30309537785135154,outputViewer0000000103_heading.xml,00000001039_lightTableData.bin
2,15,LN_PRICE,SINGLE_FAMILY1STORY,4.04428845681256,6.894031458653987e-05,0.36390291543000175,2.7479856785933174,0.5673047724909388,outputViewer0000000103_heading.xml,00000001039_lightTableData.bin
2,15,LN_PRICE,HALF_DUPLEX2STORY,0.4557456899315793,2.1942061594704914,0.48630779231932,0.12633819069336424,0.20088638431036854,outputViewer0000000103_heading.xml,00000001039_lightTableData.bin
2,15,LN_PRICE,ROW_HOUSE2STORY,0.4372135258703901,0.34499740788748307,0.1540090081623369,1.2672951038895406,0.20618368655796088,outputViewer0000000103_heading.xml,00000001039_lightTableData.bin
2,15,LN_PRICE,SMALLEST,0.26276861900368703,4.602809621752249,6.38310473760826e-06,0.37773689333842814,2.6473453285487363,outputViewer0000000103_heading.xml,00000001039_lightTableData.bin
2,15,LN_PRICE,SMALL,0.1193408888118112,0.6927317228687581,1.443560280246406,-0.2057299620580634,0.12689360424743418,outputViewer0000000103_heading.xml,00000001039_lightTableData.bin
2,15,LN_PRICE,LARGE,1.2938995315261859,-0.1885297440922261,0.1189876386082992,-0.06325388697263598,-1.5844481519030367,outputViewer0000000103_heading.xml,00000001039_lightTableData.bin
2,15,LN_PRICE,LARGEST,0.09679107396289546,0.06291315388009705,1.301651501173945,0.1942289288620269,0.5543614227262913,outputViewer0000000103_heading.xml,00000001039_lightTableData.bin
2,15,LN_PRICE,POWDER_ROOM,0.12465141988751872,0.09330013993404272,0.062245599606868686,1.3360260764414649,0.18270446367382878,outputViewer0000000103_heading.xml,00000001039_lightTableData.bin
2,15,LN_PRICE,EXCELLENT,0.06347829054205192,1.497949134060691,0.13529341067962497,0.6862169335396945,1.4572651170843696,outputViewer0000000103_heading.xml,00000001039_lightTableData.bin
2,15,LN_PRICE,POOR,0.6339062790166409,-0.019818774657353756,-0.30483832123680504,0.7607409041083052,0.30524600506852084,outputViewer0000000103_heading.xml,00000001039_lightTableData.bin
2,15,LN_PRICE,UNSOUND,-1.005150794969139,0.3157377192314359,0.6563497707181841,1.5235778918697427,-0.8143765481374566,outputViewer0000000103_heading.xml,00000001039_lightTableData.bin
2,15,LN_PRICE,QABOVE_AVG,0.3021595394206113,0.5124371925614939,0.025344495965667724,0.5896518515961374,0.5559322219524665,outputViewer0000000103_heading.xml,00000001039_lightTableData.bin
2,15,LN_PRICE,QBELOW_AVG,-0.05907209938599742,-1.5867190087402212,0.11372126720287809,0.8906856218994711,1.1227305969837098,outputViewer0000000103_heading.xml,00000001039_lightTableData.bin
2,15,LN_PRICE,QPOOR,0.05697871096939469,0.14630378164438895,6.835093315842202,0.3542716294390957,0.1863807709564501,outputViewer0000000103_heading.xml,00000001039_lightTableData.bin
2,15,LN_PRICE,EXT_BRICK_SIDING,0.2563596871023766,0.15969207769195828,1.1994937705701805,0.23145812874684998,0.07252595241952287,outputViewer0000000103_heading.xml,00000001039_lightTableData.bin
2,15,LN_PRICE,YB_PRE_1910,0.9475552058365626,0.3442127359765441,0.10720731150853798,9.327722017545046,0.17788379966085924,outputViewer0000000103_heading.xml,00000001039_lightTableData.bin
2,15,LN_PRICE,YB_1930_TO_1945,0.5126904294755793,1.9504947674230624,0.3197943097421234,0.19304405189545093,0.15378471889325696,outputViewer0000000103_heading.xml,00000001039_lightTableData.bin
2,15,LN_PRICE,SLAB,0.10591066451428911,0.0269911270638298,0.48858269820664896,0.6255587218837184,0.41967368038278796,outputViewer0000000103_heading.xml,00000001039_lightTableData.bin
2,15,LN_PRICE,LN_GARAGESPACES,1.9190953684021226,0.05603419746461933,0.5709480141752424,1.7514729452987774,0.18589729736537186,outputViewer0000000103_heading.xml,00000001039_lightTableData.bin
2,15,LN_PRICE,FIREPLACE,0.472362005038547,2.117020398197343,1.6769574318607285,0.509597160315918,0.17199040666534468,outputViewer0000000103_heading.xml,00000001039_lightTableData.bin
2,15,LN_PRICE,HOT_WATER,1.568341396847511,0.4635493588637041,0.160850639085453,3.383332037589217,0.000824795340972867,outputViewer0000000103_heading.xml,00000001039_lightTableData.bin
2,15,LN_PRICE,CENTRAL_AIR,0.15690145691968457,3.8686466847932075,0.00013638875514541114,0.7541067832976748,1.326072145415594,outputViewer0000000103_heading.xml,00000001039_lightTableData.bin
2,15,LN_PRICE,ECF5R501,1.6130989797905858e-05,0.807094731312263,1.2390119290880397,0.5925633271685818,0.1352424446955302,outputViewer0000000103_heading.xml,00000001039_lightTableData.bin
2,15,LN_PRICE,ECF5R502,1.1707682046492143,0.6197500302711434,0.13061514105658592,0.17992827759202465,4.744855958182148,outputViewer0000000103_heading.xml,00000001039_lightTableData.bin
2,15,LN_PRICE,ECF5R503,0.08640933733299497,-0.18561133353002426,-4.585075229539206,7.11570220648096e-06,0.778951750758569,outputViewer0000000103_heading.xml,00000001039_lightTableData.bin
2,15,LN_PRICE,ECF5R504,-4.8830528265589495,1.7940367738602744e-06,0.8150246196890083,1.2269568008651976,-0.4107765617231245,outputViewer0000000103_heading.xml,00000001039_lightTableData.bin
2,15,LN_PRICE,ECF5R505_506_516,0.7450510445906032,1.3421899174028917,-0.39713606986819205,0.13464585838562315,-0.12296853434638749,outputViewer0000000103_heading.xml,00000001039_lightTableData.bin
2,15,LN_PRICE,ECF5R508_509,-0.3888277642046604,0.1288111223668103,-0.12039596477171916,-3.01858843444754,0.0027870512335281573,outputViewer0000000103_heading.xml,00000001039_lightTableData.bin
2,15,LN_PRICE,ECF5R510,-0.13257724517787067,-3.361794387668752,0.0008825831135463783,0.799334864978371,1.2510401382617768,outputViewer0000000103_heading.xml,00000001039_lightTableData.bin
2,15,LN_PRICE,ECF5R523,0.22540727143979505,4.436414112164496,0.04445257047290095,0.1686566915391599,0.019924026428468303,outputViewer0000000103_heading.xml,00000001039_lightTableData.bin
2,15,LN_PRICE,ECF5R528,-1.8903661511004792,0.43918517880983154,-0.15855987000135333,-4.30425761685144,2.3571595251874777e-05,outputViewer0000000103_heading.xml,00000001039_lightTableData.bin
2,15,LN_PRICE,ECF5R530_532_535,0.3365783546727191,0.5157147472980473,1.9390564362164138,-0.21469598305254847,0.21169835051851751,outputViewer0000000103_heading.xml,00000001039_lightTableData.bin
2,15,LN_PRICE,ECF5R538,0.37602101175831754,2.6594258531561437,-0.8584845703758875,0.9840876475366969,-0.05100036913411054,outputViewer0000000103_heading.xml,00000001039_lightTableData.bin
2,15,LN_PRICE,ECF5R539,-0.8070472001455851,0.7595055570141735,-0.047944606736558405,-1.0625955171655503,0.2889255497683607,outputViewer0000000103_heading.xml,00000001039_lightTableData.bin
2,15,LN_PRICE,MONTHS_1TO9,-0.1640730031976582,-4.482773323867358,1.0740789761769293e-05,0.9351027548206999,1.0694011913073058,outputViewer0000000103_heading.xml,00000001039_lightTableData.bin
2,15,LN_PRICE,MONTHS_10TO16,0.01895834887910224,0.6934860047676683,1.4419901672493305,-0.2492387571837241,0.10262031832290845,outputViewer0000000103_heading.xml,00000001039_lightTableData.bin
2,16,LN_PRICE,(Constant),0.06749330599797962,0.015750682231759447,,4.285103654868174,2.534297351777866e-05,outputViewer0000000103_heading.xml,00000001039_lightTableData.bin
2,16,LN_PRICE,LN_LANDRATIO,-0.027298130637270632,38.30371565649391,9.263608843860053e-108,0.424382775610966,2.3563633056509943,outputViewer0000000103_heading.xml,00000001039_lightTableData.bin
2,16,LN_PRICE,LN_BASE_BLDGSIZE_RATIO,3.5415229848843406e-146,0.4654697804516955,2.148367180850263,11.53346343233955,0.17227009144135205,outputViewer0000000103_heading.xml,00000001039_lightTableData.bin
2,16,LN_PRICE,ARTERIAL,3.299291487349684,0.5142648904095246,0.15778254906121086,0.2124350381461759,3.259326797984601,outputViewer0000000103_heading.xml,00000001039_lightTableData.bin
2,16,LN_PRICE,SINGLE_FAMILY1STORY,0.14115577066745202,0.23434501019241305,4.018998088483739,7.622039593466037e-05,0.36483179856566006,outputViewer0000000103_heading.xml,00000001039_lightTableData.bin
2,16,LN_PRICE,HALF_DUPLEX2STORY,3.849254050975282,0.00014694285769347126,0.4564325294056485,2.1909043189848174,0.5018241896918271,outputViewer0000000103_heading.xml,00000001039_lightTableData.bin
2,16,LN_PRICE,ROW_HOUSE2STORY,0.08503473737827182,11.759899904806684,0.41384815737638553,0.34147570931479737,0.14577852805551628,outputViewer0000000103_heading.xml,00000001039_lightTableData.bin
2,16,LN_PRICE,SMALLEST,0.7465839583120637,0.16214709678440326,0.262985127691676,4.604362169399488,6.329715587373419e-06,outputViewer0000000103_heading.xml,00000001039_lightTableData.bin
2,16,LN_PRICE,SMALL,-0.06902475696641029,-1.6212792069244366,0.10618875319821867,0.7019359564340858,1.4246313938384256,outputViewer0000000103_heading.xml,00000001039_lightTableData.bin
2,16,LN_PRICE,LARGE,0.11426230176616214,0.7730430857817715,1.2935889582256712,-0.18886858826775668,0.11891657490866132,outputViewer0000000103_heading.xml,00000001039_lightTableData.bin
2,16,LN_PRICE,LARGEST,1.8038773244395414,0.12798084735789808,0.09627200002475536,0.06390817360264307,1.3293672856592686,outputViewer0000000103_heading.xml,00000001039_lightTableData.bin
2,16,LN_PRICE,POWDER_ROOM,0.5769196043005453,1.7333437666976066,0.12203957467987363,0.09308075367133221,0.060941355570363544,outputViewer0000000103_heading.xml,00000001039_lightTableData.bin
2,16,LN_PRICE,EXCELLENT,0.11316902045136144,0.08416462786967008,0.05651177933852254,1.3446149922578523,0.17985358269520604,outputViewer0000000103_heading.xml,00000001039_lightTableData.bin
2,16,LN_PRICE,POOR,3.276046150957889,-0.17021502422164345,0.6267028503631711,-0.01745742061201184,-0.27160403710148234,outputViewer0000000103_heading.xml,00000001039_lightTableData.bin
2,16,LN_PRICE,UNSOUND,0.7233278915123214,-0.048380024525062314,-1.1258746658237833,0.26122954023043327,0.6695208166054312,outputViewer0000000103_heading.xml,00000001039_lightTableData.bin
2,16,LN_PRICE,QBEST,,,,,0.1689472705144109,outputViewer0000000103_heading.xml,00000001039_lightTableData.bin
2,16,LN_PRICE,QABOVE_AVG,0.6761620114915222,1.4789354962343046,0.3588439542414629,0.5002628645356648,0.030099063455074324,outputViewer0000000103_heading.xml,00000001039_lightTableData.bin
2,16,LN_PRICE,QBELOW_AVG,-1.0552263815098084,0.6257905722846772,-0.06268829613732979,-1.6862292726100345,0.09287758461700145,outputViewer0000000103_heading.xml,00000001039_lightTableData.bin
2,16,LN_PRICE,QPOOR,0.17653665289785964,1.9007949565884945,0.05844331560011398,0.14652786248076932,6.824640604657987,outputViewer0000000103_heading.xml,00000001039_lightTableData.bin
2,16,LN_PRICE,EXT_BRICK_SIDING,13.788167774971756,0.3067174565122025,0.255875604142563,0.15928472710146369,1.1986975371880806,outputViewer0000000103_heading.xml,00000001039_lightTableData.bin
2,16,LN_PRICE,YB_PRE_1910,0.2054556744253821,0.09237874103075105,0.8658013469735708,0.387373509962861,0.10845742539310221,outputViewer0000000103_heading.xml,00000001039_lightTableData.bin
2,16,LN_PRICE,YB_1930_TO_1945,1.65658722246111,0.09886247139349831,0.15147652700546196,6.601682912653139,0.3188560758444639,outputViewer0000000103_heading.xml,00000001039_lightTableData.bin
2,16,LN_PRICE,SLAB,2.382803703791697,0.04239968225145044,0.1029422578316647,0.022115962512741213,0.4118783009479362,outputViewer0000000103_heading.xml,00000001039_lightTableData.bin
2,16,LN_PRICE,LN_GARAGESPACES,0.09664929618136482,0.08939547311333622,1.9234211185204177,0.05548253914320344,0.570956581538799,outputViewer0000000103_heading.xml,00000001039_lightTableData.bin
2,16,LN_PRICE,FIREPLACE,3.2907511313860565,0.0011432008160570791,0.47598041231305777,2.100926790538365,1.6762944347601147,outputViewer0000000103_heading.xml,00000001039_lightTableData.bin
2,16,LN_PRICE,HOT_WATER,0.549905149365119,1.8184954280834216,1.557204052563805,0.4627955343777689,0.15970838208111082,outputViewer0000000103_heading.xml,00000001039_lightTableData.bin
2,16,LN_PRICE,CENTRAL_AIR,1.5243407693114115,0.39585637559325476,0.15633789136766083,3.850741994560377,0.00014609792417161161,outputViewer0000000103_heading.xml,00000001039_lightTableData.bin
2,16,LN_PRICE,ECF5R501,0.17203532652510897,4.381489320920019,1.7112072842431222e-05,0.8145942712634746,1.2276049995403875,outputViewer0000000103_heading.xml,00000001039_lightTableData.bin
2,16,LN_PRICE,ECF5R502,3.3632998370911985e-06,0.8561258244461455,1.1680526056399843,0.6122504477091103,0.13050979869656906,outputViewer0000000103_heading.xml,00000001039_lightTableData.bin
2,16,LN_PRICE,ECF5R503,1.2837765612904353,-0.3973806770789586,0.08621432079098905,-0.18616759828914553,-4.609218902766001,outputViewer0000000103_heading.xml,00000001039_lightTableData.bin
2,16,LN_PRICE,ECF5R504,0.08275154339691201,-0.19244339330136068,-4.9639746264654345,1.2251086864967635e-06,0.8197381845958972,outputViewer0000000103_heading.xml,00000001039_lightTableData.bin
2,16,LN_PRICE,ECF5R505_506_516,-2.9494859673351557,0.0034835574324855513,0.7450598198111467,1.3421741092594068,-0.3932592093285462,outputViewer0000000103_heading.xml,00000001039_lightTableData.bin
2,16,LN_PRICE,ECF5R508_509,0.779744735728614,1.2824709859253793,-0.38895447849091974,0.12869191668656774,-0.12043520036688236,outputViewer0000000103_heading.xml,00000001039_lightTableData.bin
2,16,LN_PRICE,ECF5R510,-0.4227895629937897,0.12744983778920124,-0.13091183814039156,-3.317301695535092,0.0010290515952280969,outputViewer0000000103_heading.xml,00000001039_lightTableData.bin
2,16,LN_PRICE,ECF5R523,0.26356837708143727,0.7923279196748991,0.22578591810335624,4.428974173412524,0.1587240153964151,outputViewer0000000103_heading.xml,00000001039_lightTableData.bin
2,16,LN_PRICE,ECF5R528,0.9123786072437357,1.0960362201180556,-1.907507304858267,0.43830092442486823,-0.15999763332034092,outputViewer0000000103_heading.xml,00000001039_lightTableData.bin
2,16,LN_PRICE,ECF5R530_532_535,-0.04975617352219355,-1.0141599239044083,0.31144208117121897,0.5189741108080107,1.9268783917622818,outputViewer0000000103_heading.xml,00000001039_lightTableData.bin
2,16,LN_PRICE,ECF5R538,-0.8723659650893794,0.3838359059236063,0.3761100841199917,2.6587960339850034,-0.8925274492035896,outputViewer0000000103_heading.xml,00000001039_lightTableData.bin
2,16,LN_PRICE,ECF5R539,0.6072570935285403,1.6467489810442228,-0.8912932178240143,0.7519306445381733,-0.05294944683263309,outputViewer0000000103_heading.xml,00000001039_lightTableData.bin
2,16,LN_PRICE,MONTHS_1TO9,-0.23862718291304552,0.1203215634784157,-0.09806572228865568,-1.9832453636280456,0.048438635890076014,outputViewer0000000103_heading.xml,00000001039_lightTableData.bin
2,16,LN_PRICE,MONTHS_10TO16,-0.10242663240279389,-2.428746677626367,0.015821795200775687,0.7004358161713615,1.4276825612175008,outputViewer0000000103_heading.xml,00000001039_lightTableData.bin
2,17,LN_PRICE,(Constant),,,0.06677520695895127,0.015745872634072643,,outputViewer0000000103_heading.xml,00000001039_lightTableData.bin
2,17,LN_PRICE,LN_LANDRATIO,11.259870750120443,0.2763012779609417,-0.028202719086742187,40.75214864446683,6.530732774099667e-114,outputViewer0000000103_heading.xml,00000001039_lightTableData.bin
2,17,LN_PRICE,LN_BASE_BLDGSIZE_RATIO,0.21516846826653602,66.9498886071354,3.5538835096747005e-170,0.46923441561624235,2.131130979995802,outputViewer0000000103_heading.xml,00000001039_lightTableData.bin
2,17,LN_PRICE,ARTERIAL,0.0012711755268613222,0.30485265709801523,3.280273196629817,0.5222866889022321,0.15409209946093255,outputViewer0000000103_heading.xml,00000001039_lightTableData.bin
2,17,LN_PRICE,SINGLE_FAMILY1STORY,2.7409891460434923,0.5553393475896078,0.1400251384265155,0.2294022743713359,3.965997490379537,outputViewer0000000103_heading.xml,00000001039_lightTableData.bin
2,17,LN_PRICE,HALF_DUPLEX2STORY,0.12592239020947013,0.20729597308298506,3.985186342611902,8.606308161035943e-05,0.4605676717766238,outputViewer0000000103_heading.xml,00000001039_lightTableData.bin
2,17,LN_PRICE,ROW_HOUSE2STORY,1.2119402525198943,0.22663125802942719,0.08655218492017253,11.55372335108934,0.4346124485890047,outputViewer0000000103_heading.xml,00000001039_lightTableData.bin
2,17,LN_PRICE,SMALLEST,0.37774116881999603,2.6473153644434433,0.7204813961758504,0.160874339063502,0.2537904677206903,outputViewer0000000103_heading.xml,00000001039_lightTableData.bin
2,17,LN_PRICE,SMALL,-0.2085190942268412,0.12645566273124784,-0.06996054273223253,-1.64895023064329,0.10037962704939851,outputViewer0000000103_heading.xml,00000001039_lightTableData.bin
2,17,LN_PRICE,LARGE,-0.06336757307178999,-1.5882444344938864,0.11339706452756028,0.7730523101396122,1.2935735226241047,outputViewer0000000103_heading.xml,00000001039_lightTableData.bin
2,17,LN_PRICE,LARGEST,0.18492902349514256,0.5582665762842016,1.7912589477520886,0.1283155861562538,0.09608643108182405,outputViewer0000000103_heading.xml,00000001039_lightTableData.bin
2,17,LN_PRICE,POWDER_ROOM,1.3111150250329398,0.19096684211643272,0.5782080308044872,1.7294813401478606,0.11927829919788623,outputViewer0000000103_heading.xml,00000001039_lightTableData.bin
2,17,LN_PRICE,EXCELLENT,0.6988872842641548,1.4308458924859122,0.10632173122156241,0.0841146637052971,0.05309253530443857,outputViewer0000000103_heading.xml,00000001039_lightTableData.bin
2,17,LN_PRICE,POOR,0.7861479879203065,0.311154782244471,3.2138345835042013,-1.146859634087529,0.8486865621291177,outputViewer0000000103_heading.xml,00000001039_lightTableData.bin
2,17,LN_PRICE,UNSOUND,1.4936055387644955,-0.7842196037083962,0.7219198609489417,-0.046588477709997814,-1.086297311002863,outputViewer0000000103_heading.xml,00000001039_lightTableData.bin
2,17,LN_PRICE,QBEST,0.5634010091347957,0.014170935738694667,0.2998703725679513,0.7645262119568522,0.584538542275458,outputViewer0000000103_heading.xml,00000001039_lightTableData.bin
2,17,LN_PRICE,QABOVE_AVG,0.7173107973435837,0.4738189390687617,0.7075195841709097,1.4133884381049702,0.3535416769613353,outputViewer0000000103_heading.xml,00000001039_lightTableData.bin
2,17,LN_PRICE,QBELOW_AVG,0.8955631559098177,1.1166158337365757,-1.1283739856279844,0.6237786130314237,-0.06703380791475094,outputViewer0000000103_heading.xml,00000001039_lightTableData.bin
2,17,LN_PRICE,QPOOR,0.355283049049158,0.18605813739579816,0.17704065213967968,1.9095270651526017,0.057298949780755996,outputViewer0000000103_heading.xml,00000001039_lightTableData.bin
2,17,LN_PRICE,EXT_BRICK_SIDING,0.23176273572409753,0.07253515780691343,13.786417928006335,0.28638533752668216,0.24999430867797337,outputViewer0000000103_heading.xml,00000001039_lightTableData.bin
2,17,LN_PRICE,YB_PRE_1910,9.220207803896468,0.17321824247016152,0.2052663782075902,0.08995582056072886,0.8438705061331685,outputViewer0000000103_heading.xml,00000001039_lightTableData.bin
2,17,LN_PRICE,YB_1930_TO_1945,0.19186642353321573,0.15333353501720848,1.661864905660598,0.09779322762021951,0.15273008241657854,outputViewer0000000103_heading.xml,00000001039_lightTableData.bin
2,17,LN_PRICE,SLAB,0.6807746283434777,0.44274405976898656,2.2586412577094235,0.039006168552390114,0.10241267092178458,outputViewer0000000103_heading.xml,00000001039_lightTableData.bin
2,17,LN_PRICE,LN_GARAGESPACES,1.75144666395626,0.20561718968279372,0.09373167789860623,0.0988785001849732,2.193678746530272,outputViewer0000000103_heading.xml,00000001039_lightTableData.bin
2,17,LN_PRICE,FIREPLACE,0.5085297352975825,0.17192240902939637,3.29635480170924,0.0011209883087816865,0.47609036591178844,outputViewer0000000103_heading.xml,00000001039_lightTableData.bin
2,17,LN_PRICE,HOT_WATER,3.3647776110404224,0.0008793814273174541,0.5505868280339352,1.8162439584158838,1.4689993545641147,outputViewer0000000103_heading.xml,00000001039_lightTableData.bin
2,17,LN_PRICE,CENTRAL_AIR,0.7541969713643849,1.3259135716110655,1.5885483512518894,0.3932212923212092,0.16292308424085616,outputViewer0000000103_heading.xml,00000001039_lightTableData.bin
2,17,LN_PRICE,ECF5R501,0.5950987169261446,0.13496026691368498,0.17277141089755044,4.409436425512889,1.515993865691256e-05,outputViewer0000000103_heading.xml,00000001039_lightTableData.bin
2,17,LN_PRICE,ECF5R502,0.17775096914969116,4.691222067797164,4.2846776576022984e-06,0.8583526897095517,1.1650222711346996,outputViewer0000000103_heading.xml,00000001039_lightTableData.bin
2,17,LN_PRICE,ECF5R503,6.383152826439721e-06,0.7798985496576136,1.2822180531544956,-0.3967521524917172,0.08605257336837922,outputViewer0000000103_heading.xml,00000001039_lightTableData.bin
2,17,LN_PRICE,ECF5R504,1.2199016939694785,-0.4163457057251081,0.08242657576180536,-0.19505246370457427,-5.051110056157803,outputViewer0000000103_heading.xml,00000001039_lightTableData.bin
2,17,LN_PRICE,ECF5R505_506_516,0.1334719856503339,-0.12176810987075672,-2.94638015170311,0.0035163041680788677,0.7553963751187323,outputViewer0000000103_heading.xml,00000001039_lightTableData.bin
2,17,LN_PRICE,ECF5R508_509,-3.0223691472264553,0.0027526857162191794,0.7797462199148663,1.2824685448416555,-0.3882485398858839,outputViewer0000000103_heading.xml,00000001039_lightTableData.bin
2,17,LN_PRICE,ECF5R510,0.8001842794501433,1.2497121296698839,-0.4212306793066117,0.1277783218074032,-0.13042914805814243,outputViewer0000000103_heading.xml,00000001039_lightTableData.bin
2,17,LN_PRICE,ECF5R523,0.3662548295971033,0.020946940347316527,0.43337043656466895,0.6651149337550666,0.5502265733555647,outputViewer0000000103_heading.xml,00000001039_lightTableData.bin
2,17,LN_PRICE,ECF5R528,-4.3520494677515655,1.9223920928518966e-05,0.9146958069486931,1.0932596305824016,-1.8789835336768412,outputViewer0000000103_heading.xml,00000001039_lightTableData.bin
2,17,LN_PRICE,ECF5R529,,,-0.2036277537491274,0.22007349048892727,-0.04719109181933908,outputViewer0000000103_heading.xml,00000001039_lightTableData.bin
2,17,LN_PRICE,ECF5R530_532_535,-0.2148626686739601,0.21140655933069138,-0.049794803209552825,-1.0163481651383508,0.31039767739365504,outputViewer0000000103_heading.xml,00000001039_lightTableData.bin
2,17,LN_PRICE,ECF5R538,0.9742916362201951,-0.053022769357145894,-0.9160783240079807,0.3604947289495105,0.382312066969576,outputViewer0000000103_heading.xml,00000001039_lightTableData.bin
2,17,LN_PRICE,ECF5R539,-1.1853396643668324,0.23693313995211773,0.6187705487385723,1.6161079450833646,-0.9559666876271596,outputViewer0000000103_heading.xml,00000001039_lightTableData.bin
2,17,LN_PRICE,MONTHS_1TO9,0.5339019702252974,1.8730030151003512,-0.23581236666195446,0.10806245751531994,-0.09690895135667985,outputViewer0000000103_heading.xml,00000001039_lightTableData.bin
2,17,LN_PRICE,MONTHS_10TO16,-0.2492769621851747,0.1025039256359976,-0.10244233304936967,-2.4318772245892695,0.01568621454663689,outputViewer0000000103_heading.xml,00000001039_lightTableData.bin
2,18,LN_PRICE,(Constant),4.240807004526111,3.0486346148168284e-05,,,0.06805862718902532,outputViewer0000000103_heading.xml,00000001039_lightTableData.bin
2,18,LN_PRICE,LN_LANDRATIO,0.42515406590035415,2.352088525561404,11.26553431121922,0.2754114685658602,-0.028873232978943574,outputViewer0000000103_heading.xml,00000001039_lightTableData.bin
2,18,LN_PRICE,LN_BASE_BLDGSIZE_RATIO,11.523223389648404,0.17172010351327668,0.21655758541261258,67.10468462277322,7.515258602080779e-171,outputViewer0000000103_heading.xml,00000001039_lightTableData.bin
2,18,LN_PRICE,ARTERIAL,0.21574872162054687,3.3894449535658966,0.0008127098261811681,0.31843820981522086,3.1403266604854574,outputViewer0000000103_heading.xml,00000001039_lightTableData.bin
2,18,LN_PRICE,SINGLE_FAMILY1STORY,9.402311035344953e-05,0.37006207016359727,2.7022493809158,0.5514873432121574,0.13983248014607236,outputViewer0000000103_heading.xml,00000001039_lightTableData.bin
2,18,LN_PRICE,HALF_DUPLEX2STORY,2.1712335912386878,0.49980147661894914,0.12624416362870278,0.20646042094476033,3.9590065968429027,outputViewer0000000103_heading.xml,00000001039_lightTableData.bin
2,18,LN_PRICE,ROW_HOUSE2STORY,0.33925534060986945,0.15309277545553243,1.2810776915338005,0.20129913330101823,0.0874718466988535,outputViewer0000000103_heading.xml,00000001039_lightTableData.bin
2,18,LN_PRICE,SMALLEST,4.478535236694613,1.1013016770394306e-05,0.3844240791841278,2.601293868277771,0.7347055896798529,outputViewer0000000103_heading.xml,00000001039_lightTableData.bin
2,18,LN_PRICE,SMALL,0.7044311586420711,1.4195851329570597,-0.20277798194145416,0.12545225317802242,-0.06803433385020362,outputViewer0000000103_heading.xml,00000001039_lightTableData.bin
2,18,LN_PRICE,LARGE,-0.17842770294437843,0.11834256544754337,-0.059864536543950915,-1.5077221139292307,0.13278623389529945,outputViewer0000000103_heading.xml,00000001039_lightTableData.bin
2,18,LN_PRICE,LARGEST,0.06407532787360233,1.335418380218373,0.18293965337098372,0.5583637486388308,1.7909472139582527,outputViewer0000000103_heading.xml,00000001039_lightTableData.bin
2,18,LN_PRICE,THREE_PLUS_BATHS,,-0.341195058351053,0.7891819596097204,-0.020269524372486903,-0.43234016464312813,outputViewer0000000103_heading.xml,00000001039_lightTableData.bin
2,18,LN_PRICE,POWDER_ROOM,0.09280429767974215,0.05956249243177156,1.2852669777158712,0.19982966376291908,0.5800569940666382,outputViewer0000000103_heading.xml,00000001039_lightTableData.bin
2,18,LN_PRICE,EXCELLENT,1.2640094668162696,0.20728926398302308,0.70156776384519,1.425379060347851,-0.21189529751304523,outputViewer0000000103_heading.xml,00000001039_lightTableData.bin
2,18,LN_PRICE,POOR,-0.06813199293478851,-1.3513347391884918,0.1777905748767733,0.5038500467859913,1.9847174896160065,outputViewer0000000103_heading.xml,00000001039_lightTableData.bin
2,18,LN_PRICE,UNSOUND,0.27832356822716603,0.6712854344339344,1.4896792760642217,,,outputViewer0000000103_heading.xml,00000001039_lightTableData.bin
2,18,LN_PRICE,QBEST,1.7107511783692784,0.16692158499697493,0.5610120957695324,0.014001025569640228,0.29753651704783823,outputViewer0000000103_heading.xml,00000001039_lightTableData.bin
2,18,LN_PRICE,QABOVE_AVG,0.4996256496569651,0.029654319776312017,0.707613144369332,0.47980973176090114,0.7077175671715071,outputViewer0000000103_heading.xml,00000001039_lightTableData.bin
2,18,LN_PRICE,QBELOW_AVG,-1.808933429352989,0.07154157373175676,0.9032876061087399,1.1070671104498888,-1.147331529391586,outputViewer0000000103_heading.xml,00000001039_lightTableData.bin
2,18,LN_PRICE,QPOOR,0.14655596196625797,6.8233321018372015,0.35399257546080665,0.18574177521268895,0.1763975978586995,outputViewer0000000103_heading.xml,00000001039_lightTableData.bin
2,18,LN_PRICE,EXT_BRICK_SIDING,0.14872583664628594,1.1455674292793017,0.2530481350778047,0.07573472998718832,13.203981847814935,outputViewer0000000103_heading.xml,00000001039_lightTableData.bin
2,18,LN_PRICE,YB_PRE_1910,0.39949157471872676,0.10853716039123579,9.213434333415162,0.19238089412614237,0.1048909337255338,outputViewer0000000103_heading.xml,00000001039_lightTableData.bin
2,18,LN_PRICE,YB_1930_TO_1945,6.547498594759169,0.31896420301014833,0.19148249591340907,0.15338553189542972,1.6657616743954924,outputViewer0000000103_heading.xml,00000001039_lightTableData.bin
2,18,LN_PRICE,SLAB,0.020345882696817013,0.3808724858096926,0.7036137405684659,0.44585923288986185,2.242860360922535,outputViewer0000000103_heading.xml,00000001039_lightTableData.bin
2,18,LN_PRICE,LN_GARAGESPACES,0.029111069563550453,0.6064072522897828,1.6490567951224497,0.1989873850848663,0.09333082644301696,outputViewer0000000103_heading.xml,00000001039_lightTableData.bin
2,18,LN_PRICE,FIREPLACE,2.1004415791629003,1.6758996620062876,0.5075784689581803,0.17188192074675954,3.3017548310237053,outputViewer0000000103_heading.xml,00000001039_lightTableData.bin
2,18,LN_PRICE,HOT_WATER,0.44554376674907525,0.15066202133841278,3.297093269383425,0.0011098998794120804,0.5929526693932812,outputViewer0000000103_heading.xml,00000001039_lightTableData.bin
2,18,LN_PRICE,CENTRAL_AIR,4.039832995498773,6.914261483501968e-05,0.7661953170456393,1.3051502374823754,1.5456984195734782,outputViewer0000000103_heading.xml,00000001039_lightTableData.bin
2,18,LN_PRICE,ECF5R501,0.8156900191247365,1.2259559103996815,0.5895709506958068,0.13447130843750127,0.1711665679638262,outputViewer0000000103_heading.xml,00000001039_lightTableData.bin
2,18,LN_PRICE,ECF5R502,0.6057436813158122,0.13051681486201264,0.17586189902035598,4.641116027511303,5.3619293550189525e-06,outputViewer0000000103_heading.xml,00000001039_lightTableData.bin
2,18,LN_PRICE,ECF5R503,-0.18587314282207923,-4.610578591220925,6.334018772816052e-06,0.7802025692429069,1.2817184144502116,outputViewer0000000103_heading.xml,00000001039_lightTableData.bin
2,18,LN_PRICE,ECF5R504,8.080686340398125e-07,0.8252378304012333,1.211771883402142,-0.4199462798730746,0.08231102763454999,outputViewer0000000103_heading.xml,00000001039_lightTableData.bin
2,18,LN_PRICE,ECF5R505_506_516,1.323808311686459,-0.3954241527835659,0.132973783849102,-0.12243845926434097,-2.9737000883744975,outputViewer0000000103_heading.xml,00000001039_lightTableData.bin
2,18,LN_PRICE,ECF5R508_509,0.1285925802798369,-0.12021661474299632,-3.0192141649307946,0.0027795973681939454,0.7797852418106076,outputViewer0000000103_heading.xml,00000001039_lightTableData.bin
2,18,LN_PRICE,ECF5R510,-3.29657388943894,0.001104508816544527,0.8002327986366539,1.2496363579494454,-1.9234539502042625,outputViewer0000000103_heading.xml,00000001039_lightTableData.bin
2,18,LN_PRICE,ECF5R523,1.817433123779329,0.15518378980060682,0.3653548406829074,0.020479733830481434,0.42474814213640405,outputViewer0000000103_heading.xml,00000001039_lightTableData.bin
2,18,LN_PRICE,ECF5R528,0.43661883658836953,-0.15760512039481994,-4.303487106417005,2.3590809405497778e-05,0.9205920520238939,outputViewer0000000103_heading.xml,00000001039_lightTableData.bin
2,18,LN_PRICE,ECF5R529,-0.925271614026464,0.3557204984305161,0.5018356592201144,1.9926842216714244,-0.202541945364314,outputViewer0000000103_heading.xml,00000001039_lightTableData.bin
2,18,LN_PRICE,ECF5R530_532_535,0.5189752761836097,1.9268740648951594,-0.2273994079740776,0.2102401546734623,-0.05270021469955948,outputViewer0000000103_heading.xml,00000001039_lightTableData.bin
2,18,LN_PRICE,ECF5R538,2.6156642345259247,-0.8428830776443396,0.9641798015946254,-0.05007352441749123,-0.8741969871701553,outputViewer0000000103_heading.xml,00000001039_lightTableData.bin
2,18,LN_PRICE,ECF5R539,0.7475433831722571,-0.056791531998706575,-1.278810981605432,0.20206575282529934,0.6253611867229374,outputViewer0000000103_heading.xml,00000001039_lightTableData.bin
2,18,LN_PRICE,MONTHS_1TO9,-2.1821858588448584,0.030027086209807378,0.6592697287423104,1.5168298443001489,-0.23569989800776436,outputViewer0000000103_heading.xml,00000001039_lightTableData.bin
2,18,LN_PRICE,MONTHS_10TO16,0.7004360579298925,1.4276820684466978,-0.24327981050005498,0.10202405858193837,-0.09997775627946245,outputViewer0000000103_heading.xml,00000001039_lightTableData.bin
2,19,LN_PRICE,(Constant),0.0157123870364306,,4.331526904933362,2.07737992397993e-05,,outputViewer0000000103_heading.xml,00000001039_lightTableData.bin
2,19,LN_PRICE,LN_LANDRATIO,40.9043761680725,1.6023466841098708e-114,0.4255637720915021,2.349824081794693,11.29622275914496,outputViewer0000000103_heading.xml,00000001039_lightTableData.bin
2,19,LN_PRICE,LN_BASE_BLDGSIZE_RATIO,0.46971866427280723,2.12893392590253,11.500378787295253,0.16987357761116145,0.21560750024262842,outputViewer0000000103_heading.xml,00000001039_lightTableData.bin
2,19,LN_PRICE,ARTERIAL,0.5291337933110303,0.15160687510743187,0.21857715675854664,3.4901701716104547,0.0005693133840404099,outputViewer0000000103_heading.xml,00000001039_lightTableData.bin
2,19,LN_PRICE,SINGLE_FAMILY1STORY,0.22781106969817366,3.943914479926699,0.0001024995210261024,0.370528391234453,2.6988485191874183,outputViewer0000000103_heading.xml,00000001039_lightTableData.bin
2,19,LN_PRICE,HALF_DUPLEX2STORY,9.542071357072165e-05,0.46061583880184764,2.171006543329462,0.15638384150742696,0.49555143933359336,outputViewer0000000103_heading.xml,00000001039_lightTableData.bin
2,19,LN_PRICE,ROW_HOUSE2STORY,11.43224977795178,0.5645434718448391,0.23194288811098762,0.19886113996647076,2.433976210448401,outputViewer0000000103_heading.xml,00000001039_lightTableData.bin
2,19,LN_PRICE,SMALLEST,0.1607229753322477,0.25880095757024263,4.571254284964948,7.312915749638589e-06,0.3861667742584468,outputViewer0000000103_heading.xml,00000001039_lightTableData.bin
2,19,LN_PRICE,SMALL,-1.6163757669119185,0.10723515773048259,0.7134241994866946,1.4016906080835152,-0.20295406748843087,outputViewer0000000103_heading.xml,00000001039_lightTableData.bin
2,19,LN_PRICE,LARGE,0.7801362696625023,1.2818273407960046,-0.18056190585647916,0.1183206371760132,-0.06058058604812173,outputViewer0000000103_heading.xml,00000001039_lightTableData.bin
2,19,LN_PRICE,LARGEST,0.12700823157826607,0.09579065680304615,0.063422490788561,1.3258937334504968,0.18606603651645087,outputViewer0000000103_heading.xml,00000001039_lightTableData.bin
2,19,LN_PRICE,THREE_PLUS_BATHS,0.665868381276832,0.5938915445951956,1.6838091215486382,-0.34258793980619784,0.7871802018424704,outputViewer0000000103_heading.xml,00000001039_lightTableData.bin
2,19,LN_PRICE,POWDER_ROOM,1.7239685241776737,0.12082932815505427,0.0926668092647801,0.060337010102999536,1.303911606687616,outputViewer0000000103_heading.xml,00000001039_lightTableData.bin
2,19,LN_PRICE,EXCELLENT,0.11726527025795644,-0.07109329757731268,-1.8069740260430445,0.07184740868825261,0.8013369435652169,outputViewer0000000103_heading.xml,00000001039_lightTableData.bin
2,19,LN_PRICE,POOR,-1.1194550133661618,0.8443093014040336,-0.06650395462053195,-1.325882601914462,0.18606505267591775,outputViewer0000000103_heading.xml,00000001039_lightTableData.bin
2,19,LN_PRICE,QBEST,0.7663040273732075,0.587176007039646,1.7030668624245748,0.16617378688336315,0.5598337625854041,outputViewer0000000103_heading.xml,00000001039_lightTableData.bin
2,19,LN_PRICE,QABOVE_AVG,1.4129930446641883,0.3561226418382948,0.49910795018396303,0.029870805590518176,0.7135182713620045,outputViewer0000000103_heading.xml,00000001039_lightTableData.bin
2,19,LN_PRICE,QBELOW_AVG,0.6242867545444198,-0.06816002702594173,-1.8378277627063606,0.06715097309031408,0.9038046042174238,outputViewer0000000103_heading.xml,00000001039_lightTableData.bin
2,19,LN_PRICE,QPOOR,1.905831765931263,0.05777485259197107,0.14659423720962858,6.821550553655175,0.36914004647837867,outputViewer0000000103_heading.xml,00000001039_lightTableData.bin
2,19,LN_PRICE,EXT_BRICK_SIDING,0.27455716148932785,0.24777903109194435,0.14258321987565195,1.1080726253524127,0.2688704240317742,outputViewer0000000103_heading.xml,00000001039_lightTableData.bin
2,19,LN_PRICE,YB_PRE_1910,0.09586508291476181,1.834104124094671,0.06773900432957056,0.45097154739374123,2.2174347933460745,outputViewer0000000103_heading.xml,00000001039_lightTableData.bin
2,19,LN_PRICE,YB_1930_TO_1945,0.09700840866164975,0.1527367010126746,6.547214869574907,0.31970147220976664,0.1911018704284871,outputViewer0000000103_heading.xml,00000001039_lightTableData.bin
2,19,LN_PRICE,SLAB,0.04126887350783055,0.10205733418704468,0.021526124984368653,0.4043695030500737,0.6862773391624497,outputViewer0000000103_heading.xml,00000001039_lightTableData.bin
2,19,LN_PRICE,LN_GARAGESPACES,0.09569031763966258,2.132064963620116,0.03390080908333661,0.6109043548989088,1.6369174519397196,outputViewer0000000103_heading.xml,00000001039_lightTableData.bin
2,19,LN_PRICE,FIREPLACE,0.0010999415840661727,0.4760951015872049,2.100420686258275,1.706523604353533,0.49319156119244045,outputViewer0000000103_heading.xml,00000001039_lightTableData.bin
2,19,LN_PRICE,HOT_WATER,1.6864752477178595,1.4588566914400876,0.445019103231998,0.14962177981395414,3.2781889155880894,outputViewer0000000103_heading.xml,00000001039_lightTableData.bin
2,19,LN_PRICE,CENTRAL_AIR,0.3932969083329611,0.1585283530241104,3.9301056957836695,0.0001069680438527068,0.7699004954731877,outputViewer0000000103_heading.xml,00000001039_lightTableData.bin
2,19,LN_PRICE,ECF5R501,4.38436241564366,1.6857211316998786e-05,0.8195996386016633,1.2201079074487169,0.5918264626128175,outputViewer0000000103_heading.xml,00000001039_lightTableData.bin
2,19,LN_PRICE,ECF5R502,0.8597863354870379,1.1630796614527912,0.590998713440074,0.13020691915327529,0.17158108168522718,outputViewer0000000103_heading.xml,00000001039_lightTableData.bin
2,19,LN_PRICE,ECF5R503,-0.3976918188307292,0.08588162992544984,-0.1863133640900405,-4.63069714880759,5.7817953717160635e-06,outputViewer0000000103_heading.xml,00000001039_lightTableData.bin
2,19,LN_PRICE,ECF5R504,-0.19673928513362865,-5.101944319509412,6.316370678832556e-07,0.8270968377029124,1.2090482690966269,outputViewer0000000103_heading.xml,00000001039_lightTableData.bin
2,19,LN_PRICE,ECF5R505_506_516,0.0032264894741398068,0.7582681413020456,1.3187946921821998,-0.3969952742597749,0.13260546240763935,outputViewer0000000103_heading.xml,00000001039_lightTableData.bin
2,19,LN_PRICE,ECF5R508_509,1.2824043677436994,-0.395167584162117,0.1282296475291855,-0.12235901579462714,-3.081717775697508,outputViewer0000000103_heading.xml,00000001039_lightTableData.bin
2,19,LN_PRICE,ECF5R510,0.4775552824783715,-0.1613352038283331,-4.027709504587829,7.483410923429049e-05,0.8135815410027265,outputViewer0000000103_heading.xml,00000001039_lightTableData.bin
2,19,LN_PRICE,ECF5R523,0.6713798571008167,0.5509243471880871,1.8151312518751277,0.1436839059399907,0.36353406337417654,outputViewer0000000103_heading.xml,00000001039_lightTableData.bin
2,19,LN_PRICE,ECF5R528,1.0862574772414448,-1.8696114843548681,0.4362336356341079,-0.15681901294083636,-4.285803137663162,outputViewer0000000103_heading.xml,00000001039_lightTableData.bin
2,19,LN_PRICE,ECF5R529,0.21870333899072014,-0.04693945380712063,-0.9261035807638406,0.35528528609128385,0.5061165188827957,outputViewer0000000103_heading.xml,00000001039_lightTableData.bin
2,19,LN_PRICE,ECF5R530_532_535,-1.0816173928680106,0.2804095751664533,0.5235602677540698,1.9099997872064014,-0.22312924426229655,outputViewer0000000103_heading.xml,00000001039_lightTableData.bin
2,19,LN_PRICE,ECF5R538,0.3828335475210065,0.3890710334430691,2.570224750864999,-0.8244903170898613,0.9614615038711198,outputViewer0000000103_heading.xml,00000001039_lightTableData.bin
2,19,LN_PRICE,ECF5R539,1.5990758960278169,-0.9634509827135478,0.7470921639740017,-0.05723615479716558,-1.2896012422197956,outputViewer0000000103_heading.xml,00000001039_lightTableData.bin
2,19,LN_PRICE,MONTHS_1TO9,0.10784058953343573,-0.09686273147647448,-2.1856325065311903,0.02976699599109866,0.659367180895457,outputViewer0000000103_heading.xml,00000001039_lightTableData.bin
2,19,LN_PRICE,MONTHS_10TO16,-2.384533745093763,0.01780460935724991,0.7056164224131362,1.4172005756046635,-0.24855993244150107,outputViewer0000000103_heading.xml,00000001039_lightTableData.bin
2,20,LN_PRICE,(Constant),,0.05679754049033035,0.012731790860802051,,4.461080229113373,outputViewer0000000103_heading.xml,00000001039_lightTableData.bin
2,20,LN_PRICE,LN_LANDRATIO,0.2643191555894098,-0.02887051082216442,42.737056775001115,4.710256265503713e-119,0.4255637798249365,outputViewer0000000103_heading.xml,00000001039_lightTableData.bin
2,20,LN_PRICE,LN_BASE_BLDGSIZE_RATIO,67.69963256804704,2.974362216671993e-172,0.46995663827458456,2.127855888303728,11.509921264191199,outputViewer0000000103_heading.xml,00000001039_lightTableData.bin
2,20,LN_PRICE,ARTERIAL,0.3277538863692496,3.0510698471883066,0.5270461393359746,0.15113558192813215,0.21771477851710413,outputViewer0000000103_heading.xml,00000001039_lightTableData.bin
2,20,LN_PRICE,SINGLE_FAMILY1STORY,0.5481939848513874,0.1396854499421784,0.22645063323430756,3.924488807376198,0.00011054262863093936,outputViewer0000000103_heading.xml,00000001039_lightTableData.bin
2,20,LN_PRICE,HALF_DUPLEX2STORY,0.05508640263410941,0.3155753955991501,0.7525891488120852,0.04284109250509506,23.342075132212624,outputViewer0000000103_heading.xml,00000001039_lightTableData.bin
2,20,LN_PRICE,ROW_HOUSE2STORY,0.015600123722960043,0.18662185565320918,5.358429196300856,0.5548437055247372,0.23117480970013563,outputViewer0000000103_heading.xml,00000001039_lightTableData.bin
2,20,LN_PRICE,SMALLEST,2.589554738157607,0.6986029339742373,0.15833468524633199,0.24608375220433076,4.41219138363381,outputViewer0000000103_heading.xml,00000001039_lightTableData.bin
2,20,LN_PRICE,SMALL,0.12524629388976136,-0.06809341256661311,-1.6204397047234462,0.10635469470742334,0.7134333506908191,outputViewer0000000103_heading.xml,00000001039_lightTableData.bin
2,20,LN_PRICE,LARGE,-1.526038991726153,0.12815782288975822,0.7803929920075807,1.2814056638661948,-0.19086850535461433,outputViewer0000000103_heading.xml,00000001039_lightTableData.bin
2,20,LN_PRICE,LARGEST,0.5597684974401074,1.7864528007080203,,,,outputViewer0000000103_heading.xml,00000001039_lightTableData.bin
2,20,LN_PRICE,THREE_PLUS_BATHS,-0.02035227189157317,-0.4352090398162175,0.6637861791314397,0.5945350631105517,1.6819865842194297,outputViewer0000000103_heading.xml,00000001039_lightTableData.bin
2,20,LN_PRICE,POWDER_ROOM,0.19339950572897305,0.5804607473607449,1.7227693768214782,0.14351842244136523,0.08641726693083596,outputViewer0000000103_heading.xml,00000001039_lightTableData.bin
2,20,LN_PRICE,EXCELLENT,1.2479145109058796,-0.2012710535883532,0.11709560648358688,-0.0675287421400898,-1.7188608491178965,outputViewer0000000103_heading.xml,00000001039_lightTableData.bin
2,20,LN_PRICE,POOR,0.5073898902504194,1.9708709598184064,-1.1066524233156851,0.8422923176157238,-0.06574338554220698,outputViewer0000000103_heading.xml,00000001039_lightTableData.bin
2,20,LN_PRICE,QBEST,0.013938301863117808,0.2968270189992568,0.7668440566898331,0.5873183869361702,1.7026539986541918,outputViewer0000000103_heading.xml,00000001039_lightTableData.bin
2,20,LN_PRICE,QABOVE_AVG,0.4761530137494052,0.7077580752960516,1.4129121728236094,0.39946332798774553,0.4949348130820104,outputViewer0000000103_heading.xml,00000001039_lightTableData.bin
2,20,LN_PRICE,QBELOW_AVG,1.1064338412680126,-1.1264990058646511,0.6248372015485681,-0.06692242017017319,-1.8028680159772612,outputViewer0000000103_heading.xml,00000001039_lightTableData.bin
2,20,LN_PRICE,QPOOR,0.18310620207141623,0.18394571521018846,2.015988766641582,0.044825740155203075,0.15041792763012002,outputViewer0000000103_heading.xml,00000001039_lightTableData.bin
2,20,LN_PRICE,EXT_BRICK_SIDING,0.07684068931379881,13.013938434573923,0.2603928109661663,0.24438109962012153,0.13522737931376497,outputViewer0000000103_heading.xml,00000001039_lightTableData.bin
2,20,LN_PRICE,YB_PRE_1910,0.19277733223480464,0.10482781282730022,0.09606263149322179,1.8389903121645577,0.06701062580395108,outputViewer0000000103_heading.xml,00000001039_lightTableData.bin
2,20,LN_PRICE,YB_1930_TO_1945,0.15374007459102484,1.6729374311875365,0.09558053604581551,0.15277408368017484,6.545612815413455,outputViewer0000000103_heading.xml,00000001039_lightTableData.bin
2,20,LN_PRICE,SLAB,0.44746067709169024,2.234833251716301,0.15439176179142175,0.2879170514053842,0.047086548945850897,outputViewer0000000103_heading.xml,00000001039_lightTableData.bin
2,20,LN_PRICE,LN_GARAGESPACES,0.20449286267432676,0.093113493933996,0.09833782667179963,2.196167859615306,0.02892415043174284,outputViewer0000000103_heading.xml,00000001039_lightTableData.bin
2,20,LN_PRICE,FIREPLACE,0.17502274245035793,3.460163836192764,0.0006334330371063822,0.5024218822702325,1.9903591688352065,outputViewer0000000103_heading.xml,00000001039_lightTableData.bin
2,20,LN_PRICE,HOT_WATER,0.0011833000163328255,0.5934641389219617,1.6850217804508256,1.4831417451009523,0.4437351666690742,outputViewer0000000103_heading.xml,00000001039_lightTableData.bin
2,20,LN_PRICE,CENTRAL_AIR,1.2988691472206302,0.6249823532810843,0.14314546292029356,0.18144734628262543,4.366064704608122,outputViewer0000000103_heading.xml,00000001039_lightTableData.bin
2,20,LN_PRICE,ECF5R501,0.13421767420071284,0.17182139709572386,4.409452526556105,1.511709688239036e-05,0.8204356909263657,outputViewer0000000103_heading.xml,00000001039_lightTableData.bin
2,20,LN_PRICE,ECF5R502,4.538919415982571,8.437722740602069e-06,0.8661678170426587,1.1545106852552918,0.5814640981970929,outputViewer0000000103_heading.xml,00000001039_lightTableData.bin
2,20,LN_PRICE,ECF5R503,0.7807719293274117,1.280783750590829,-0.39822575048881576,0.08573039572877092,-0.186563504019257,outputViewer0000000103_heading.xml,00000001039_lightTableData.bin
2,20,LN_PRICE,ECF5R504,-0.4193572025175769,0.0823071832653415,-0.19646331017358362,-5.095025560110047,6.516436928943631e-07,outputViewer0000000103_heading.xml,00000001039_lightTableData.bin
2,20,LN_PRICE,ECF5R505_506_516,-0.1229249386346829,-2.993807849629761,0.0030270346583495433,0.7597058155223956,1.3162989930679565,outputViewer0000000103_heading.xml,00000001039_lightTableData.bin
2,20,LN_PRICE,ECF5R508_509,0.0022725533182937374,0.7832143423665443,1.2767896933276537,-0.39094431190228,0.12805952490039618,outputViewer0000000103_heading.xml,00000001039_lightTableData.bin
2,20,LN_PRICE,ECF5R510,1.2291330980389694,-1.926183741028157,0.4738887506601302,-0.16156417284468777,-4.064632761054088,outputViewer0000000103_heading.xml,00000001039_lightTableData.bin
2,20,LN_PRICE,ECF5R523,0.018962084591153817,0.3952419330567668,0.6929947768262923,0.5546007827891346,1.8030987893145674,outputViewer0000000103_heading.xml,00000001039_lightTableData.bin
2,20,LN_PRICE,ECF5R528,2.5386605663719322e-05,0.9211967191481013,1.0855444653827837,-1.8799102535139671,0.43583035387801383,outputViewer0000000103_heading.xml,00000001039_lightTableData.bin
2,20,LN_PRICE,ECF5R529,1.9758296018620478,-0.20290974031060138,0.2182283224590205,-0.04702469093595681,-0.9298047935492164,outputViewer0000000103_heading.xml,00000001039_lightTableData.bin
2,20,LN_PRICE,ECF5R530_532_535,0.20993538359183156,-0.05171059671234474,-1.062847245875032,0.2888188112717937,0.5240239189596396,outputViewer0000000103_heading.xml,00000001039_lightTableData.bin
2,20,LN_PRICE,ECF5R538,-0.04898085762994142,-0.857538563707675,0.3919494037552367,0.3899834571235787,2.564211331874824,outputViewer0000000103_heading.xml,00000001039_lightTableData.bin
2,20,LN_PRICE,ECF5R539,0.19829270944148225,0.6254492245759921,1.5988508110757118,-0.9600484724764181,0.7466390344315887,outputViewer0000000103_heading.xml,00000001039_lightTableData.bin
2,20,LN_PRICE,MONTHS_1TO9,1.5166056621774,-0.23604639894953103,0.10763022472121365,-0.09700512877050124,-2.193123721156803,outputViewer0000000103_heading.xml,00000001039_lightTableData.bin
2,20,LN_PRICE,MONTHS_10TO16,0.10166088487046342,-0.10214766402274236,-2.4449908414452306,0.015134737795382169,0.7093535346541335,outputViewer0000000103_heading.xml,00000001039_lightTableData.bin
3,1,LN_PRICE,(Constant),,5.733241580772406,3.227213572232908e-08,,,outputViewer0000000118_heading.xml,00000001189_lightTableData.bin
3,1,LN_PRICE,LN_LANDRATIO,8.32148613339116e-12,,,0.06827446811189215,0.009536677227193242,outputViewer0000000118_heading.xml,00000001189_lightTableData.bin
3,1,LN_PRICE,LN_BASE_BLDGSIZE_RATIO,1.5038976780881554,11.164496071280237,0.2086569447800724,0.20751023652563444,53.50646767615516,outputViewer0000000118_heading.xml,00000001189_lightTableData.bin
3,1,LN_PRICE,ARTERIAL,0.14926808570230743,0.23171753896615518,76.37892572876773,2.0380118779790272e-166,0.8437607905990382,outputViewer0000000118_heading.xml,00000001189_lightTableData.bin
3,1,LN_PRICE,SINGLE_FAMILY1STORY,3.4962233642015277,0.0005736450704781153,0.3115690169844396,3.209561751931008,0.4493809859422546,outputViewer0000000118_heading.xml,00000001189_lightTableData.bin
3,1,LN_PRICE,HALF_DUPLEX2STORY,0.3797373303874303,2.6333992472632106,0.46623606317065375,0.11108551710504319,0.20529530910452798,outputViewer0000000118_heading.xml,00000001189_lightTableData.bin
3,1,LN_PRICE,ROW_HOUSE2STORY,0.3075694020356626,0.40170528740601535,0.11137712233541885,0.7656593320485551,0.4447346536651613,outputViewer0000000118_heading.xml,00000001189_lightTableData.bin
3,1,LN_PRICE,SMALLEST,0.10005646062574843,0.9471424731648239,0.3445822810140049,0.08244050536174809,12.129959606773518,outputViewer0000000118_heading.xml,00000001189_lightTableData.bin
3,1,LN_PRICE,SMALL,0.11407182304454083,0.6721564918976365,1.487748778824993,-0.17271319576506458,0.10826988889324765,outputViewer0000000118_heading.xml,00000001189_lightTableData.bin
3,1,LN_PRICE,LARGE,1.3922166528802185,-0.19231953302582339,0.10213729544826729,-0.06758098899784257,-1.8829511020607899,outputViewer0000000118_heading.xml,00000001189_lightTableData.bin
3,1,LN_PRICE,TWO_BATHS,0.7104231388694511,0.4782010788667844,0.6508672282264959,1.5364116622138626,0.05336585904232115,outputViewer0000000118_heading.xml,00000001189_lightTableData.bin
3,1,LN_PRICE,POWDER_ROOM,-0.3381276923153593,0.5718204485887107,-0.0230035013911808,-0.5913179445573867,0.5549285867560603,outputViewer0000000118_heading.xml,00000001189_lightTableData.bin
3,1,LN_PRICE,EXCELLENT,-0.06501370954783044,-1.8480684933936717,0.0658818805085672,0.7429931310285383,1.3459074629878243,outputViewer0000000118_heading.xml,00000001189_lightTableData.bin
3,1,LN_PRICE,GOOD,0.06974972872392945,0.4290199600015685,2.330893881945129,-1.2746003072058911,0.6950995321547558,outputViewer0000000118_heading.xml,00000001189_lightTableData.bin
3,1,LN_PRICE,QBELOW_AVG,0.4630488093874982,0.6079079940069719,0.03150213417301356,0.7617087025543994,0.4470533745954961,outputViewer0000000118_heading.xml,00000001189_lightTableData.bin
3,1,LN_PRICE,EXT_BRICK,-0.10276579178730331,-3.0729447491206865,0.002371889732208399,0.82162200937875,1.2171046887559966,outputViewer0000000118_heading.xml,00000001189_lightTableData.bin
3,1,LN_PRICE,EXT_BRICK_SIDING,0.07160201075955641,0.1534475923549688,6.51688296083988,0.2723214096131518,0.15117384378776472,outputViewer0000000118_heading.xml,00000001189_lightTableData.bin
3,1,LN_PRICE,YB_PRE_1910,4.9877043637234735,0.21522259371595104,0.13060446522066652,0.11160567516459183,1.6478961370295842,outputViewer0000000118_heading.xml,00000001189_lightTableData.bin
3,1,LN_PRICE,YB_1930_TO_1945,0.20525154085314146,0.23937165346580724,2.1416580246098174,0.0333618091016271,0.07683570942828301,outputViewer0000000118_heading.xml,00000001189_lightTableData.bin
3,1,LN_PRICE,YB_1946_TO_1960,2.2769234603950617,0.023726647343916146,0.09612161356096555,10.40348744630411,0.40631032141440604,outputViewer0000000118_heading.xml,00000001189_lightTableData.bin
3,1,LN_PRICE,YB_1961_TO_1990,0.1490559595355185,6.708889756009455,0.26217247448642195,0.15631378096744322,0.13511880978624477,outputViewer0000000118_heading.xml,00000001189_lightTableData.bin
3,1,LN_PRICE,CRAWL,0.27861031472981024,0.10822548407977386,0.1435905664551856,2.5743503676494934,0.010690094288607172,outputViewer0000000118_heading.xml,00000001189_lightTableData.bin
3,1,LN_PRICE,SLAB,0.1847662944708277,3.8849661903606205,0.0001328316567043921,0.40716977271084137,2.4559779900709064,outputViewer0000000118_heading.xml,00000001189_lightTableData.bin
3,1,LN_PRICE,HOT_WATER,0.23768844268283856,0.1277449281135683,1.601899102700884,0.11063932026820585,0.14845116763138838,outputViewer0000000118_heading.xml,00000001189_lightTableData.bin
3,1,LN_PRICE,CENTRAL_AIR,1.571964422260339,0.11733341046687736,0.1743253101915321,5.736401667097537,0.3522742941242438,outputViewer0000000118_heading.xml,00000001189_lightTableData.bin
3,1,LN_PRICE,ECF5R501,0.7049064456038779,1.4186279700468931,1.7184531862853127,0.5267815117197892,0.1169097981614725,outputViewer0000000118_heading.xml,00000001189_lightTableData.bin
3,1,LN_PRICE,ECF5R502,1.7634470514870468,0.5094782069420646,0.11997082056302537,3.4612806346937184,0.0006422190653123988,outputViewer0000000118_heading.xml,00000001189_lightTableData.bin
3,1,LN_PRICE,ECF5R503,0.16998646493701258,4.46963930254731,1.2838159219629934e-05,0.6727586806924212,1.4864170893651991,outputViewer0000000118_heading.xml,00000001189_lightTableData.bin
3,1,LN_PRICE,ECF5R504,1.598979759419288e-06,0.7230067955361323,1.3831128644627309,0.5722227635751012,0.11736425004191474,outputViewer0000000118_heading.xml,00000001189_lightTableData.bin
3,1,LN_PRICE,ECF5R505_506_516,1.1882913614922375,0.5855834383298216,0.11076224409233208,0.17545618216410527,5.2868506152843535,outputViewer0000000118_heading.xml,00000001189_lightTableData.bin
3,1,LN_PRICE,ECF5R508_509,0.0685789620791474,-0.2746398334052558,-7.992496601274873,7.401004805290057e-14,0.7883047770158611,outputViewer0000000118_heading.xml,00000001189_lightTableData.bin
3,1,LN_PRICE,ECF5R510,-8.238865399883963,1.2376842114351791e-14,0.8509840924981501,1.1751100976099313,-0.5381361578833844,outputViewer0000000118_heading.xml,00000001189_lightTableData.bin
3,1,LN_PRICE,ECF5R514,0.01294695085738849,0.28854034635914755,0.7732137501703572,0.47470145074757975,2.10658720007103,outputViewer0000000118_heading.xml,00000001189_lightTableData.bin
3,1,LN_PRICE,ECF5R517_521,0.0006728577194256233,0.822686174652337,1.215530333207064,-0.3728772934974784,0.10692322812715355,outputViewer0000000118_heading.xml,00000001189_lightTableData.bin
3,1,LN_PRICE,ECF5R523,4.413926049872208,-0.11812645536545184,0.1352732008065161,-0.056895139768471506,-0.8732435889826429,outputViewer0000000118_heading.xml,00000001189_lightTableData.bin
3,1,LN_PRICE,ECF5R528,0.11387386550194252,-0.061325334228459684,-1.1181185797218915,0.26471405429373057,0.30622496981165187,outputViewer0000000118_heading.xml,00000001189_lightTableData.bin
3,1,LN_PRICE,ECF5R529,,,,,-0.15822986736544734,outputViewer0000000118_heading.xml,00000001189_lightTableData.bin
3,1,LN_PRICE,ECF5R533,-0.037574403395531794,-0.8795453340277458,0.3800786212817041,0.5153520948397978,1.9404209471795388,outputViewer0000000118_heading.xml,00000001189_lightTableData.bin
3,1,LN_PRICE,ECF5R534,0.27635924412172297,0.36455455461621356,2.743073669872962,-0.1439379852781108,0.09958120935174924,outputViewer0000000118_heading.xml,00000001189_lightTableData.bin
3,1,LN_PRICE,ECF5R538,1.7818608770851256,-0.22453745831263702,0.09453040496056178,-0.09739264610653785,-2.3752935196492,outputViewer0000000118_heading.xml,00000001189_lightTableData.bin
3,1,LN_PRICE,MONTHS_1TO9,0.6683044369492919,0.504673166724561,0.5408204421953776,1.8490425323803468,0.07945478297673726,outputViewer0000000118_heading.xml,00000001189_lightTableData.bin
3,1,LN_PRICE,MONTHS_10TO16,0.6862762336521372,1.4571391969649419,-0.2071391421528407,0.08440773076418391,-0.08984616338897992,outputViewer0000000118_heading.xml,00000001189_lightTableData.bin
3,1,LN_PRICE,MONTHS_17TO24,0.6642530278532665,0.5189854071655919,0.045190458508992476,1.2799069466732118,0.2020104156573098,outputViewer0000000118_heading.xml,00000001189_lightTableData.bin
3,2,LN_PRICE,(Constant),0.06162733609165609,0.01065949648826336,,5.781449073088103,2.5056005580071232e-08,outputViewer0000000118_heading.xml,00000001189_lightTableData.bin
3,2,LN_PRICE,LN_LANDRATIO,,7.159146365697662,1.0320513668173716e-11,,,outputViewer0000000118_heading.xml,00000001189_lightTableData.bin
3,2,LN_PRICE,LN_BASE_BLDGSIZE_RATIO,2.361846287672689e-127,0.6763014328906115,1.4786306096171544,11.21963421708946,0.18106674195177466,outputViewer0000000118_heading.xml,00000001189_lightTableData.bin
3,2,LN_PRICE,ARTERIAL,1.185170028213847,11.406441563274123,0.149178014611332,0.2309253999782908,76.4619477809276,outputViewer0000000118_heading.xml,00000001189_lightTableData.bin
3,2,LN_PRICE,SINGLE_FAMILY1STORY,0.12122760989439803,0.19787360031166196,3.7069194578175106,0.0002669383349770043,0.33260666772755576,outputViewer0000000118_heading.xml,00000001189_lightTableData.bin
3,2,LN_PRICE,HALF_DUPLEX2STORY,4.197091351969653,3.869972931948746e-05,0.3843238689687408,2.601972140536854,0.46547026331565655,outputViewer0000000118_heading.xml,00000001189_lightTableData.bin
3,2,LN_PRICE,ROW_HOUSE2STORY,0.04555762367418346,21.950223021985206,0.30882371968405375,0.4008173578223874,0.11183133621120663,outputViewer0000000118_heading.xml,00000001189_lightTableData.bin
3,2,LN_PRICE,SMALLEST,0.2945599252177275,0.2905953399174068,0.10666612676342453,1.013642976179341,0.31183710362913847,outputViewer0000000118_heading.xml,00000001189_lightTableData.bin
3,2,LN_PRICE,SMALL,-0.060691331759909185,-1.595209873498226,0.11218359064947614,0.6754398180557264,1.4805168029307625,outputViewer0000000118_heading.xml,00000001189_lightTableData.bin
3,2,LN_PRICE,LARGE,0.06101463854659748,0.7183857939487092,1.392009709021887,-0.20118057942352474,0.10100853914516773,outputViewer0000000118_heading.xml,00000001189_lightTableData.bin
3,2,LN_PRICE,TWO_BATHS,0.07235273607678629,0.027912304329481774,0.7375790044164355,0.4615598557838255,0.6523104267164442,outputViewer0000000118_heading.xml,00000001189_lightTableData.bin
3,2,LN_PRICE,POWDER_ROOM,0.6262310383120345,1.5968547370239516,-0.3495000562263722,0.5700361251877598,-0.023777185993162503,outputViewer0000000118_heading.xml,00000001189_lightTableData.bin
3,2,LN_PRICE,EXCELLENT,-0.1824589480826793,0.10010793635146013,-0.06411598431490463,-1.8226222089135895,0.0696590264071468,outputViewer0000000118_heading.xml,00000001189_lightTableData.bin
3,2,LN_PRICE,GOOD,-0.08671360141855569,-1.8336946699629142,0.06810131285646825,0.42922784982561546,2.3297649497959534,outputViewer0000000118_heading.xml,00000001189_lightTableData.bin
3,2,LN_PRICE,QBELOW_AVG,0.5461683042860913,1.8309374457514924,0.4758680722184503,0.6061499017020429,0.032374254194732124,outputViewer0000000118_heading.xml,00000001189_lightTableData.bin
3,2,LN_PRICE,EXT_BRICK,-1.4973586523346551,0.4914261595886162,-0.10186829598668787,-3.0469656999703223,0.002576879582460649,outputViewer0000000118_heading.xml,00000001189_lightTableData.bin
3,2,LN_PRICE,EXT_BRICK_SIDING,0.14121479653646907,1.80137914595509,0.07303774598494746,0.15362096410054804,6.5095282135157,outputViewer0000000118_heading.xml,00000001189_lightTableData.bin
3,2,LN_PRICE,YB_PRE_1910,0.10073936897108181,0.2005694149548838,4.985805040239762,0.22412568606867828,0.1301161819956212,outputViewer0000000118_heading.xml,00000001189_lightTableData.bin
3,2,LN_PRICE,YB_1930_TO_1945,13.014781895563559,0.44186790971726764,0.2046643932048112,0.2406182873074591,2.1589877105544333,outputViewer0000000118_heading.xml,00000001189_lightTableData.bin
3,2,LN_PRICE,YB_1946_TO_1960,0.17940150733432406,0.22125547364739315,2.264809964262037,0.024468264902004804,0.09614476219634258,outputViewer0000000118_heading.xml,00000001189_lightTableData.bin
3,2,LN_PRICE,YB_1961_TO_1990,1.6772191988691438,0.0949945356296419,0.14993087257279036,6.669740413299517,0.26066771113071474,outputViewer0000000118_heading.xml,00000001189_lightTableData.bin
3,2,LN_PRICE,CRAWL,0.2966351832172237,3.371144276124884,0.27483962941434736,0.10801536732480649,0.14164722548126427,outputViewer0000000118_heading.xml,00000001189_lightTableData.bin
3,2,LN_PRICE,SLAB,0.3153292466130013,0.08847152111921414,0.16251481997340125,3.5641892738353573,0.0004409492655482656,outputViewer0000000118_heading.xml,00000001189_lightTableData.bin
3,2,LN_PRICE,HOT_WATER,6.736221856355146,0.37187778894763784,0.23636012053205788,0.12476727303944038,1.5733525101887884,outputViewer0000000118_heading.xml,00000001189_lightTableData.bin
3,2,LN_PRICE,CENTRAL_AIR,0.21595526785896704,0.11819018060786725,1.6312373280669497,0.10420282357690178,0.17504529896630897,outputViewer0000000118_heading.xml,00000001189_lightTableData.bin
3,2,LN_PRICE,ECF5R501,3.262174446242543,0.001287592121066082,0.7441406031030756,1.3438320605406928,1.724162611830059,outputViewer0000000118_heading.xml,00000001189_lightTableData.bin
3,2,LN_PRICE,ECF5R502,0.7637874340671678,1.3092647972420814,1.7534462085744427,0.5095931784446223,0.11929044327041809,outputViewer0000000118_heading.xml,00000001189_lightTableData.bin
3,2,LN_PRICE,ECF5R503,0.567575624949415,0.12661653786103935,0.17006056818659687,4.482634216174231,1.21179668569524e-05,outputViewer0000000118_heading.xml,00000001189_lightTableData.bin
3,2,LN_PRICE,ECF5R504,0.1714529730052437,4.875613854906763,2.0549293426291917e-06,0.744926260270202,1.3424147507395925,outputViewer0000000118_heading.xml,00000001189_lightTableData.bin
3,2,LN_PRICE,ECF5R505_506_516,2.8148840784611705e-07,0.8415451953995682,1.188290308668683,-0.5531657162934493,0.07190291741951135,outputViewer0000000118_heading.xml,00000001189_lightTableData.bin
3,2,LN_PRICE,ECF5R508_509,1.2685448942546234,-0.5468183531822,0.06841508963661853,-0.27398907199741773,-7.992657118284627,outputViewer0000000118_heading.xml,00000001189_lightTableData.bin
3,2,LN_PRICE,ECF5R510,0.06555592568675703,-0.2696387669665436,-8.208810298167958,1.4807749156746833e-14,0.8519142085807794,outputViewer0000000118_heading.xml,00000001189_lightTableData.bin
3,2,LN_PRICE,ECF5R514,-0.3725351679333443,0.11120794240279908,-0.1163320484190638,-3.3498971375983992,0.0009553993500750148,outputViewer0000000118_heading.xml,00000001189_lightTableData.bin
3,2,LN_PRICE,ECF5R517_521,-0.11643888442038157,-3.4873366622830653,0.0005852178931169104,0.8237206255136112,1.2140038370126691,outputViewer0000000118_heading.xml,00000001189_lightTableData.bin
3,2,LN_PRICE,ECF5R523,0.3835277548247995,0.22815169004229893,4.3830488383171815,-0.11974344771300319,0.1344812835455652,outputViewer0000000118_heading.xml,00000001189_lightTableData.bin
3,2,LN_PRICE,ECF5R528,3.265573021739751,-0.12167762306456101,0.1136074992829041,-0.05860554563781742,-1.0710351326505372,outputViewer0000000118_heading.xml,00000001189_lightTableData.bin
3,2,LN_PRICE,ECF5R529,0.209513827445075,-0.03501447640171547,-0.7552239835193122,0.45097304101735736,0.45703916829276264,outputViewer0000000118_heading.xml,00000001189_lightTableData.bin
3,2,LN_PRICE,ECF5R533,-0.16227592995323117,0.19209358848513058,-0.035909824197669936,-0.8447753578500746,0.3991624243056616,outputViewer0000000118_heading.xml,00000001189_lightTableData.bin
3,2,LN_PRICE,ECF5R534,-0.06932716100770626,-1.4454331918151422,0.14968565866722688,0.3993905509314113,2.5038148690997284,outputViewer0000000118_heading.xml,00000001189_lightTableData.bin
3,2,LN_PRICE,ECF5R538,0.018417886024545617,0.5660571067951821,1.7666062098604347,-0.2239999457343757,0.09432133637590562,outputViewer0000000118_heading.xml,00000001189_lightTableData.bin
3,2,LN_PRICE,MONTHS_1TO9,0.11993086648152997,0.027920371528022844,0.6625048689110717,0.5083707123544859,0.542772268819768,outputViewer0000000118_heading.xml,00000001189_lightTableData.bin
3,2,LN_PRICE,MONTHS_10TO16,-2.4540304576074976,0.014885939406495822,0.6863744631103196,1.456930660660771,-0.2110984961019702,outputViewer0000000118_heading.xml,00000001189_lightTableData.bin
3,2,LN_PRICE,MONTHS_17TO24,0.7880621038143873,1.268935525715281,0.6642380388866485,0.5177339134287078,0.04518943877969409,outputViewer0000000118_heading.xml,00000001189_lightTableData.bin
3,3,LN_PRICE,(Constant),,,0.061064761456440436,0.010614084604166765,,outputViewer0000000118_heading.xml,00000001189_lightTableData.bin
3,3,LN_PRICE,LN_LANDRATIO,0.06787684118349245,0.009528245441507318,,7.123750285420302,1.2634481428576148e-11,outputViewer0000000118_heading.xml,00000001189_lightTableData.bin
3,3,LN_PRICE,LN_BASE_BLDGSIZE_RATIO,0.20967500224456015,61.96408073702292,8.039037994770193e-141,0.6860856998320799,1.4575438611309797,outputViewer0000000118_heading.xml,00000001189_lightTableData.bin
3,3,LN_PRICE,ARTERIAL,5.0484075666284554e-167,0.8442662219408263,1.1844605102181724,11.42765120055501,0.14771917368079746,outputViewer0000000118_heading.xml,00000001189_lightTableData.bin
3,3,LN_PRICE,SINGLE_FAMILY1STORY,3.0065542787588324,0.4489086232072564,0.12098787223716018,0.1976656072769073,3.710360508921974,outputViewer0000000118_heading.xml,00000001189_lightTableData.bin
3,3,LN_PRICE,HALF_DUPLEX2STORY,0.11111116679678726,0.20495810842366538,4.189230270319828,3.990657882025796e-05,0.38434023552742197,outputViewer0000000118_heading.xml,00000001189_lightTableData.bin
3,3,LN_PRICE,ROW_HOUSE2STORY,0.7704848945711118,0.4418700851856052,0.04556270761656617,21.947773789378783,0.24249631474738537,outputViewer0000000118_heading.xml,00000001189_lightTableData.bin
3,3,LN_PRICE,SMALLEST,0.08295044961085941,12.055389750040433,0.3236146405539394,0.28853800958814124,0.11718742882729767,outputViewer0000000118_heading.xml,00000001189_lightTableData.bin
3,3,LN_PRICE,SMALL,-0.17309724280380326,0.10794771758262657,-0.060826285699799254,-1.6035285106543284,0.11032814309232267,outputViewer0000000118_heading.xml,00000001189_lightTableData.bin
3,3,LN_PRICE,LARGE,-0.07069475632917245,-1.9917185331667007,0.0476219303690985,0.7325220390044475,1.3651466396274918,outputViewer0000000118_heading.xml,00000001189_lightTableData.bin
3,3,LN_PRICE,TWO_BATHS,1.5330124416893531,0.05213834525235679,0.07217114951400841,0.027270269532535116,0.7224264211315734,outputViewer0000000118_heading.xml,00000001189_lightTableData.bin
3,3,LN_PRICE,POWDER_ROOM,-0.613119135407871,0.5404426061361185,0.6277250579109983,1.5930541363569153,-0.36593386553537427,outputViewer0000000118_heading.xml,00000001189_lightTableData.bin
3,3,LN_PRICE,EXCELLENT,0.7434269187174023,1.3451221294559128,-0.1978151461865267,0.09843575876742841,-0.06951214475049314,outputViewer0000000118_heading.xml,00000001189_lightTableData.bin
3,3,LN_PRICE,GOOD,-1.3340244625241362,0.6637872346500667,-0.09075634524167349,-2.009716958819497,0.04572276434984369,outputViewer0000000118_heading.xml,00000001189_lightTableData.bin
3,3,LN_PRICE,QBELOW_AVG,0.7850666491609306,0.43325908953424364,0.547355899728823,1.826964869649584,0.48279913260122276,outputViewer0000000118_heading.xml,00000001189_lightTableData.bin
3,3,LN_PRICE,EXT_BRICK,0.822196051647187,1.2162549284888935,-1.4919261534853225,0.49144365466858914,-0.10149871225344645,outputViewer0000000118_heading.xml,00000001189_lightTableData.bin
3,3,LN_PRICE,EXT_BRICK_SIDING,0.2746170162114986,0.15079787439936201,0.1424052046618303,1.8210934159736434,0.06996976990884526,outputViewer0000000118_heading.xml,00000001189_lightTableData.bin
3,3,LN_PRICE,YB_PRE_1910,0.11622245640453092,1.7225043236837427,0.08631660022084865,0.2018456914689556,4.954279641652905,outputViewer0000000118_heading.xml,00000001189_lightTableData.bin
3,3,LN_PRICE,YB_1930_TO_1945,0.03196886110298076,0.07694590971598342,12.996142403035066,0.4292379610193979,0.19950013939909397,outputViewer0000000118_heading.xml,00000001189_lightTableData.bin
3,3,LN_PRICE,YB_1946_TO_1960,10.400982613674204,0.36836154685442557,0.17602861578864273,0.20059054428901993,2.092623095421694,outputViewer0000000118_heading.xml,00000001189_lightTableData.bin
3,3,LN_PRICE,YB_1961_TO_1990,0.1554939964246632,0.13434328278238442,1.6763844079151198,0.09515095728909417,0.15080596792345086,outputViewer0000000118_heading.xml,00000001189_lightTableData.bin
3,3,LN_PRICE,CRAWL,2.5444493336572536,0.011618150255559307,0.2972461171388136,3.3642155181895985,0.2792347108444567,outputViewer0000000118_heading.xml,00000001189_lightTableData.bin
3,3,LN_PRICE,SLAB,0.44581665831971007,2.243074549454961,0.34172492608864913,0.33633757920060514,0.11465080309942477,outputViewer0000000118_heading.xml,00000001189_lightTableData.bin
3,3,LN_PRICE,HOT_WATER,0.11709405871321558,0.14956241992950203,6.6861715695116555,0.35917343518787864,0.23449886199338446,outputViewer0000000118_heading.xml,00000001189_lightTableData.bin
3,3,LN_PRICE,CENTRAL_AIR,5.712806947146124,0.34118161864893115,0.2156415749337391,0.11446852012988394,1.582169944519127,outputViewer0000000118_heading.xml,00000001189_lightTableData.bin
3,3,LN_PRICE,ECF5R501,0.5252810091181265,0.11729822177020467,3.282362358244566,0.0012021501701052915,0.745192029515639,outputViewer0000000118_heading.xml,00000001189_lightTableData.bin
3,3,LN_PRICE,ECF5R502,3.440874569644559,0.0006895223372692081,0.7640374380767111,1.3088363870195556,1.7599361968309188,outputViewer0000000118_heading.xml,00000001189_lightTableData.bin
3,3,LN_PRICE,ECF5R503,0.672918654291125,1.4860637220013369,0.5674153967998926,0.12631722597478515,0.17001255962359754,outputViewer0000000118_heading.xml,00000001189_lightTableData.bin
3,3,LN_PRICE,ECF5R504,0.5755643697499633,0.11722448840422643,0.17245420600358385,4.909932878233076,1.750607991217006e-06,outputViewer0000000118_heading.xml,00000001189_lightTableData.bin
3,3,LN_PRICE,ECF5R505_506_516,-0.2771694848682754,-7.6932304855733715,5.744090891882499e-13,0.7568743810085442,1.3212232110003352,outputViewer0000000118_heading.xml,00000001189_lightTableData.bin
3,3,LN_PRICE,ECF5R508_509,7.280564078944851e-14,0.7894153430180884,1.2667602787865835,-0.5416988395402297,0.06791288282518296,outputViewer0000000118_heading.xml,00000001189_lightTableData.bin
3,3,LN_PRICE,ECF5R510,1.1738271177163715,-0.5377788605879068,0.0655542716353426,-0.2694597394085888,-8.203567016645357,outputViewer0000000118_heading.xml,00000001189_lightTableData.bin
3,3,LN_PRICE,ECF5R514,0.7891184604829562,1.2672368599614057,-0.37343445468099085,0.11094559203040363,-0.11661286987828388,outputViewer0000000118_heading.xml,00000001189_lightTableData.bin
3,3,LN_PRICE,ECF5R517_521,-0.3816316063414601,0.10671743663260506,-0.11917260524274413,-3.5760942015061605,0.00042541827761010737,outputViewer0000000118_heading.xml,00000001189_lightTableData.bin
3,3,LN_PRICE,ECF5R523,-0.057673957733794017,-0.8904097622806484,0.37426003048567624,0.22977469807179193,4.3520892787227385,outputViewer0000000118_heading.xml,00000001189_lightTableData.bin
3,3,LN_PRICE,ECF5R528,0.28530115365059117,0.30727717374382235,3.254390776301862,,,outputViewer0000000118_heading.xml,00000001189_lightTableData.bin
3,3,LN_PRICE,ECF5R529,2.1879962799149775,-0.15879908446139934,0.19974460803651245,-0.03514043769401455,-0.7950106189217961,outputViewer0000000118_heading.xml,00000001189_lightTableData.bin
3,3,LN_PRICE,ECF5R533,0.5186848572566843,1.9279529487114457,-0.17016220632508394,0.19121327313757197,-0.0376549677822366,outputViewer0000000118_heading.xml,00000001189_lightTableData.bin
3,3,LN_PRICE,ECF5R534,-0.11881270696916037,0.09645252792961814,-0.05722567013771471,-1.2318257439126796,0.21925591012134385,outputViewer0000000118_heading.xml,00000001189_lightTableData.bin
3,3,LN_PRICE,ECF5R538,-0.09715950116624229,-2.3748597543365224,0.018434829592831454,0.5662207043245456,1.7660957862586766,outputViewer0000000118_heading.xml,00000001189_lightTableData.bin
3,3,LN_PRICE,MONTHS_1TO9,1.84239331566156,0.08295766913297102,0.11908683690176926,0.02915128399469019,0.6966149348764719,outputViewer0000000118_heading.xml,00000001189_lightTableData.bin
3,3,LN_PRICE,MONTHS_10TO16,0.08419403955212425,-0.09156352476322857,-2.5072855183683145,0.012869478508115548,0.6887543323977625,outputViewer0000000118_heading.xml,00000001189_lightTableData.bin
3,3,LN_PRICE,MONTHS_17TO24,1.2829718541860873,0.20092966278386912,0.7880698242746964,1.2689230943721954,0.6683747249663986,outputViewer0000000118_heading.xml,00000001189_lightTableData.bin
3,4,LN_PRICE,(Constant),5.753182090942471,2.8843783937346737e-08,,,0.06103982318981843,outputViewer0000000118_heading.xml,00000001189_lightTableData.bin
3,4,LN_PRICE,LN_LANDRATIO,,,0.06774576841141537,0.009537018618604497,,outputViewer0000000118_heading.xml,00000001189_lightTableData.bin
3,4,LN_PRICE,LN_BASE_BLDGSIZE_RATIO,11.233080797678868,0.17829094827202585,0.20922139012505925,63.00421253321337,9.335600362302808e-143,outputViewer0000000118_heading.xml,00000001189_lightTableData.bin
3,4,LN_PRICE,ARTERIAL,0.23468812067105174,77.36064937141285,1.1501932204092513e-168,0.8550938640486909,1.1694622567693431,outputViewer0000000118_heading.xml,00000001189_lightTableData.bin
3,4,LN_PRICE,SINGLE_FAMILY1STORY,0.00026326932990776945,0.3326370572235548,3.0062796019985583,0.449219238081932,0.12075907617395731,outputViewer0000000118_heading.xml,00000001189_lightTableData.bin
3,4,LN_PRICE,HALF_DUPLEX2STORY,2.601861339413817,0.4568415584677858,0.11059082666440744,0.2011586755422433,4.130917294380039,outputViewer0000000118_heading.xml,00000001189_lightTableData.bin
3,4,LN_PRICE,ROW_HOUSE2STORY,0.33096271048266934,0.08781283682560902,0.732699808971632,0.46454706976673743,0.06653935739050933,outputViewer0000000118_heading.xml,00000001189_lightTableData.bin
3,4,LN_PRICE,SMALLEST,1.1215667600115025,0.2632317108899224,0.08405012242648233,11.897662622379741,0.35256078358823906,outputViewer0000000118_heading.xml,00000001189_lightTableData.bin
3,4,LN_PRICE,SMALL,0.6762601829004328,1.4787208019716165,-0.17427972106472603,0.10728915135550762,-0.06124180797714837,outputViewer0000000118_heading.xml,00000001189_lightTableData.bin
3,4,LN_PRICE,TWO_BATHS,0.4707995744973992,0.6532278205955934,1.5308594773079784,,,outputViewer0000000118_heading.xml,00000001189_lightTableData.bin
3,4,LN_PRICE,POWDER_ROOM,0.567706692525962,-0.024895210821928818,-0.644582616962261,0.5198785099826129,0.6305177785378896,outputViewer0000000118_heading.xml,00000001189_lightTableData.bin
3,4,LN_PRICE,EXCELLENT,-2.0095862384105696,0.04563820410807054,0.7680170497878666,1.302054427406539,-0.19596595097998243,outputViewer0000000118_heading.xml,00000001189_lightTableData.bin
3,4,LN_PRICE,GOOD,0.4686603991310248,2.1337411948058085,-1.312646861487561,0.6582251420262196,-0.08930198440001157,outputViewer0000000118_heading.xml,00000001189_lightTableData.bin
3,4,LN_PRICE,QABOVE_AVG,,-0.004879970814475171,0.5288590333727224,-0.00033199414887025505,-0.009227356453295048,outputViewer0000000118_heading.xml,00000001189_lightTableData.bin
3,4,LN_PRICE,QBELOW_AVG,0.604972090635788,0.032845788058361254,0.7980519102853668,0.42569706093289095,0.5476367593094745,outputViewer0000000118_heading.xml,00000001189_lightTableData.bin
3,4,LN_PRICE,EXT_BRICK,-3.0358030657480373,0.0026692125290184204,0.8222922813367413,1.2161125948724365,-1.5275348797394233,outputViewer0000000118_heading.xml,00000001189_lightTableData.bin
3,4,LN_PRICE,EXT_BRICK_SIDING,0.15380997399694904,6.501528958192503,0.2587091527482125,0.14694591438479093,0.13415603429550083,outputViewer0000000118_heading.xml,00000001189_lightTableData.bin
3,4,LN_PRICE,YB_PRE_1910,0.22570269274491297,0.130095711172939,0.11704022786523792,1.7348972591792944,0.08408704984787772,outputViewer0000000118_heading.xml,00000001189_lightTableData.bin
3,4,LN_PRICE,YB_1930_TO_1945,0.2337406739808724,2.1515672235231893,0.03255151212085041,0.08063419713419755,12.401686077877407,outputViewer0000000118_heading.xml,00000001189_lightTableData.bin
3,4,LN_PRICE,YB_1946_TO_1960,0.03748889824745629,0.09994230833760048,10.005772496489138,0.35677737755780975,0.17585079499380069,outputViewer0000000118_heading.xml,00000001189_lightTableData.bin
3,4,LN_PRICE,YB_1961_TO_1990,6.631037310854968,0.2584118154629569,0.15432338317920738,0.1331806361764564,1.6744825712048916,outputViewer0000000118_heading.xml,00000001189_lightTableData.bin
3,4,LN_PRICE,CRAWL,0.10782317630077347,0.1439123685818637,2.5897466613813123,0.010231501822720057,0.29793300338053275,outputViewer0000000118_heading.xml,00000001189_lightTableData.bin
3,4,LN_PRICE,SLAB,1.0160176775394782,0.31080702965078605,0.07715169520084929,12.96147799988965,0.34116578704867195,outputViewer0000000118_heading.xml,00000001189_lightTableData.bin
3,4,LN_PRICE,HOT_WATER,0.12050488463808118,1.5316638730554326,0.1270552538066317,0.15141374050898782,6.604420422072861,outputViewer0000000118_heading.xml,00000001189_lightTableData.bin
3,4,LN_PRICE,CENTRAL_AIR,0.11497305417534023,0.175526500812294,5.69714541890964,0.3409214136797686,0.21565411768610313,outputViewer0000000118_heading.xml,00000001189_lightTableData.bin
3,4,LN_PRICE,ECF5R501,1.3419359848091523,1.7318877080319532,0.5236881817380036,0.11782377547451808,3.307097178103593,outputViewer0000000118_heading.xml,00000001189_lightTableData.bin
3,4,LN_PRICE,ECF5R502,0.5098960912929817,0.11973197011746307,3.4515585172816614,0.0006636102674633079,0.7641327090517859,outputViewer0000000118_heading.xml,00000001189_lightTableData.bin
3,4,LN_PRICE,ECF5R503,4.491987473768284,1.161642624331554e-05,0.6729719288402211,1.4859460805792732,0.5662211649859173,outputViewer0000000118_heading.xml,00000001189_lightTableData.bin
3,4,LN_PRICE,ECF5R504,0.7457681324146742,1.3408993446289599,0.5763646561053232,0.11712596655986708,0.17269399282021577,outputViewer0000000118_heading.xml,00000001189_lightTableData.bin
3,4,LN_PRICE,ECF5R505_506_516,-0.5531455917007415,0.071696875611689,-0.2771594012299918,-7.715058529141264,4.953964289755086e-13,outputViewer0000000118_heading.xml,00000001189_lightTableData.bin
3,4,LN_PRICE,ECF5R508_509,-0.27142388598330786,-7.976378221708487,7.944128856796767e-14,0.7991790445944367,1.2512840605167206,outputViewer0000000118_heading.xml,00000001189_lightTableData.bin
3,4,LN_PRICE,ECF5R510,1.509033884580867e-14,0.8519396395019437,1.1737920782564062,-0.5339140385745417,0.06554109397243714,outputViewer0000000118_heading.xml,00000001189_lightTableData.bin
3,4,LN_PRICE,ECF5R514,-3.365924214264002,0.0009035342300713794,0.7895798605010734,1.2664963356149843,-0.3738226647284383,outputViewer0000000118_heading.xml,00000001189_lightTableData.bin
3,4,LN_PRICE,ECF5R517_521,0.827987155575665,1.2077482039014742,-0.38697974101443905,0.1066241741328891,-0.12084267431348479,outputViewer0000000118_heading.xml,00000001189_lightTableData.bin
3,4,LN_PRICE,ECF5R523,-0.11682257576265645,0.13382879006206003,-0.05626713131758896,-0.8729255917839701,0.38369127401621683,outputViewer0000000118_heading.xml,00000001189_lightTableData.bin
3,4,LN_PRICE,ECF5R529,0.4275135515985584,0.5004213866086606,1.9983158729025696,-0.15783966377847666,0.1990493951564185,outputViewer0000000118_heading.xml,00000001189_lightTableData.bin
3,4,LN_PRICE,ECF5R533,-0.8899079207888333,0.3744918509649905,0.521764102215943,1.9165749344444725,-0.1686736287711145,outputViewer0000000118_heading.xml,00000001189_lightTableData.bin
3,4,LN_PRICE,ECF5R534,0.4257713988237064,2.348678193891687,-0.14683655110481764,0.09242813121914699,-0.07072324376773152,outputViewer0000000118_heading.xml,00000001189_lightTableData.bin
3,4,LN_PRICE,ECF5R538,-0.22641783479417207,0.0939528021268533,-0.09820825541551209,-2.4099103982919745,0.016794312988916416,outputViewer0000000118_heading.xml,00000001189_lightTableData.bin
3,4,LN_PRICE,MONTHS_1TO9,0.4868069034223983,0.5481235738845469,1.824406115053598,0.07995753727430267,0.11839637376915547,outputViewer0000000118_heading.xml,00000001189_lightTableData.bin
3,4,LN_PRICE,MONTHS_10TO16,1.451896493367522,-0.21253516690480972,0.08413423863375193,-0.092186677675549,-2.526143581449699,outputViewer0000000118_heading.xml,00000001189_lightTableData.bin
3,4,LN_PRICE,MONTHS_17TO24,0.5149146916524202,0.045470865785387726,1.2980300150720259,0.19570765655155273,0.7929504750091182,outputViewer0000000118_heading.xml,00000001189_lightTableData.bin
3,5,LN_PRICE,(Constant),0.010599483127509333,,5.758754691669722,2.7890757136875945e-08,,outputViewer0000000118_heading.xml,00000001189_lightTableData.bin
3,5,LN_PRICE,LN_LANDRATIO,7.103453513161775,1.4131750818724963e-11,,,11.175269808822323,outputViewer0000000118_heading.xml,00000001189_lightTableData.bin
3,5,LN_PRICE,LN_BASE_BLDGSIZE_RATIO,0.686447742111826,1.4567751318163629,11.231321458576083,0.17795616417932275,0.21049901842682853,outputViewer0000000118_heading.xml,00000001189_lightTableData.bin
3,5,LN_PRICE,ARTERIAL,11.452856050896454,0.14565911141791174,0.2357989650986057,78.6278039142843,9.126374665275616e-171,outputViewer0000000118_heading.xml,00000001189_lightTableData.bin
3,5,LN_PRICE,SINGLE_FAMILY1STORY,0.19780237871469644,3.7199625263348097,0.0002537689021729841,0.3326487415890451,3.0061740057186266,outputViewer0000000118_heading.xml,00000001189_lightTableData.bin
3,5,LN_PRICE,HALF_DUPLEX2STORY,5.052753688033576e-05,0.38752025519747474,2.5805102742059622,0.4602385967738732,0.11052764677600685,outputViewer0000000118_heading.xml,00000001189_lightTableData.bin
3,5,LN_PRICE,ROW_HOUSE2STORY,15.028699392618908,0.2654689853886015,0.32055481857979123,0.09613170707552204,0.8281547180128318,outputViewer0000000118_heading.xml,00000001189_lightTableData.bin
3,5,LN_PRICE,SMALLEST,0.28741423723049814,0.12766941465726625,1.2266642981415539,0.22121403079982738,0.08477464457831987,outputViewer0000000118_heading.xml,00000001189_lightTableData.bin
3,5,LN_PRICE,SMALL,-1.6243927635073,0.10579197239733269,0.6813798730071013,1.4676101241246642,-0.1742848348997696,outputViewer0000000118_heading.xml,00000001189_lightTableData.bin
3,5,LN_PRICE,LARGEST,0.06598053166323867,0.0824090002930333,0.03451024142879088,0.8006471553910663,0.42425391035543547,outputViewer0000000118_heading.xml,00000001189_lightTableData.bin
3,5,LN_PRICE,POWDER_ROOM,1.5859981019391782,-0.34828841705239116,0.5655516843948535,-0.023694755763229464,-0.6158383515824263,outputViewer0000000118_heading.xml,00000001189_lightTableData.bin
3,5,LN_PRICE,EXCELLENT,0.09840973610632267,-0.0688623384674696,-1.9913268618895517,0.04761783995149941,0.7682987774249711,outputViewer0000000118_heading.xml,00000001189_lightTableData.bin
3,5,LN_PRICE,GOOD,-1.9942216996555766,0.04739706794017568,0.47457260723221434,2.1071591254121573,-1.1869557838629898,outputViewer0000000118_heading.xml,00000001189_lightTableData.bin
3,5,LN_PRICE,QABOVE_AVG,0.9926466259462213,0.7589110616707592,1.3176774598573886,0.45990650563958285,0.639671595969727,outputViewer0000000118_heading.xml,00000001189_lightTableData.bin
3,5,LN_PRICE,QBELOW_AVG,1.8260278971428412,0.5001918250738095,0.6036885267927989,0.03402904762148624,0.8285594356599193,outputViewer0000000118_heading.xml,00000001189_lightTableData.bin
3,5,LN_PRICE,EXT_BRICK,0.4901405252252001,-0.1039212449313095,-3.1165243458242546,0.0020568467676313857,0.8266534876577026,outputViewer0000000118_heading.xml,00000001189_lightTableData.bin
3,5,LN_PRICE,EXT_BRICK_SIDING,1.7605739760192283,0.07971274851157496,0.16141198763606418,6.195326720433561,0.2564168195036792,outputViewer0000000118_heading.xml,00000001189_lightTableData.bin
3,5,LN_PRICE,YB_PRE_1910,0.20187650417183414,4.953523462784037,0.22904355489443673,0.1300616099476747,0.1187726629659947,outputViewer0000000118_heading.xml,00000001189_lightTableData.bin
3,5,LN_PRICE,YB_1930_TO_1945,0.42203837515578674,0.19792577674027706,0.22982015388487004,2.1323062721112653,0.03411586216525879,outputViewer0000000118_heading.xml,00000001189_lightTableData.bin
3,5,LN_PRICE,YB_1946_TO_1960,0.19428240804573657,2.028864171870177,0.04362938600556385,0.10027612807402055,9.972463229352382,outputViewer0000000118_heading.xml,00000001189_lightTableData.bin
3,5,LN_PRICE,YB_1961_TO_1990,0.09551732841234306,0.15239158318675003,6.562042201336923,0.2622517028948355,0.1534443446356684,outputViewer0000000118_heading.xml,00000001189_lightTableData.bin
3,5,LN_PRICE,CRAWL,3.3564593000888774,0.27768121837779597,0.10771893687047016,0.1431117275019094,2.577831033662187,outputViewer0000000118_heading.xml,00000001189_lightTableData.bin
3,5,LN_PRICE,SLAB,0.3300378066220076,0.11446320853115206,1.0337172899691738,0.3024687254177654,0.07973996959022203,outputViewer0000000118_heading.xml,00000001189_lightTableData.bin
3,5,LN_PRICE,HOT_WATER,0.3607075515014477,0.23409852359180408,0.12101959004576628,1.540836507497206,0.12480024171678537,outputViewer0000000118_heading.xml,00000001189_lightTableData.bin
3,5,LN_PRICE,CENTRAL_AIR,0.11438121977100638,1.5808713385014013,0.11526396560999419,0.1755267495575395,5.697137345280752,outputViewer0000000118_heading.xml,00000001189_lightTableData.bin
3,5,LN_PRICE,ECF5R501,0.0011048074697623679,0.7466351067278452,1.3393423253060461,1.7377861603164173,0.5224768852034244,outputViewer0000000118_heading.xml,00000001189_lightTableData.bin
3,5,LN_PRICE,ECF5R502,1.3086732031676833,1.773510830423728,0.5098627106170709,0.12065547951889274,3.478408586259041,outputViewer0000000118_heading.xml,00000001189_lightTableData.bin
3,5,LN_PRICE,ECF5R503,0.12598056290927542,0.16965473639810358,4.494512104964002,1.1465914327767913e-05,0.673661032674111,outputViewer0000000118_heading.xml,00000001189_lightTableData.bin
3,5,LN_PRICE,ECF5R504,4.920895622327467,1.659831240521282e-06,0.7458227200519387,1.3408012026374854,0.5710105628620213,outputViewer0000000118_heading.xml,00000001189_lightTableData.bin
3,5,LN_PRICE,ECF5R505_506_516,0.7575713767701975,1.320007633159748,-0.5541159816399964,0.07089247306348853,-0.2776456252884653,outputViewer0000000118_heading.xml,00000001189_lightTableData.bin
3,5,LN_PRICE,ECF5R508_509,-0.5392068665908563,0.06770277230614558,-0.27017525679617815,-7.964324771703786,8.44247281158005e-14,outputViewer0000000118_heading.xml,00000001189_lightTableData.bin
3,5,LN_PRICE,ECF5R510,-0.2675232297967319,-8.146248501727413,2.154031096596333e-14,0.8539625995682991,1.171011471117736,outputViewer0000000118_heading.xml,00000001189_lightTableData.bin
3,5,LN_PRICE,ECF5R514,0.11072716707940447,-0.11673409674201049,-3.376069979830363,0.0008718221395204652,0.7896380368142285,outputViewer0000000118_heading.xml,00000001189_lightTableData.bin
3,5,LN_PRICE,ECF5R517_521,-3.6293808994209313,0.0003500960629215993,0.8298546606037452,1.2050302871980845,-0.3927922250454888,outputViewer0000000118_heading.xml,00000001189_lightTableData.bin
3,5,LN_PRICE,ECF5R523,0.23102192554978673,4.328593477091824,-0.11940264134084941,0.13325560962396996,-0.057509809693309044,outputViewer0000000118_heading.xml,00000001189_lightTableData.bin
3,5,LN_PRICE,ECF5R529,-0.03492812877016312,-0.7929673117290404,0.42869611580745237,0.5015369923981982,1.9938708712557822,outputViewer0000000118_heading.xml,00000001189_lightTableData.bin
3,5,LN_PRICE,ECF5R533,0.19083922975014558,-0.0373255624398482,-0.8838519679205833,0.3777409860893228,0.5219184348688535,outputViewer0000000118_heading.xml,00000001189_lightTableData.bin
3,5,LN_PRICE,ECF5R534,-1.5886564963286811,0.11348817506795937,0.46371805104005903,2.156482797590326,-0.1637732125008422,outputViewer0000000118_heading.xml,00000001189_lightTableData.bin
3,5,LN_PRICE,ECF5R538,0.5684685369927057,1.7591123077631847,-0.20999295226755263,0.08580083752955588,-0.09108399747085683,outputViewer0000000118_heading.xml,00000001189_lightTableData.bin
3,5,LN_PRICE,MONTHS_1TO9,0.028097039140083987,0.6753377213241403,0.5001936982682929,0.5521579936651654,1.8110758360340082,outputViewer0000000118_heading.xml,00000001189_lightTableData.bin
3,5,LN_PRICE,MONTHS_10TO16,0.012214004741431425,0.6890169058993318,1.4513431984586225,-0.21005488895365343,0.0841359322460556,outputViewer0000000118_heading.xml,00000001189_lightTableData.bin
3,5,LN_PRICE,MONTHS_17TO24,1.2611128078187996,0.6690328812722979,0.513680589535829,0.045515641471740705,1.3024297489551786,outputViewer0000000118_heading.xml,00000001189_lightTableData.bin
3,6,LN_PRICE,(Constant),,0.06406504472794083,0.009832412824034945,,6.515699236237962,outputViewer0000000118_heading.xml,00000001189_lightTableData.bin
3,6,LN_PRICE,LN_LANDRATIO,0.29518380716569453,0.009466645651511903,37.858681735036186,5.387025757644552e-95,4.046026657822857e-11,outputViewer0000000118_heading.xml,00000001189_lightTableData.bin
3,6,LN_PRICE,LN_BASE_BLDGSIZE_RATIO,63.112854282802545,2.3924051367687444e-143,0.6904887794718073,1.448249457094661,11.238275104775672,outputViewer0000000118_heading.xml,00000001189_lightTableData.bin
3,6,LN_PRICE,ARTERIAL,0.8560467684523541,1.1681604754000752,11.449799252046066,0.14562537529432304,0.23438124955519563,outputViewer0000000118_heading.xml,00000001189_lightTableData.bin
3,6,LN_PRICE,SINGLE_FAMILY1STORY,0.4392290101857815,0.11878872024517305,0.19340343344646177,3.697564964747816,0.000275480117927042,outputViewer0000000118_heading.xml,00000001189_lightTableData.bin
3,6,LN_PRICE,HALF_DUPLEX2STORY,0.20265447581205825,4.164013350493055,4.4108395119468765e-05,0.38790055198456425,2.5779803480140266,outputViewer0000000118_heading.xml,00000001189_lightTableData.bin
3,6,LN_PRICE,ROW_HOUSE2STORY,0.40850551086878084,0.0706264963907467,14.158992037031268,0.27219333148209746,0.31926249498486214,outputViewer0000000118_heading.xml,00000001189_lightTableData.bin
3,6,LN_PRICE,SMALLEST,11.79597985900301,0.34678924320958715,0.287558434342216,0.12557942275767414,1.2059783396820212,outputViewer0000000118_heading.xml,00000001189_lightTableData.bin
3,6,LN_PRICE,SMALL,0.10703975881752983,-0.06124360497625906,-1.6282252204703873,0.10496933849609488,0.6813799495310247,outputViewer0000000118_heading.xml,00000001189_lightTableData.bin
3,6,LN_PRICE,LARGEST,0.5287903021469308,1.8911088118294157,0.0658867906056835,0.08158361357866867,0.034461211412716894,outputViewer0000000118_heading.xml,00000001189_lightTableData.bin
3,6,LN_PRICE,POWDER_ROOM,0.5386436552142171,0.6331063109411951,1.5795135551774389,-0.37458903291610596,0.5624865932659273,outputViewer0000000118_heading.xml,00000001189_lightTableData.bin
3,6,LN_PRICE,EXCELLENT,1.301576976800091,-0.1957862468990154,0.09841537011936148,-0.06879919054209964,-1.989386888059855,outputViewer0000000118_heading.xml,00000001189_lightTableData.bin
3,6,LN_PRICE,GOOD,0.5393294704451251,-0.08075096966591169,-2.20079904568048,0.02881454169601038,0.7039562171619471,outputViewer0000000118_heading.xml,00000001189_lightTableData.bin
3,6,LN_PRICE,QABOVE_AVG,0.0312883569809069,0.7189728425292599,0.4729645892858797,0.5162544313569083,1.9370293778818108,outputViewer0000000118_heading.xml,00000001189_lightTableData.bin
3,6,LN_PRICE,QBELOW_AVG,0.408243650621378,0.5486261236219421,1.82273493175673,0.49936135897253375,0.6028608545580914,outputViewer0000000118_heading.xml,00000001189_lightTableData.bin
3,6,LN_PRICE,EXT_BRICK,1.2096967047625595,-1.7176927123176837,0.4647776898285649,-0.11685806160049311,-3.6957297002600566,outputViewer0000000118_heading.xml,00000001189_lightTableData.bin
3,6,LN_PRICE,EXT_BRICK_SIDING,0.14664352255162608,0.13296732359816565,1.748572422715823,0.08176610769260086,0.16154964462900198,outputViewer0000000118_heading.xml,00000001189_lightTableData.bin
3,6,LN_PRICE,YB_PRE_1910,1.7610389029213431,0.07954354755790059,0.2020061626941919,4.950344022493291,0.22595642652622996,outputViewer0000000118_heading.xml,00000001189_lightTableData.bin
3,6,LN_PRICE,YB_1930_TO_1945,0.08158368343311125,12.257352915670682,0.41838091166682884,0.1973403300552175,0.22782848945020737,outputViewer0000000118_heading.xml,00000001189_lightTableData.bin
3,6,LN_PRICE,YB_1946_TO_1960,0.36556258600080976,0.17569835183658156,0.19906637574899497,2.080626153743448,0.03857535774246481,outputViewer0000000118_heading.xml,00000001189_lightTableData.bin
3,6,LN_PRICE,YB_1961_TO_1990,0.1351596426321302,1.7090998271556674,0.08889584211450938,0.1534790442771035,6.515547478876133,outputViewer0000000118_heading.xml,00000001189_lightTableData.bin
3,6,LN_PRICE,CRAWL,0.010577511807639018,0.2980301569647273,3.355365142187114,0.2771298829126609,0.10766109740601928,outputViewer0000000118_heading.xml,00000001189_lightTableData.bin
3,6,LN_PRICE,SLAB,12.540762244316472,0.33865450144893566,0.32833523522338687,0.11362065685042658,1.031429055180532,outputViewer0000000118_heading.xml,00000001189_lightTableData.bin
3,6,LN_PRICE,HOT_WATER,0.15143643483405406,6.603430680970617,0.3465135026641219,0.231569876158547,0.11625739983313399,outputViewer0000000118_heading.xml,00000001189_lightTableData.bin
3,6,LN_PRICE,CENTRAL_AIR,0.3481438173079985,0.21555139816597532,0.11680438036910085,1.615131334197733,0.10762975904475544,outputViewer0000000118_heading.xml,00000001189_lightTableData.bin
3,6,LN_PRICE,ECF5R501,0.11822505894941587,3.3260536676944414,0.0010350372369851636,0.7472055012572809,1.3383199110784862,outputViewer0000000118_heading.xml,00000001189_lightTableData.bin
3,6,LN_PRICE,ECF5R502,0.0006031207523063676,0.7646182919603576,1.3078421096049924,1.7447835226039594,0.508468326232035,outputViewer0000000118_heading.xml,00000001189_lightTableData.bin
3,6,LN_PRICE,ECF5R503,1.4844260711213766,0.5736924097098169,0.1231389574629038,0.17189331759672485,4.658902605072359,outputViewer0000000118_heading.xml,00000001189_lightTableData.bin
3,6,LN_PRICE,ECF5R504,0.1169048951303848,0.17108976582551164,4.8844025070564365,1.958167926709667e-06,0.7478680323748316,outputViewer0000000118_heading.xml,00000001189_lightTableData.bin
3,6,LN_PRICE,ECF5R505_506_516,-7.816287931495235,2.6256794971316057e-13,0.7711919173003684,1.2966940881597881,-0.5541173141751444,outputViewer0000000118_heading.xml,00000001189_lightTableData.bin
3,6,LN_PRICE,ECF5R508_509,0.801947517760584,1.2469643933713668,-0.5419116652560709,0.0675494176136181,-0.2715305245407762,outputViewer0000000118_heading.xml,00000001189_lightTableData.bin
3,6,LN_PRICE,ECF5R510,-0.5185952692614173,0.06503565272208676,-0.259847599738194,-7.974014983404589,6.42106801967018e-14,outputViewer0000000118_heading.xml,00000001189_lightTableData.bin
3,6,LN_PRICE,ECF5R514,1.266403026929238,-0.3758332034528825,0.11042258075505829,-0.11736193032222779,-3.40359010705033,outputViewer0000000118_heading.xml,00000001189_lightTableData.bin
3,6,LN_PRICE,ECF5R517_521,0.10634731030401073,-0.12265774637093979,-3.6934852787778985,0.0002761383297434871,0.8332239126259423,outputViewer0000000118_heading.xml,00000001189_lightTableData.bin
3,6,LN_PRICE,ECF5R523,-0.8960421379466739,0.3712417958651306,0.232014681292699,4.310072080044134,-0.13192572197523936,outputViewer0000000118_heading.xml,00000001189_lightTableData.bin
3,6,LN_PRICE,ECF5R529,-0.15823736167101418,0.1985576681145612,-0.03501613480660316,-0.7969340251302532,0.426389431992388,outputViewer0000000118_heading.xml,00000001189_lightTableData.bin
3,6,LN_PRICE,ECF5R531_537,,,,-0.03823272672040459,0.08739043021505538,outputViewer0000000118_heading.xml,00000001189_lightTableData.bin
3,6,LN_PRICE,ECF5R533,1.9160081981991646,-0.16473758897819823,0.19035825922359254,-0.0364545614414907,-0.8654081501381006,outputViewer0000000118_heading.xml,00000001189_lightTableData.bin
3,6,LN_PRICE,ECF5R534,0.09093853855665535,-0.0788807197061818,-1.8009219754374033,0.07299721622385312,0.4791242515823333,outputViewer0000000118_heading.xml,00000001189_lightTableData.bin
3,6,LN_PRICE,ECF5R538,-2.4474464156042326,0.015181830451345742,0.6790691391424996,1.4726041022314145,-0.2131863035513072,outputViewer0000000118_heading.xml,00000001189_lightTableData.bin
3,6,LN_PRICE,MONTHS_1TO9,0.07905703453634062,0.11810145352010205,0.02778060292235165,0.6693993357404727,0.5039623355235134,outputViewer0000000118_heading.xml,00000001189_lightTableData.bin
3,6,LN_PRICE,MONTHS_10TO16,-0.0911108623770322,-2.4966133178312893,0.013245967204310509,0.6895257866530629,1.4502720846075525,outputViewer0000000118_heading.xml,00000001189_lightTableData.bin
3,6,LN_PRICE,MONTHS_17TO24,0.19419608388521536,0.7930316034243267,1.2609837939395852,0.6690177955984414,0.5124865620979682,outputViewer0000000118_heading.xml,00000001189_lightTableData.bin
3,7,LN_PRICE,(Constant),4.716243020267124e-10,,,0.06423445513353901,0.009824220590406461,outputViewer0000000118_heading.xml,00000001189_lightTableData.bin
3,7,LN_PRICE,LN_LANDRATIO,0.8776056177290291,11.175434297643452,0.2939359768379742,0.006263661148738086,38.01996073384262,outputViewer0000000118_heading.xml,00000001189_lightTableData.bin
3,7,LN_PRICE,LN_BASE_BLDGSIZE_RATIO,0.17744263185805464,0.21156213207326957,63.33469576671822,4.205871653597512e-144,0.6927670448176654,outputViewer0000000118_heading.xml,00000001189_lightTableData.bin
3,7,LN_PRICE,ARTERIAL,78.62502828854456,2.8469375151874144e-171,0.8575843364178661,1.1660660736610522,11.336758063694973,outputViewer0000000118_heading.xml,00000001189_lightTableData.bin
3,7,LN_PRICE,SINGLE_FAMILY1STORY,0.3425712559481124,2.919100720322738,0.4280309379946125,0.11673511308477458,0.1884726443602915,outputViewer0000000118_heading.xml,00000001189_lightTableData.bin
3,7,LN_PRICE,HALF_DUPLEX2STORY,0.4523134958136172,0.11025725333384745,0.19916485718355498,4.102346849182422,5.65562267266268e-05,outputViewer0000000118_heading.xml,00000001189_lightTableData.bin
3,7,LN_PRICE,ROW_HOUSE2STORY,0.09856672926083734,0.8525690795437889,0.394847050422906,0.07090532099392838,14.103313911880182,outputViewer0000000118_heading.xml,00000001189_lightTableData.bin
3,7,LN_PRICE,SMALLEST,0.22907035788850083,0.08480093022995808,11.792323472021591,0.34024885461480425,0.28756428497986924,outputViewer0000000118_heading.xml,00000001189_lightTableData.bin
3,7,LN_PRICE,SMALL,1.467609959301375,-0.17221272641347693,0.10657983486163944,-0.06051546707673704,-1.6158096570241571,outputViewer0000000118_heading.xml,00000001189_lightTableData.bin
3,7,LN_PRICE,LARGEST,0.8075983364251305,0.420244433931779,0.5369502972422524,1.8623697670640014,0.06523746215060473,outputViewer0000000118_heading.xml,00000001189_lightTableData.bin
3,7,LN_PRICE,POWDER_ROOM,-0.025484039123805587,-0.6659519309449766,0.5061426780851213,0.6379370867612646,1.5675526956378856,outputViewer0000000118_heading.xml,00000001189_lightTableData.bin
3,7,LN_PRICE,EXCELLENT,0.047827880133817516,0.7683012709664249,1.301572752498675,-0.20772814218130667,0.0977171061131814,outputViewer0000000118_heading.xml,00000001189_lightTableData.bin
3,7,LN_PRICE,GOOD,1.4205428911922617,-1.1847474976746442,0.5382603389862107,-0.08060073555152168,-2.2010677953832953,outputViewer0000000118_heading.xml,00000001189_lightTableData.bin
3,7,LN_PRICE,QABOVE_AVG,0.46421140936721955,0.6367605183055505,0.03158122816873978,0.7290204025251249,0.4668053276514559,outputViewer0000000118_heading.xml,00000001189_lightTableData.bin
3,7,LN_PRICE,QBELOW_AVG,0.033972549356037426,0.828319429262952,0.4083752474283162,0.5486287856254394,1.8227260876586988,outputViewer0000000118_heading.xml,00000001189_lightTableData.bin
3,7,LN_PRICE,EXT_BRICK,0.00027236346822296574,0.9211483623892457,1.0856014523070219,-1.7561955188115521,0.4656304901065318,outputViewer0000000118_heading.xml,00000001189_lightTableData.bin
3,7,LN_PRICE,EXT_BRICK_SIDING,6.190047661797681,0.25097275039143346,0.14588530665953886,0.13014425099029261,1.7203428922224728,outputViewer0000000118_heading.xml,00000001189_lightTableData.bin
3,7,LN_PRICE,YB_PRE_1910,0.130034866823492,0.11717180387446176,1.7376603063925995,0.08358632617119287,0.20211654622230263,outputViewer0000000118_heading.xml,00000001189_lightTableData.bin
3,7,LN_PRICE,YB_1930_TO_1945,2.120098367879299,0.035138740925402326,0.08175166304563411,12.232167062360505,0.41535190050657594,outputViewer0000000118_heading.xml,00000001189_lightTableData.bin
3,7,LN_PRICE,YB_1946_TO_1960,0.10050088402152374,9.950161232271702,0.3843488884796464,0.1742263343680809,0.20929641922553957,outputViewer0000000118_heading.xml,00000001189_lightTableData.bin
3,7,LN_PRICE,YB_1961_TO_1990,0.29257871422547566,0.11358424216811117,0.15078961936175167,2.57587415860417,0.010675203112387803,outputViewer0000000118_heading.xml,00000001189_lightTableData.bin
3,7,LN_PRICE,CRAWL,0.14282757947306723,2.5740949106948885,0.010686207250403274,0.29804037557944546,3.3552501001108177,outputViewer0000000118_heading.xml,00000001189_lightTableData.bin
3,7,LN_PRICE,SLAB,0.3035317504650995,0.08018759194146896,12.470757330260351,0.33592399828956465,0.3268550241816056,outputViewer0000000118_heading.xml,00000001189_lightTableData.bin
3,7,LN_PRICE,HOT_WATER,1.4963669213472197,0.13599126229316102,0.1542024518271422,6.484981192912415,0.3284802584926864,outputViewer0000000118_heading.xml,00000001189_lightTableData.bin
3,7,LN_PRICE,CENTRAL_AIR,0.1757178030771051,5.6909429920495835,0.3497674648197187,0.21556582940713997,0.11734912404144511,outputViewer0000000118_heading.xml,00000001189_lightTableData.bin
3,7,LN_PRICE,ECF5R501,1.7455200905958572,0.5211934448504972,0.11875121365364656,3.349082970712639,0.0009559319694725726,outputViewer0000000118_heading.xml,00000001189_lightTableData.bin
3,7,LN_PRICE,ECF5R502,0.11870110346388275,3.4314497729554603,0.0007111639146613122,0.7679354614737834,1.302192762502268,outputViewer0000000118_heading.xml,00000001189_lightTableData.bin
3,7,LN_PRICE,ECF5R503,5.597282133758988e-06,0.7020883008465748,1.4243222665784412,0.573229950455844,0.12286451115624497,outputViewer0000000118_heading.xml,00000001189_lightTableData.bin
3,7,LN_PRICE,ECF5R504,1.3371343027252165,0.5639617596179296,0.11676974322411707,0.1689777591923293,4.829690843247925,outputViewer0000000118_heading.xml,00000001189_lightTableData.bin
3,7,LN_PRICE,ECF5R505_506_516,0.07072618124845087,-0.2776462929691796,-7.834684474602273,2.3083611196133784e-13,0.7711919343617637,outputViewer0000000118_heading.xml,00000001189_lightTableData.bin
3,7,LN_PRICE,ECF5R508_509,-8.022447630204592,5.76306621571662e-14,0.8041205927326455,1.2435945665832246,-0.5480937855122732,outputViewer0000000118_heading.xml,00000001189_lightTableData.bin
3,7,LN_PRICE,ECF5R510,0.8728455304291108,1.1456780898086023,-0.38225073032570955,0.11562532441443732,-0.11936593990618723,outputViewer0000000118_heading.xml,00000001189_lightTableData.bin
3,7,LN_PRICE,ECF5R514,0.000791980979521585,0.7910278829609594,1.264177940550996,-0.3788869301392315,0.11005045668210979,outputViewer0000000118_heading.xml,00000001189_lightTableData.bin
3,7,LN_PRICE,ECF5R517_521,1.200157586510516,-0.39233950339641227,0.10633769341624634,-0.12251637438425489,-3.6895619116040597,outputViewer0000000118_heading.xml,00000001189_lightTableData.bin
3,7,LN_PRICE,ECF5R523,0.1257194061723659,-0.0635415019236495,-1.0493664104200775,0.2951931396761632,0.2595478142027664,outputViewer0000000118_heading.xml,00000001189_lightTableData.bin
3,7,LN_PRICE,ECF5R529,0.5016623906173735,1.9933724726092075,-0.15770075937350445,0.19806037021786319,-0.03489739079957024,outputViewer0000000118_heading.xml,00000001189_lightTableData.bin
3,7,LN_PRICE,ECF5R531_537,-0.020943216961953844,-0.43749328875392085,0.6622097502002634,0.42869967440648127,2.332635314884395,outputViewer0000000118_heading.xml,00000001189_lightTableData.bin
3,7,LN_PRICE,ECF5R533,0.387753260586833,0.5227907409552492,1.912811229542414,-0.17326890150838817,0.1897088322421322,outputViewer0000000118_heading.xml,00000001189_lightTableData.bin
3,7,LN_PRICE,ECF5R534,2.0871412722220737,-0.16525375904039138,0.09092548956468717,-0.079593819088033,-1.817463505905292,outputViewer0000000118_heading.xml,00000001189_lightTableData.bin
3,7,LN_PRICE,ECF5R538,0.08539898962924213,-0.09246910681434788,-2.4963562739658975,0.013288120085707133,0.6830735385432529,outputViewer0000000118_heading.xml,00000001189_lightTableData.bin
3,7,LN_PRICE,MONTHS_1TO9,0.5525419177929389,1.8098174415334451,0.07607172635392635,0.11752032601865318,0.026731567100265818,outputViewer0000000118_heading.xml,00000001189_lightTableData.bin
3,7,LN_PRICE,MONTHS_10TO16,-0.20751347185696833,0.08416166370304738,-0.09000852810387085,-2.465653157584319,0.014410955939901347,outputViewer0000000118_heading.xml,00000001189_lightTableData.bin
3,7,LN_PRICE,MONTHS_17TO24,0.04551461516325598,1.3054348056653051,0.19316647932695277,0.7930316372354578,1.2609837401771797,outputViewer0000000118_heading.xml,00000001189_lightTableData.bin
3,8,LN_PRICE,(Constant),,6.53837671318834,4.1220455860509414e-10,,,outputViewer0000000118_heading.xml,00000001189_lightTableData.bin
3,8,LN_PRICE,LN_LANDRATIO,1.3657036991582427e-95,0.4123824229890865,2.424933615627125,11.190975551846789,0.2506244408415798,outputViewer0000000118_heading.xml,00000001189_lightTableData.bin
3,8,LN_PRICE,LN_BASE_BLDGSIZE_RATIO,1.4434866777809814,11.243176936648585,0.1770263396411885,0.20963085454571992,63.51132243618197,outputViewer0000000118_heading.xml,00000001189_lightTableData.bin
3,8,LN_PRICE,ARTERIAL,0.11190379219435352,0.2330162254266681,101.30807760299481,4.113102450037656e-197,0.8590850966401945,outputViewer0000000118_heading.xml,00000001189_lightTableData.bin
3,8,LN_PRICE,SINGLE_FAMILY1STORY,3.666685427235341,0.00030843930975748743,0.35357314307581655,2.8282691137136804,0.429051348943411,outputViewer0000000118_heading.xml,00000001189_lightTableData.bin
3,8,LN_PRICE,HALF_DUPLEX2STORY,0.3898513490650845,2.5650802604585907,0.4630608202447411,0.10975573168906581,0.20389717084485717,outputViewer0000000118_heading.xml,00000001189_lightTableData.bin
3,8,LN_PRICE,ROW_HOUSE2STORY,0.26624112611628636,0.3183122794806474,0.09641131490295328,0.8364148770844801,0.4038459009703066,outputViewer0000000118_heading.xml,00000001189_lightTableData.bin
3,8,LN_PRICE,SMALLEST,0.12321101531590317,1.1832097113124571,0.23794759547993788,0.0848402564948044,11.78685734007935,outputViewer0000000118_heading.xml,00000001189_lightTableData.bin
3,8,LN_PRICE,SMALL,0.10762263078526786,0.6843147715961059,1.4613158176720127,-0.17491172863690596,0.10595782241959653,outputViewer0000000118_heading.xml,00000001189_lightTableData.bin
3,8,LN_PRICE,LARGEST,0.08114130696352502,0.03412158878182141,0.803998168034569,0.42231155897357975,0.5402498678672008,outputViewer0000000118_heading.xml,00000001189_lightTableData.bin
3,8,LN_PRICE,POWDER_ROOM,-0.24211121119685394,0.4795054886054078,-0.01647130865103151,-0.5049185399337334,0.6141214509231181,outputViewer0000000118_heading.xml,00000001189_lightTableData.bin
3,8,LN_PRICE,EXCELLENT,-0.07299556665111166,-2.1258114412506686,0.0345666854254162,0.7794259319334913,1.2829955471449856,outputViewer0000000118_heading.xml,00000001189_lightTableData.bin
3,8,LN_PRICE,GOOD,0.028790284248641242,0.7040272397620213,1.4203995861552527,-1.1763312571726725,0.5369017828436033,outputViewer0000000118_heading.xml,00000001189_lightTableData.bin
3,8,LN_PRICE,QABOVE_AVG,0.5185186423428226,1.928570968020938,0.46313143927116385,0.6352096668340936,0.03150775564882597,outputViewer0000000118_heading.xml,00000001189_lightTableData.bin
3,8,LN_PRICE,QBELOW_AVG,0.5102673509365946,0.602142808228698,0.03471450574416874,0.8474191569897344,0.39766604962052376,outputViewer0000000118_heading.xml,00000001189_lightTableData.bin
3,8,LN_PRICE,EXT_BRICK,-0.11947748433005768,-3.77165060305598,0.000204684779039504,0.92365861451182,1.082651083732412,outputViewer0000000118_heading.xml,00000001189_lightTableData.bin
3,8,LN_PRICE,EXT_BRICK_SIDING,0.08677625560911026,0.16264336465757012,6.148421745365409,0.24295836627052517,0.14477459025085515,outputViewer0000000118_heading.xml,00000001189_lightTableData.bin
3,8,LN_PRICE,YB_PRE_1910,4.947640451465693,0.2222443698047286,0.12999635242323992,0.11524688238039597,1.7096200444236245,outputViewer0000000118_heading.xml,00000001189_lightTableData.bin
3,8,LN_PRICE,YB_1930_TO_1945,0.196846915315673,0.22617904747538375,2.1100249391284494,0.036001753475211916,0.08185443406983216,outputViewer0000000118_heading.xml,00000001189_lightTableData.bin
3,8,LN_PRICE,YB_1946_TO_1960,2.2060321126176485,0.028366918669407017,0.10208901325450112,9.795373352341711,0.40370808333388575,outputViewer0000000118_heading.xml,00000001189_lightTableData.bin
3,8,LN_PRICE,YB_1961_TO_1990,0.2789002189341584,3.585511706737225,0.2902544175451834,0.11305530323472841,0.14959172014808927,outputViewer0000000118_heading.xml,00000001189_lightTableData.bin
3,8,LN_PRICE,CRAWL,0.2730372376554655,0.10763691053143107,0.14071830634241977,2.536650636918233,0.011860505584538649,outputViewer0000000118_heading.xml,00000001189_lightTableData.bin
3,8,LN_PRICE,SLAB,0.11270455633744791,1.0277461670680033,0.3052515617208303,0.08053636052253804,12.416751806411101,outputViewer0000000118_heading.xml,00000001189_lightTableData.bin
3,8,LN_PRICE,FIREPLACE,,-0.027658669919402735,0.09397201142992306,-0.015273529461457006,-0.29432880597674976,outputViewer0000000118_heading.xml,00000001189_lightTableData.bin
3,8,LN_PRICE,HOT_WATER,0.22841311458945268,0.11020713610081628,1.4380971910614386,0.15182101365061698,0.15795985404871077,outputViewer0000000118_heading.xml,00000001189_lightTableData.bin
3,8,LN_PRICE,CENTRAL_AIR,1.622555234202317,0.10602525958254383,0.17572735127264413,5.690633773045848,0.36436591471669755,outputViewer0000000118_heading.xml,00000001189_lightTableData.bin
3,8,LN_PRICE,ECF5R501,0.7480790200343592,1.3367571783447023,1.7408378161738616,0.5201908407299687,0.11843266918471318,outputViewer0000000118_heading.xml,00000001189_lightTableData.bin
3,8,LN_PRICE,ECF5R502,1.7557414790981383,0.5083044391300015,0.11944659510265467,3.454113999285964,0.0006562254738358151,outputViewer0000000118_heading.xml,00000001189_lightTableData.bin
3,8,LN_PRICE,ECF5R503,0.17175475265482693,4.66554536424986,5.422185270639197e-06,0.702207262837321,1.4240809699965578,outputViewer0000000118_heading.xml,00000001189_lightTableData.bin
3,8,LN_PRICE,ECF5R504,2.5083679638869586e-06,0.7501840590684477,1.333006197494739,0.5867914421402999,0.11511701309567371,outputViewer0000000118_heading.xml,00000001189_lightTableData.bin
3,8,LN_PRICE,ECF5R505_506_516,1.2966940594724934,-0.55401580609565,0.07055819025260812,-0.2775954312811271,-7.851899320436033,outputViewer0000000118_heading.xml,00000001189_lightTableData.bin
3,8,LN_PRICE,ECF5R508_509,0.06711224644232204,-0.27462814074571157,-8.166822220491737,2.265879390516415e-14,0.8136102722889826,outputViewer0000000118_heading.xml,00000001189_lightTableData.bin
3,8,LN_PRICE,ECF5R510,-3.3059429866384926,0.0011157373471994956,0.7535759363453318,1.3270062800170712,-0.38231114324131416,outputViewer0000000118_heading.xml,00000001189_lightTableData.bin
3,8,LN_PRICE,ECF5R514,-0.11831552158370705,-3.442847413470341,0.000690051556843691,0.7935965267989397,1.260086159945296,outputViewer0000000118_heading.xml,00000001189_lightTableData.bin
3,8,LN_PRICE,ECF5R517_521,0.00027993205675509893,0.8332396024830142,1.2001349876074634,-0.3980951535187958,0.10619223056538536,outputViewer0000000118_heading.xml,00000001189_lightTableData.bin
3,8,LN_PRICE,ECF5R523,3.85285463902528,-0.14076757570030166,0.12265538740114905,-0.06780014578072174,-1.1476672870463978,outputViewer0000000118_heading.xml,00000001189_lightTableData.bin
3,8,LN_PRICE,ECF5R529,-0.7962257123928234,0.42679576839917477,0.5018435772552008,1.9926527813097294,-0.16460830167856638,outputViewer0000000118_heading.xml,00000001189_lightTableData.bin
3,8,LN_PRICE,ECF5R531_537,-0.038265205966514934,0.08710937730168995,-0.020961008523173737,-0.43927768917448773,0.6609163476398427,outputViewer0000000118_heading.xml,00000001189_lightTableData.bin
3,8,LN_PRICE,ECF5R533,-0.03834244421759183,-0.9133412475347423,0.3620539361503967,0.5250918666750128,1.904428659945165,outputViewer0000000118_heading.xml,00000001189_lightTableData.bin
3,8,LN_PRICE,ECF5R534,0.0704142860132167,0.4792519042072918,2.086585345245635,-0.14111271458980046,0.0888018394200319,outputViewer0000000118_heading.xml,00000001189_lightTableData.bin
3,8,LN_PRICE,ECF5R538,1.4639712177002726,-0.21347526310997716,0.08525787553909837,-0.09259444240978987,-2.5038773457600363,outputViewer0000000118_heading.xml,00000001189_lightTableData.bin
3,8,LN_PRICE,MONTHS_1TO9,0.6473069717476109,0.5181238273617151,0.555714966357555,1.7994836571606487,0.07396290300066902,outputViewer0000000118_heading.xml,00000001189_lightTableData.bin
3,8,LN_PRICE,MONTHS_10TO16,0.690009730861658,1.4492549239142438,-0.20047719686741974,0.08391885605823259,-0.08695655875712947,outputViewer0000000118_heading.xml,00000001189_lightTableData.bin
3,8,LN_PRICE,MONTHS_17TO24,0.6884884017478559,0.5071409286869778,0.04683923933875076,1.3575879263588504,0.1760378076778544,outputViewer0000000118_heading.xml,00000001189_lightTableData.bin
3,9,LN_PRICE,(Constant),0.06450809780782904,0.00981034128582155,,6.575520252395268,3.319248602977941e-10,outputViewer0000000118_heading.xml,00000001189_lightTableData.bin
3,9,LN_PRICE,LN_LANDRATIO,0.006231281619503573,44.652371150508124,7.524281068205156e-109,0.41452501860349755,2.4123996263697713,outputViewer0000000118_heading.xml,00000001189_lightTableData.bin
3,9,LN_PRICE,LN_BASE_BLDGSIZE_RATIO,8.577532718138454e-145,0.6970028724716734,1.4347143168203236,11.280290484253982,0.17015621030917147,outputViewer0000000118_heading.xml,00000001189_lightTableData.bin
3,9,LN_PRICE,ARTERIAL,1.1640290396270534,11.318676654449035,0.11167991593660692,0.23256626219807522,101.34925836507503,outputViewer0000000118_heading.xml,00000001189_lightTableData.bin
3,9,LN_PRICE,SINGLE_FAMILY1STORY,0.11650226717201212,0.1889219566243893,3.6827725275932144,0.0002903811771768101,0.3537050102617996,outputViewer0000000118_heading.xml,00000001189_lightTableData.bin
3,9,LN_PRICE,HALF_DUPLEX2STORY,4.219012648529157,3.510660472296253e-05,0.39347540799098385,2.541454890677473,0.45446090152641094,outputViewer0000000118_heading.xml,00000001189_lightTableData.bin
3,9,LN_PRICE,ROW_HOUSE2STORY,0.07105393263278671,14.073816366619598,0.26334490786879594,0.3176458174675561,0.09536253549926146,outputViewer0000000118_heading.xml,00000001189_lightTableData.bin
3,9,LN_PRICE,SMALLEST,0.31058450779882757,0.2853109301833401,0.11246895332125703,1.0885825776083893,0.27747240593331823,outputViewer0000000118_heading.xml,00000001189_lightTableData.bin
3,9,LN_PRICE,SMALL,-0.06146389512612409,-1.6507674907120085,0.10025972595620437,0.6894045054221749,1.4505272189766498,outputViewer0000000118_heading.xml,00000001189_lightTableData.bin
3,9,LN_PRICE,LARGEST,1.8509953624751478,0.062004159447457394,0.07682128764050233,0.03243045271357197,0.807122105758184,outputViewer0000000118_heading.xml,00000001189_lightTableData.bin
3,9,LN_PRICE,THREE_PLUS_BATHS,,,,,-0.3361825969522704,outputViewer0000000118_heading.xml,00000001189_lightTableData.bin
3,9,LN_PRICE,POWDER_ROOM,0.8746669494532187,1.1432923132915116,0.05387177261350038,0.07196782955963923,0.028176915708677808,outputViewer0000000118_heading.xml,00000001189_lightTableData.bin
3,9,LN_PRICE,EXCELLENT,-0.20401168785457824,0.09765859401170157,-0.07168960643472587,-2.0890295413236575,0.03778127832588008,outputViewer0000000118_heading.xml,00000001189_lightTableData.bin
3,9,LN_PRICE,GOOD,-0.0800281619218083,-2.1909617266354497,0.02951910669158632,0.7049457111127337,1.418548952403062,outputViewer0000000118_heading.xml,00000001189_lightTableData.bin
3,9,LN_PRICE,QABOVE_AVG,0.7291001120613081,0.4667527918175507,0.5186120556578114,1.9282235904284803,0.4668625065575245,outputViewer0000000118_heading.xml,00000001189_lightTableData.bin
3,9,LN_PRICE,QBELOW_AVG,0.54893295257589,1.8217161045032177,-1.28501574315397,0.5040854421492944,-0.08742218430237914,outputViewer0000000118_heading.xml,00000001189_lightTableData.bin
3,9,LN_PRICE,EXT_BRICK,0.2851982719183547,0.15896159554178085,0.14789221309743833,1.7941331737790356,0.07425124450993809,outputViewer0000000118_heading.xml,00000001189_lightTableData.bin
3,9,LN_PRICE,EXT_BRICK_SIDING,0.12598831765913482,1.6781837603514824,0.09472472428738848,0.1645917853046109,6.075637360329342,outputViewer0000000118_heading.xml,00000001189_lightTableData.bin
3,9,LN_PRICE,YB_PRE_1910,0.08865616389211436,0.20227439841485817,4.94377938007277,0.2335596810010238,0.129499204060169,outputViewer0000000118_heading.xml,00000001189_lightTableData.bin
3,9,LN_PRICE,YB_1930_TO_1945,12.216809160843674,0.3976327087586596,0.19310321928772178,0.21653009701508857,2.059171826473752,outputViewer0000000118_heading.xml,00000001189_lightTableData.bin
3,9,LN_PRICE,YB_1946_TO_1960,0.17309114411202606,0.21983843010037096,2.332343953267779,0.020539144267219013,0.10341571438459768,outputViewer0000000118_heading.xml,00000001189_lightTableData.bin
3,9,LN_PRICE,YB_1961_TO_1990,2.5673666713586134,0.010929234948320867,0.2803100677801209,3.5674780000567576,0.2850054738703366,outputViewer0000000118_heading.xml,00000001189_lightTableData.bin
3,9,LN_PRICE,CRAWL,0.29840656797742554,3.351132673713971,0.27656661301676366,0.10766308930493018,0.14253728066091637,outputViewer0000000118_heading.xml,00000001189_lightTableData.bin
3,9,LN_PRICE,SLAB,0.33176258334489,0.32478613485835545,0.11130837616733903,1.021480130269653,0.3081967520228912,outputViewer0000000118_heading.xml,00000001189_lightTableData.bin
3,9,LN_PRICE,FIREPLACE,0.7688016010389846,0.3648243943411034,2.7410447752707574,-0.02775416290127389,0.09317565248092309,outputViewer0000000118_heading.xml,00000001189_lightTableData.bin
3,9,LN_PRICE,HOT_WATER,6.3307224865605765,0.3252866977641576,0.22808563271562418,0.10913567694077354,1.4261604025262,outputViewer0000000118_heading.xml,00000001189_lightTableData.bin
3,9,LN_PRICE,CENTRAL_AIR,0.21506630827313836,0.12224699328338957,1.6942026747115861,0.09154598413519867,0.1765409623533396,outputViewer0000000118_heading.xml,00000001189_lightTableData.bin
3,9,LN_PRICE,ECF5R501,3.3465368473827692,0.0009636119236239665,0.7483346261658216,1.3363005867089364,1.7390374374347362,outputViewer0000000118_heading.xml,00000001189_lightTableData.bin
3,9,LN_PRICE,ECF5R502,0.7683062320563117,1.3015643480120915,1.6794904413720582,0.5027367080158293,0.1142590849037712,outputViewer0000000118_heading.xml,00000001189_lightTableData.bin
3,9,LN_PRICE,ECF5R503,0.5740080455778738,0.12258851762686825,0.17198789039496049,4.682396497566147,5.020488921460725e-06,outputViewer0000000118_heading.xml,00000001189_lightTableData.bin
3,9,LN_PRICE,ECF5R504,0.17581813184155984,5.0973477017912,7.208738888865769e-07,0.7728936893907355,1.293839002344928,outputViewer0000000118_heading.xml,00000001189_lightTableData.bin
3,9,LN_PRICE,ECF5R505_506_516,2.0437228888990382e-13,0.7712704712292464,1.296562019814146,-0.5535003122562984,0.07038464898957052,outputViewer0000000118_heading.xml,00000001189_lightTableData.bin
3,9,LN_PRICE,ECF5R508_509,1.2290896932589543,-0.5481449895045456,0.06705826508773179,-0.2746537970431706,-8.174160020206486,outputViewer0000000118_heading.xml,00000001189_lightTableData.bin
3,9,LN_PRICE,ECF5R510,0.11516200282465533,-0.11938480512705278,-3.319768099408776,0.0010637743187196585,0.7559998703351347,outputViewer0000000118_heading.xml,00000001189_lightTableData.bin
3,9,LN_PRICE,ECF5R514,-0.3814888145247743,0.10976323614328819,-0.11912801545374598,-3.4755609248507167,0.0006145252349334954,outputViewer0000000118_heading.xml,00000001189_lightTableData.bin
3,9,LN_PRICE,ECF5R517_521,-0.12431369884206316,-3.7488161930422783,0.0002241475661288507,0.835622303880312,1.1967129112714925,outputViewer0000000118_heading.xml,00000001189_lightTableData.bin
3,9,LN_PRICE,ECF5R523,0.25238136793135174,0.271550816564219,3.6825519902773345,-0.14038895638142593,0.12241490873599625,outputViewer0000000118_heading.xml,00000001189_lightTableData.bin
3,9,LN_PRICE,ECF5R529,0.1962532413412826,-0.03642595162731734,-0.8387545630001292,0.4025517873053256,0.5089279162333714,outputViewer0000000118_heading.xml,00000001189_lightTableData.bin
3,9,LN_PRICE,ECF5R531_537,0.4293962813660674,2.32885109488753,-0.039017762719921724,0.08658965919762283,-0.02137324591021761,outputViewer0000000118_heading.xml,00000001189_lightTableData.bin
3,9,LN_PRICE,ECF5R533,-0.17323067674878684,0.18944918639007907,-0.03833398551149982,-0.9143912415232122,0.3614989229898684,outputViewer0000000118_heading.xml,00000001189_lightTableData.bin
3,9,LN_PRICE,ECF5R534,-0.06796638056104101,-1.589074229896732,0.11337673314645132,0.5034387310216867,1.986339028724675,outputViewer0000000118_heading.xml,00000001189_lightTableData.bin
3,9,LN_PRICE,ECF5R538,0.013013477541854704,0.6831009230759864,1.463912529201432,-0.21390805172069635,0.08509833116617092,outputViewer0000000118_heading.xml,00000001189_lightTableData.bin
3,9,LN_PRICE,MONTHS_1TO9,0.11717959034683363,0.02599052761461076,0.6311927084038284,0.5285818783426359,0.5567937975987745,outputViewer0000000118_heading.xml,00000001189_lightTableData.bin
3,9,LN_PRICE,MONTHS_10TO16,-2.3889410114016036,0.017704376317172088,0.694358502316732,1.4401782316533793,-0.20201683233978443,outputViewer0000000118_heading.xml,00000001189_lightTableData.bin
3,9,LN_PRICE,MONTHS_17TO24,0.8063518041583507,1.2401534849218503,0.6851587505928639,0.5059271164224939,0.04661271652882792,outputViewer0000000118_heading.xml,00000001189_lightTableData.bin
3,10,LN_PRICE,(Constant),,,0.06491640515072851,0.00979412057806505,,outputViewer0000000118_heading.xml,00000001189_lightTableData.bin
3,10,LN_PRICE,LN_LANDRATIO,11.191225574964918,0.2500287652664201,0.006121265223674165,44.759752195072515,2.3054244205676773e-109,outputViewer0000000118_heading.xml,00000001189_lightTableData.bin
3,10,LN_PRICE,LN_BASE_BLDGSIZE_RATIO,0.20954524330253857,66.29373364485404,3.442850726532718e-149,0.6970127379968295,1.4346940098597576,outputViewer0000000118_heading.xml,00000001189_lightTableData.bin
3,10,LN_PRICE,ARTERIAL,9.155334807827645e-198,0.8591959076092491,1.1638789141612005,0.42957274909103976,0.12986856726589138,outputViewer0000000118_heading.xml,00000001189_lightTableData.bin
3,10,LN_PRICE,SINGLE_FAMILY1STORY,2.827214687345922,0.43677241548720236,0.11529948989379363,0.1923217338358404,3.7881556621762043,outputViewer0000000118_heading.xml,00000001189_lightTableData.bin
3,10,LN_PRICE,HALF_DUPLEX2STORY,0.10944290597851947,0.20011041321065162,4.152493005034138,4.6035220148559134e-05,0.39580249665757467,outputViewer0000000118_heading.xml,00000001189_lightTableData.bin
3,10,LN_PRICE,ROW_HOUSE2STORY,0.8290520239439124,0.4079859645548929,0.07108529392702265,14.067607303229508,0.294021180292212,outputViewer0000000118_heading.xml,00000001189_lightTableData.bin
3,10,LN_PRICE,SMALLEST,0.0860867662136575,11.616187295479476,0.3268847190417999,0.28480363097657163,0.11837159061120175,outputViewer0000000118_heading.xml,00000001189_lightTableData.bin
3,10,LN_PRICE,SMALL,-0.17673598270437046,0.10554223866122146,-0.06210493710518314,-1.67455215036392,0.09548288377362825,outputViewer0000000118_heading.xml,00000001189_lightTableData.bin
3,10,LN_PRICE,LARGEST,0.4205093365232402,0.5998956010538222,1.6669567142071453,0.06138937607264655,0.07652130109210253,outputViewer0000000118_heading.xml,00000001189_lightTableData.bin
3,10,LN_PRICE,THREE_PLUS_BATHS,0.6188988601464933,-0.022871172673635053,-0.5431947263123025,0.5875801831963142,0.554155146738871,outputViewer0000000118_heading.xml,00000001189_lightTableData.bin
3,10,LN_PRICE,POWDER_ROOM,0.7485535265289225,0.45492225469146974,0.6547092805319269,1.527395486417326,0.052915427610383786,outputViewer0000000118_heading.xml,00000001189_lightTableData.bin
3,10,LN_PRICE,EXCELLENT,0.7805071004525981,1.281218325137751,-0.20465313234653232,0.09765547067627933,-0.0719150097126532,outputViewer0000000118_heading.xml,00000001189_lightTableData.bin
3,10,LN_PRICE,GOOD,-1.2227078166443897,0.5274306899426734,-0.08318325177268877,-2.3182341110588127,0.02136345016416456,outputViewer0000000118_heading.xml,00000001189_lightTableData.bin
3,10,LN_PRICE,QABOVE_AVG,0.6331925095994848,0.03176158759889393,0.7373152706004537,0.46174975297967147,0.5194980724915917,outputViewer0000000118_heading.xml,00000001189_lightTableData.bin
3,10,LN_PRICE,QBELOW_AVG,-2.5492022496721662,0.011462478988573515,0.7822860257418718,1.2783048234201317,-1.2768810154551726,outputViewer0000000118_heading.xml,00000001189_lightTableData.bin
3,10,LN_PRICE,EXT_BRICK,0.14458255128530884,6.916463923967366,0.2851555055562821,0.1585116308809036,0.14787003620313074,outputViewer0000000118_heading.xml,00000001189_lightTableData.bin
3,10,LN_PRICE,EXT_BRICK_SIDING,0.24904849136644913,0.1443184560243939,0.12914640859852974,1.7256870550524246,0.08579518402765567,outputViewer0000000118_heading.xml,00000001189_lightTableData.bin
3,10,LN_PRICE,YB_PRE_1910,0.12111454210866175,1.8035607453811484,0.07257547573120475,0.20382624394598153,4.906139565938438,outputViewer0000000118_heading.xml,00000001189_lightTableData.bin
3,10,LN_PRICE,YB_1930_TO_1945,0.040666128058139114,0.08476104207406777,11.797872885118116,0.3943036322876449,0.19268765591865994,outputViewer0000000118_heading.xml,00000001189_lightTableData.bin
3,10,LN_PRICE,YB_1946_TO_1960,9.66971031386054,0.4400587571427867,0.16934530981523013,0.2396331168880276,2.598588396826151,outputViewer0000000118_heading.xml,00000001189_lightTableData.bin
3,10,LN_PRICE,YB_1961_TO_1990,0.11172965212235476,0.14688651235169617,2.5508490222293725,0.011441273513673729,0.2858156689712356,outputViewer0000000118_heading.xml,00000001189_lightTableData.bin
3,10,LN_PRICE,CRAWL,2.568815504015998,0.0108399349697693,0.29865339455206663,3.348363079883433,0.29472908160328665,outputViewer0000000118_heading.xml,00000001189_lightTableData.bin
3,10,LN_PRICE,SLAB,0.08118691522884353,12.317255769372142,0.33451086550718595,0.32395349652950584,0.11223044164455655,outputViewer0000000118_heading.xml,00000001189_lightTableData.bin
3,10,LN_PRICE,FIREPLACE,-0.01532626210826257,-0.29786926264837604,0.7661002611925831,0.3693033265392337,2.7078012250013215,outputViewer0000000118_heading.xml,00000001189_lightTableData.bin
3,10,LN_PRICE,HOT_WATER,0.15522674679383816,0.1580272536115616,6.328022395795391,0.3488238959043,0.2246423939776497,outputViewer0000000118_heading.xml,00000001189_lightTableData.bin
3,10,LN_PRICE,CENTRAL_AIR,5.664407776358103,0.5615425401232286,0.14069515150159545,0.18840095727438255,3.9912003656846755,outputViewer0000000118_heading.xml,00000001189_lightTableData.bin
3,10,LN_PRICE,ECF5R501,0.5193307910939584,0.11831018582777032,3.348612228001143,0.0009560841151410876,0.7483660144953153,outputViewer0000000118_heading.xml,00000001189_lightTableData.bin
3,10,LN_PRICE,ECF5R502,3.3406958644427798,0.0009731672504864432,0.7855106945985709,1.2730571421577426,1.691331377769048,outputViewer0000000118_heading.xml,00000001189_lightTableData.bin
3,10,LN_PRICE,ECF5R503,0.7024590248700417,1.423570577920904,0.5737855830607979,0.12235046549821675,0.17192123478046414,outputViewer0000000118_heading.xml,00000001189_lightTableData.bin
3,10,LN_PRICE,ECF5R504,0.5738925514198084,0.11449651834568074,0.17195328531102197,5.012314432890857,1.0731501814270365e-06,outputViewer0000000118_heading.xml,00000001189_lightTableData.bin
3,10,LN_PRICE,ECF5R505_506_516,-0.2773371376853792,-7.863935108042027,1.8678938343129295e-13,0.7717418991473703,1.2957699991471396,outputViewer0000000118_heading.xml,00000001189_lightTableData.bin
3,10,LN_PRICE,ECF5R508_509,2.1277957450014905e-14,0.8136110160363985,1.2290885697094138,-0.5460093379615467,0.06697890666220974,outputViewer0000000118_heading.xml,00000001189_lightTableData.bin
3,10,LN_PRICE,ECF5R510,1.3227515496222242,-0.38130024730434386,0.11446147498075375,-0.11906913131902373,-3.3312540081145907,outputViewer0000000118_heading.xml,00000001189_lightTableData.bin
3,10,LN_PRICE,ECF5R514,0.7951528317475701,1.2576198688775604,-0.38265535045792876,0.10953452764478132,-0.11949229116873722,outputViewer0000000118_heading.xml,00000001189_lightTableData.bin
3,10,LN_PRICE,ECF5R517_521,-0.4027277625168719,0.10610139385603412,-0.12576032976622656,-3.7956877650761256,0.00018759461075995888,outputViewer0000000118_heading.xml,00000001189_lightTableData.bin
3,10,LN_PRICE,ECF5R523,-0.06761778528408419,-1.1468289102285167,0.25272110755796495,0.2715663874383431,3.6823408428152464,outputViewer0000000118_heading.xml,00000001189_lightTableData.bin
3,10,LN_PRICE,ECF5R529,1.9649148103352323,-0.16496691917400436,0.1958283539648634,-0.036505309614784105,-0.8424056876033571,outputViewer0000000118_heading.xml,00000001189_lightTableData.bin
3,10,LN_PRICE,ECF5R531_537,-0.45060533880693326,0.6527411204142444,0.4325085939016769,2.312092786362835,-0.03785899080449028,outputViewer0000000118_heading.xml,00000001189_lightTableData.bin
3,10,LN_PRICE,ECF5R533,0.5250919213340298,1.9044284617052107,-0.17350212466164575,0.18927565790226497,-0.0383940538582497,outputViewer0000000118_heading.xml,00000001189_lightTableData.bin
3,10,LN_PRICE,ECF5R534,-0.38734345511001256,0.10607296551821314,-0.12095625179399941,-3.6516698973925092,0.0003203624882894594,outputViewer0000000118_heading.xml,00000001189_lightTableData.bin
3,10,LN_PRICE,ECF5R538,-0.0927821635513734,-2.513657421824167,0.012664862031742757,0.6831868185806588,1.4637284748519155,outputViewer0000000118_heading.xml,00000001189_lightTableData.bin
3,10,LN_PRICE,MONTHS_1TO9,1.7959970177695836,0.07341912240182692,0.11695333860339505,0.025799443380526987,0.6277642286963806,outputViewer0000000118_heading.xml,00000001189_lightTableData.bin
3,10,LN_PRICE,MONTHS_10TO16,0.08385148347068509,-0.08762437237638004,-2.409221924027266,0.01677027566387657,0.6946766721566124,outputViewer0000000118_heading.xml,00000001189_lightTableData.bin
3,10,LN_PRICE,MONTHS_17TO24,1.354263743437495,0.17708719902520295,0.8067521587726872,1.2395380528281459,0.6900183374421501,outputViewer0000000118_heading.xml,00000001189_lightTableData.bin
3,11,LN_PRICE,(Constant),6.628099443263496,2.446414991862837e-10,,,0.06428318639279273,outputViewer0000000118_heading.xml,00000001189_lightTableData.bin
3,11,LN_PRICE,LN_LANDRATIO,0.41473021355786577,2.4112060498830132,11.189933174315916,0.24928279905257342,0.21377974092206242,outputViewer0000000118_heading.xml,00000001189_lightTableData.bin
3,11,LN_PRICE,LN_BASE_BLDGSIZE_RATIO,11.28009712268029,0.17004943786794205,0.21993060731774228,66.33422176579174,1.0694032262042828e-149,outputViewer0000000118_heading.xml,00000001189_lightTableData.bin
3,11,LN_PRICE,ARTERIAL,0.18915154204887713,3.3077499670227173,0.0011089260343909162,0.3004296017055523,3.3285668067425958,outputViewer0000000118_heading.xml,00000001189_lightTableData.bin
3,11,LN_PRICE,SINGLE_FAMILY1STORY,0.00019567085160439605,0.35990558269010964,2.7785064975250258,0.4450899051089803,0.11450312359643326,outputViewer0000000118_heading.xml,00000001189_lightTableData.bin
3,11,LN_PRICE,HALF_DUPLEX2STORY,2.5265126128427178,0.45879240987755854,0.10935561028465511,0.20201768383186955,4.195417214382615,outputViewer0000000118_heading.xml,00000001189_lightTableData.bin
3,11,LN_PRICE,ROW_HOUSE2STORY,0.3107680151019476,0.10647103629252729,0.9461114593654634,0.34513923041003336,0.07400640300843535,outputViewer0000000118_heading.xml,00000001189_lightTableData.bin
3,11,LN_PRICE,SMALLEST,1.1477547456854225,0.25225197501983043,0.0863797212871826,11.576791231767778,0.337755271906329,outputViewer0000000118_heading.xml,00000001189_lightTableData.bin
3,11,LN_PRICE,SMALL,0.6918677901414175,1.445362848580652,-0.17824729520226384,0.1052274919432183,-0.0626360115711279,outputViewer0000000118_heading.xml,00000001189_lightTableData.bin
3,11,LN_PRICE,LARGEST,0.03210889842844714,0.8022521206057004,0.423309771310139,0.6018008860841974,1.661679175161751,outputViewer0000000118_heading.xml,00000001189_lightTableData.bin
3,11,LN_PRICE,THREE_PLUS_BATHS,1.80454879086636,-0.33571076991308657,0.6152986039309443,-0.022839073338978548,-0.5456062597385054,outputViewer0000000118_heading.xml,00000001189_lightTableData.bin
3,11,LN_PRICE,POWDER_ROOM,0.07186612958780093,0.02767671214688748,0.7363055157400048,0.462322108405243,0.6549616199096777,outputViewer0000000118_heading.xml,00000001189_lightTableData.bin
3,11,LN_PRICE,EXCELLENT,-2.095664799209686,0.037177732672344255,0.7805409389156068,1.2811627810186152,-0.20443110050076285,outputViewer0000000118_heading.xml,00000001189_lightTableData.bin
3,11,LN_PRICE,GOOD,0.7279313934115281,1.3737558361281732,-1.1727262797024347,0.5182248144395238,-0.07978290811344987,outputViewer0000000118_heading.xml,00000001189_lightTableData.bin
3,11,LN_PRICE,QABOVE_AVG,1.9249349573211079,0.48198785661280397,0.629761771590793,0.032790595334569746,0.7653494993754405,outputViewer0000000118_heading.xml,00000001189_lightTableData.bin
3,11,LN_PRICE,QBELOW_AVG,0.5035772106926124,-0.08686876255021567,-2.5356211288810506,0.011900438338599856,0.7826060813952552,outputViewer0000000118_heading.xml,00000001189_lightTableData.bin
3,11,LN_PRICE,EXT_BRICK,1.7989563540011229,0.07347521534739225,0.14470556423315972,6.91058429784172,0.28401990817226336,outputViewer0000000118_heading.xml,00000001189_lightTableData.bin
3,11,LN_PRICE,EXT_BRICK_SIDING,0.1652297148136267,6.052180148879182,0.25553974982075767,0.14374666928808696,0.13251251096702507,outputViewer0000000118_heading.xml,00000001189_lightTableData.bin
3,11,LN_PRICE,YB_PRE_1910,0.3136069549284439,0.1114786248878125,0.16262379955932427,2.813157726371715,0.005317294605156971,outputViewer0000000118_heading.xml,00000001189_lightTableData.bin
3,11,LN_PRICE,YB_1930_TO_1945,0.21471725507487244,2.046335715735179,0.041917948475017196,0.0848493437200224,11.785594987036113,outputViewer0000000118_heading.xml,00000001189_lightTableData.bin
3,11,LN_PRICE,YB_1946_TO_1960,0.009957824087420917,0.10805404340969041,9.254628225326725,0.4338002453807163,0.16924459055038824,outputViewer0000000118_heading.xml,00000001189_lightTableData.bin
3,11,LN_PRICE,YB_1961_TO_1990,3.4987584956395086,0.2861257119613448,0.11148005866516163,0.14746386219679627,2.566608910933066,outputViewer0000000118_heading.xml,00000001189_lightTableData.bin
3,11,LN_PRICE,CRAWL,0.10630831893089475,0.15189787865274768,2.772399042401131,0.006020404038794974,0.3064683692720566,outputViewer0000000118_heading.xml,00000001189_lightTableData.bin
3,11,LN_PRICE,SLAB,1.0325891496488866,0.30297272473678,0.08125349784693058,12.307162479132286,,outputViewer0000000118_heading.xml,00000001189_lightTableData.bin
3,11,LN_PRICE,FIREPLACE,-0.029189330108757152,0.09188552598899823,-0.016118782814771145,-0.3176705993091022,0.7510519680315517,outputViewer0000000118_heading.xml,00000001189_lightTableData.bin
3,11,LN_PRICE,HOT_WATER,0.11703255089833074,1.5527963788482662,0.12188981815777365,0.16246314159174063,6.155242291897416,outputViewer0000000118_heading.xml,00000001189_lightTableData.bin
3,11,LN_PRICE,CENTRAL_AIR,8.768813227331095e-05,0.4133209239381243,2.419427476528393,0.5129675657259484,0.13777365786284168,outputViewer0000000118_heading.xml,00000001189_lightTableData.bin
3,11,LN_PRICE,ECF5R501,1.3362445389431297,1.7193917035991808,0.5165786032585966,0.11697364736645,3.32842222413626,outputViewer0000000118_heading.xml,00000001189_lightTableData.bin
3,11,LN_PRICE,ECF5R502,0.5026354444966449,0.11506464742666268,3.3649266009539,0.0008946508277893746,0.7859333319607431,outputViewer0000000118_heading.xml,00000001189_lightTableData.bin
3,11,LN_PRICE,ECF5R503,4.68968859843987,4.848794971852363e-06,0.7024729451639633,1.4235423682638644,0.5742877834849276,outputViewer0000000118_heading.xml,00000001189_lightTableData.bin
3,11,LN_PRICE,ECF5R504,0.781687655708953,1.2792833463553268,0.5680252420847909,0.11422618240628514,0.17019528529238387,outputViewer0000000118_heading.xml,00000001189_lightTableData.bin
3,11,LN_PRICE,ECF5R505_506_516,-0.5537140856546597,0.07022988704889847,-0.2774442510891154,-7.884308361041918,1.6210903996669078e-13,outputViewer0000000118_heading.xml,00000001189_lightTableData.bin
3,11,LN_PRICE,ECF5R508_509,-0.27358370643452357,-8.151959552209464,2.4141748266786185e-14,0.8146924974456335,1.227456989152809,outputViewer0000000118_heading.xml,00000001189_lightTableData.bin
3,11,LN_PRICE,ECF5R510,0.0010221851830336383,0.7616582803750841,1.31292474035409,-0.380844387704587,0.11413626246777722,outputViewer0000000118_heading.xml,00000001189_lightTableData.bin
3,11,LN_PRICE,ECF5R514,-3.4934678469502676,0.0005763091977220744,0.7955912824559408,1.2569267940104398,-0.37801261387852303,outputViewer0000000118_heading.xml,00000001189_lightTableData.bin
3,11,LN_PRICE,ECF5R517_521,0.8371667367890646,1.1945051756780005,-0.3978847542970295,0.10600547017981847,-0.1242479971994783,outputViewer0000000118_heading.xml,00000001189_lightTableData.bin
3,11,LN_PRICE,ECF5R523,-0.1428451521095992,0.12205441888884185,-0.06880080223672876,-1.1703398648736512,0.2431479185552946,outputViewer0000000118_heading.xml,00000001189_lightTableData.bin
3,11,LN_PRICE,ECF5R529,0.4005058023888799,0.5089474806450837,1.964839277193227,-0.16388708426642734,0.1953727674156298,outputViewer0000000118_heading.xml,00000001189_lightTableData.bin
3,11,LN_PRICE,ECF5R531_537,0.0859008145539237,-0.020738490983848532,-0.440729124643219,0.6598624661583075,0.4374137320687303,outputViewer0000000118_heading.xml,00000001189_lightTableData.bin
3,11,LN_PRICE,ECF5R533,-0.9166636987796704,0.3603047323058849,0.5250937465779688,1.90442184184632,-0.14920338775249598,outputViewer0000000118_heading.xml,00000001189_lightTableData.bin
3,11,LN_PRICE,ECF5R534,0.8447867598826584,1.1837306732161628,-0.22245954564282155,0.10076820807073526,-0.0964913558950407,outputViewer0000000118_heading.xml,00000001189_lightTableData.bin
3,11,LN_PRICE,ECF5R538,-0.21435215566640767,0.08495022617715334,-0.09297479269550024,-2.523267627556428,0.012330340034945746,outputViewer0000000118_heading.xml,00000001189_lightTableData.bin
3,11,LN_PRICE,MONTHS_1TO9,0.5308184567075149,0.5568577042597699,1.7957909037629254,0.07687017148241514,0.11653299251488179,outputViewer0000000118_heading.xml,00000001189_lightTableData.bin
3,11,LN_PRICE,MONTHS_10TO16,1.4395186135954678,-0.1942565632725042,0.08347076335639234,-0.08425837213463508,-2.3272407662440253,outputViewer0000000118_heading.xml,00000001189_lightTableData.bin
3,11,LN_PRICE,MONTHS_17TO24,0.5045624895551117,0.04694332391588528,1.3675577390831422,0.17288507176186033,0.8076471759352466,outputViewer0000000118_heading.xml,00000001189_lightTableData.bin
3,12,LN_PRICE,(Constant),0.009780528777711805,,6.572567583389091,3.324653328299141e-10,,outputViewer0000000118_heading.xml,00000001189_lightTableData.bin
3,12,LN_PRICE,LN_LANDRATIO,44.88850902206042,6.442268109472054e-110,0.4109173728111548,2.4335792696201475,11.193986225889224,outputViewer0000000118_heading.xml,00000001189_lightTableData.bin
3,12,LN_PRICE,LN_BASE_BLDGSIZE_RATIO,0.8085286824600061,1.2368145023098363,11.247063418977909,0.1648012568939583,0.22051218083489776,outputViewer0000000118_heading.xml,00000001189_lightTableData.bin
3,12,LN_PRICE,ARTERIAL,0.4296024451381054,0.12951624785237054,0.18916461795536124,3.3169772307470566,0.0010739125929732426,outputViewer0000000118_heading.xml,00000001189_lightTableData.bin
3,12,LN_PRICE,SINGLE_FAMILY1STORY,0.19598413092984554,3.8871420370827745,0.00013396520880312125,0.364038857746337,2.7469595036934273,outputViewer0000000118_heading.xml,00000001189_lightTableData.bin
3,12,LN_PRICE,HALF_DUPLEX2STORY,3.857306294554281e-05,0.3964264950475646,2.522535734852981,,,outputViewer0000000118_heading.xml,00000001189_lightTableData.bin
3,12,LN_PRICE,ROW_HOUSE2STORY,13.512344328990272,0.2927388393692121,0.31025146925249414,0.10600667462029527,0.9435534344914588,outputViewer0000000118_heading.xml,00000001189_lightTableData.bin
3,12,LN_PRICE,SMALLEST,0.28461839774927983,0.12230803841203307,1.1866951489336166,0.2365564420582152,0.08650237637148939,outputViewer0000000118_heading.xml,00000001189_lightTableData.bin
3,12,LN_PRICE,SMALL,-1.693923250574552,0.09172798956973338,0.6931378738417358,1.442714411863649,-0.17871545323798296,outputViewer0000000118_heading.xml,00000001189_lightTableData.bin
3,12,LN_PRICE,LARGEST,0.062105389092227944,0.07631815425503397,0.03248339953580452,0.8137695375164482,0.41669004444223035,outputViewer0000000118_heading.xml,00000001189_lightTableData.bin
3,12,LN_PRICE,THREE_PLUS_BATHS,0.5859212564451736,0.5579638554255247,1.7922307874895613,-0.32633092101417743,0.6069244032631028,outputViewer0000000118_heading.xml,00000001189_lightTableData.bin
3,12,LN_PRICE,POWDER_ROOM,1.5268070213608924,0.05508976883145563,0.07168350332728313,0.028813972465897134,0.7685139017262311,outputViewer0000000118_heading.xml,00000001189_lightTableData.bin
3,12,LN_PRICE,EXCELLENT,0.0977515189649893,-0.07183698783161993,-2.0913342592045234,0.03756319917359702,0.7805436888735733,outputViewer0000000118_heading.xml,00000001189_lightTableData.bin
3,12,LN_PRICE,GOOD,-2.2629682080561397,0.024618172725478962,0.7515636944029733,1.3305592160014852,-1.1761664348673462,outputViewer0000000118_heading.xml,00000001189_lightTableData.bin
3,12,LN_PRICE,QABOVE_AVG,0.4449146494858407,0.5229128291026286,1.912364632009701,0.4468562691303437,0.6170507918780682,outputViewer0000000118_heading.xml,00000001189_lightTableData.bin
3,12,LN_PRICE,QBELOW_AVG,1.2777820461312643,-1.3052126150275447,0.5022718301443541,-0.08879621778381303,-2.598617992676244,outputViewer0000000118_heading.xml,00000001189_lightTableData.bin
3,12,LN_PRICE,EXT_BRICK,0.15774415793875762,0.1472811616311338,1.80050983747069,0.07322199388774892,0.14542518866286422,outputViewer0000000118_heading.xml,00000001189_lightTableData.bin
3,12,LN_PRICE,EXT_BRICK_SIDING,1.7777090146598309,0.07681443828250147,0.16609124969016437,6.02078677754219,0.23305625676751704,outputViewer0000000118_heading.xml,00000001189_lightTableData.bin
3,12,LN_PRICE,YB_PRE_1910,0.2755919311677044,3.62855325902657,0.30579930369549957,0.11172656954534317,0.15857506948755282,outputViewer0000000118_heading.xml,00000001189_lightTableData.bin
3,12,LN_PRICE,YB_1930_TO_1945,0.38322708210813483,0.190782311763236,0.20868554180749757,2.008713903119729,0.045789725111375953,outputViewer0000000118_heading.xml,00000001189_lightTableData.bin
3,12,LN_PRICE,YB_1946_TO_1960,0.23622505681358924,2.5631557497346624,0.010999276562671594,0.10819729633023535,9.242375123199391,outputViewer0000000118_heading.xml,00000001189_lightTableData.bin
3,12,LN_PRICE,YB_1961_TO_1990,0.010946012959466926,0.2859886654628042,3.496642072795925,0.2813210790027495,0.11071909894319679,outputViewer0000000118_heading.xml,00000001189_lightTableData.bin
3,12,LN_PRICE,CRAWL,3.2629794793350593,0.3034459447581389,0.1057601919259488,0.15639038755117593,2.8691886732827205,outputViewer0000000118_heading.xml,00000001189_lightTableData.bin
3,12,LN_PRICE,FIREPLACE,0.37794847552035027,2.645863298226628,-0.029050821452500278,0.09166347018247374,-0.016042296271919634,outputViewer0000000118_heading.xml,00000001189_lightTableData.bin
3,12,LN_PRICE,HOT_WATER,0.3415543211648932,0.22423795793096638,0.11459356410388173,1.5231779860840675,0.12912467410627781,outputViewer0000000118_heading.xml,00000001189_lightTableData.bin
3,12,LN_PRICE,CENTRAL_AIR,0.17210375622169302,3.7232630219967366,0.00024555008095522823,0.4337979074738436,2.30522089381055,outputViewer0000000118_heading.xml,00000001189_lightTableData.bin
3,12,LN_PRICE,ECF5R501,0.0010237850639007785,0.7536280496420892,1.326914517678737,1.7137635098261605,0.5155870241684345,outputViewer0000000118_heading.xml,00000001189_lightTableData.bin
3,12,LN_PRICE,ECF5R502,1.27237255290497,1.7063559850785606,0.5024676447455328,0.11608680143238656,3.3959519641164535,outputViewer0000000118_heading.xml,00000001189_lightTableData.bin
3,12,LN_PRICE,ECF5R503,0.12211575504890965,0.17207170722099338,4.702814827250706,4.562948401907823e-06,0.7025360220033001,outputViewer0000000118_heading.xml,00000001189_lightTableData.bin
3,12,LN_PRICE,ECF5R504,4.9728112252269066,1.287144910783213e-06,0.7844907701951366,1.2747122566544116,0.556965108067516,outputViewer0000000118_heading.xml,00000001189_lightTableData.bin
3,12,LN_PRICE,ECF5R505_506_516,0.7718238652305457,1.295632391078368,-0.5539703998401763,0.07007369219830764,-0.27757268000050944,outputViewer0000000118_heading.xml,00000001189_lightTableData.bin
3,12,LN_PRICE,ECF5R508_509,-0.551784655483873,0.06679312425199754,-0.2764774898622816,-8.261099651546411,1.1787331344883444e-14,outputViewer0000000118_heading.xml,00000001189_lightTableData.bin
3,12,LN_PRICE,ECF5R510,-0.11892677944033964,-3.336751874209184,0.001002411517932739,0.7624155145915082,1.3116207381165195,outputViewer0000000118_heading.xml,00000001189_lightTableData.bin
3,12,LN_PRICE,ECF5R512_513,,0.09370203023285269,0.3060167014772214,0.014145112808435691,0.3061990727320727,outputViewer0000000118_heading.xml,00000001189_lightTableData.bin
3,12,LN_PRICE,ECF5R514,0.10896376071333676,-0.11804249769138954,-3.4691590250175324,0.0006275484596445137,0.8012375920682955,outputViewer0000000118_heading.xml,00000001189_lightTableData.bin
3,12,LN_PRICE,ECF5R517_521,-3.7534360596872256,0.00021986629388623892,0.8388403985704377,1.1921218883880802,-0.3993172626822748,outputViewer0000000118_heading.xml,00000001189_lightTableData.bin
3,12,LN_PRICE,ECF5R523,0.2721502686660138,3.6744406129071754,-0.15095646804254692,0.1206963987157283,-0.07270758545716442,outputViewer0000000118_heading.xml,00000001189_lightTableData.bin
3,12,LN_PRICE,ECF5R529,-0.03626635438769175,-0.8388430303481302,0.40249342520109976,0.5091334246113091,1.964121685319396,outputViewer0000000118_heading.xml,00000001189_lightTableData.bin
3,12,LN_PRICE,ECF5R531_537,2.2861650805303735,-0.039247494969457425,0.08514588983082226,-0.021499089206207692,-0.4609440931023083,outputViewer0000000118_heading.xml,00000001189_lightTableData.bin
3,12,LN_PRICE,ECF5R533,0.18697388918817037,-0.03301701876201281,-0.7979905023119983,0.42571740627830057,0.5374276725787568,outputViewer0000000118_heading.xml,00000001189_lightTableData.bin
3,12,LN_PRICE,ECF5R534,-2.2076362168379915,0.02836787614577803,0.5142512415914339,1.944574789757119,-0.22264345643795827,outputViewer0000000118_heading.xml,00000001189_lightTableData.bin
3,12,LN_PRICE,ECF5R538,0.6832598097661047,1.4635721078667319,,,,outputViewer0000000118_heading.xml,00000001189_lightTableData.bin
3,12,LN_PRICE,MONTHS_1TO9,0.02701214032439348,0.659642988852264,0.5101792236468048,0.5589173103794273,1.78917342767777,outputViewer0000000118_heading.xml,00000001189_lightTableData.bin
3,12,LN_PRICE,MONTHS_10TO16,0.02081406651284266,0.7009145477873172,1.4267074398111026,-0.16583696970793269,0.07862563413861559,outputViewer0000000118_heading.xml,00000001189_lightTableData.bin
3,12,LN_PRICE,MONTHS_17TO24,1.2381644235207174,0.6807367382156794,0.5027574363272183,0.046311878205962866,1.3540063040909927,outputViewer0000000118_heading.xml,00000001189_lightTableData.bin
3,13,LN_PRICE,(Constant),,0.06556699032602273,0.00972192672601666,,6.744238274349484,outputViewer0000000118_heading.xml,00000001189_lightTableData.bin
3,13,LN_PRICE,LN_LANDRATIO,0.2483691101348813,0.21416103059845684,45.06996147713429,1.4358770875428105e-110,0.41217417876552986,outputViewer0000000118_heading.xml,00000001189_lightTableData.bin
3,13,LN_PRICE,LN_BASE_BLDGSIZE_RATIO,68.24622354800883,8.351383697347504e-153,0.8088630610043516,1.2363032115205224,11.275629538802047,outputViewer0000000118_heading.xml,00000001189_lightTableData.bin
3,13,LN_PRICE,ARTERIAL,0.30061420697474334,3.3265227550739707,0.43093865235232426,0.12854455740192297,0.18975298315217862,outputViewer0000000118_heading.xml,00000001189_lightTableData.bin
3,13,LN_PRICE,SINGLE_FAMILY1STORY,0.4431788303860011,0.11430557272017866,0.19514263730254486,3.8771410687990504,0.000139059622156547,outputViewer0000000118_heading.xml,00000001189_lightTableData.bin
3,13,LN_PRICE,ROW_HOUSE2STORY,0.34643765106285973,0.07401081547434042,13.511538733777368,0.31953224034342026,0.30400340236296136,outputViewer0000000118_heading.xml,00000001189_lightTableData.bin
3,13,LN_PRICE,SMALLEST,11.560376049155494,0.3702435398986256,0.28283435003208085,0.1340726995736929,1.3090472916625233,outputViewer0000000118_heading.xml,00000001189_lightTableData.bin
3,13,LN_PRICE,SMALL,0.10501793876872256,-0.0628005220738491,-1.7017611974994284,0.09023897456123364,0.6932204400958271,outputViewer0000000118_heading.xml,00000001189_lightTableData.bin
3,13,LN_PRICE,LARGEST,0.6024044961558997,1.6600141705137677,0.06127699976343448,0.07610272528582462,0.032050121491310916,outputViewer0000000118_heading.xml,00000001189_lightTableData.bin
3,13,LN_PRICE,THREE_PLUS_BATHS,-0.02220094350785581,-0.5376796834328516,0.5913702555667006,0.5707519847594327,1.7520745029410487,outputViewer0000000118_heading.xml,00000001189_lightTableData.bin
3,13,LN_PRICE,POWDER_ROOM,0.44299503461891276,0.6565024519280835,1.523223556992206,-0.20405142955442512,0.10084715760045697,outputViewer0000000118_heading.xml,00000001189_lightTableData.bin
3,13,LN_PRICE,EXCELLENT,1.2811582673138142,-0.2047673512214504,0.0980639957649169,-0.07195514616893375,-2.0880992011821267,outputViewer0000000118_heading.xml,00000001189_lightTableData.bin
3,13,LN_PRICE,GOOD,0.5172319569052328,-0.08001694873159632,-2.2739631980682957,0.02393280823003673,0.7517253263333096,outputViewer0000000118_heading.xml,00000001189_lightTableData.bin
3,13,LN_PRICE,QABOVE_AVG,0.03040052335911785,0.7241806914634741,0.4697494672384358,0.5423432289761894,1.8438508062279197,outputViewer0000000118_heading.xml,00000001189_lightTableData.bin
3,13,LN_PRICE,QBELOW_AVG,0.0099729762090951,0.7858616385474743,1.2724886302483507,-1.3120195711728517,0.5024282031880416,outputViewer0000000118_heading.xml,00000001189_lightTableData.bin
3,13,LN_PRICE,EXT_BRICK,6.876387847213156,0.2819844894681667,0.15655164109681463,0.14622567635520983,1.801223465257588,outputViewer0000000118_heading.xml,00000001189_lightTableData.bin
3,13,LN_PRICE,EXT_BRICK_SIDING,0.14060939795634161,0.1208534867960913,1.6574728300869308,0.09882374411332144,0.17326832854622737,outputViewer0000000118_heading.xml,00000001189_lightTableData.bin
3,13,LN_PRICE,YB_PRE_1910,2.737032963062504,0.006667493779648109,0.27612832056728565,3.621504661113979,0.437014329012419,outputViewer0000000118_heading.xml,00000001189_lightTableData.bin
3,13,LN_PRICE,YB_1930_TO_1945,0.08623979992918113,11.595574210760988,0.37348676852135126,0.18948429890278298,0.20338147350665833,outputViewer0000000118_heading.xml,00000001189_lightTableData.bin
3,13,LN_PRICE,YB_1946_TO_1960,0.43508595205369754,0.16925584280563932,0.2369251858132952,2.57058158135975,0.010770024849438455,outputViewer0000000118_heading.xml,00000001189_lightTableData.bin
3,13,LN_PRICE,YB_1961_TO_1990,0.14498764386725238,2.540854122621411,0.01175692148853788,0.28884792604187587,3.462029358157914,outputViewer0000000118_heading.xml,00000001189_lightTableData.bin
3,13,LN_PRICE,CRAWL,0.004496658701817261,0.30929795325625187,3.233128410557262,0.3011318643547915,0.10572531728373502,outputViewer0000000118_heading.xml,00000001189_lightTableData.bin
3,13,LN_PRICE,FIREPLACE,-0.3169291037604079,0.7516122442737351,0.3780022590111566,2.6454868354913335,-0.028823959554521508,outputViewer0000000118_heading.xml,00000001189_lightTableData.bin
3,13,LN_PRICE,HOT_WATER,0.1627517152553134,6.144328484841285,0.3619973721941732,0.22279684523148865,0.12145233277825539,outputViewer0000000118_heading.xml,00000001189_lightTableData.bin
3,13,LN_PRICE,CENTRAL_AIR,1.6996267749629945,0.5516905446138936,0.11562899984507795,3.0807611106557866,0.0023451649481059872,outputViewer0000000118_heading.xml,00000001189_lightTableData.bin
3,13,LN_PRICE,ECF5R501,0.11659075011718609,3.3239073706135396,0.001038968782179284,0.7539791101148142,1.3262966925538855,outputViewer0000000118_heading.xml,00000001189_lightTableData.bin
3,13,LN_PRICE,ECF5R502,0.0008028590454677116,0.7866063979415703,1.2712838372747137,1.7216793252561715,0.5022276201732039,outputViewer0000000118_heading.xml,00000001189_lightTableData.bin
3,13,LN_PRICE,ECF5R503,1.4234145562365235,0.57503139384395,0.12189209978655517,0.17229451242017024,4.717544408955834,outputViewer0000000118_heading.xml,00000001189_lightTableData.bin
3,13,LN_PRICE,ECF5R504,0.11365924067992499,0.16688137857666593,4.900306431185667,1.7966353973165475e-06,0.7922081224580487,outputViewer0000000118_heading.xml,00000001189_lightTableData.bin
3,13,LN_PRICE,ECF5R505_506_516,-7.905540331347851,1.3989733024366477e-13,0.7719473677844207,1.2954251050432584,-0.5519991792865038,outputViewer0000000118_heading.xml,00000001189_lightTableData.bin
3,13,LN_PRICE,ECF5R508_509,0.8198689280779164,1.2197071577579834,-0.5436017282828989,0.06645031562831334,-0.27237734834916333,outputViewer0000000118_heading.xml,00000001189_lightTableData.bin
3,13,LN_PRICE,ECF5R510,-0.3811208654246511,0.11385444395466907,-0.11901311550277291,-3.3474395217844433,0.0009656912886943422,outputViewer0000000118_heading.xml,00000001189_lightTableData.bin
3,13,LN_PRICE,ECF5R512_513,0.7597608240809529,0.46035414573522665,2.1722406744114595,0.09347933128468229,0.30432935593747334,outputViewer0000000118_heading.xml,00000001189_lightTableData.bin
3,13,LN_PRICE,ECF5R514,1.2480692492455627,-0.3824947320475998,0.10862967980642702,-0.11944213464582144,-3.5210886447349146,outputViewer0000000118_heading.xml,00000001189_lightTableData.bin
3,13,LN_PRICE,ECF5R517_521,0.10599465091626546,-0.12469532848301201,-3.767334098753066,0.00020844511760656078,0.8389943609273027,outputViewer0000000118_heading.xml,00000001189_lightTableData.bin
3,13,LN_PRICE,ECF5R523,-1.2507122801409263,0.21238017474412707,0.2773339494033916,3.6057612209079606,-0.15801318077516519,outputViewer0000000118_heading.xml,00000001189_lightTableData.bin
3,13,LN_PRICE,ECF5R529,-0.16827215171180193,0.19452949308882397,-0.03723672011663078,-0.8650212830964779,0.38799124336931523,outputViewer0000000118_heading.xml,00000001189_lightTableData.bin
3,13,LN_PRICE,ECF5R531_537,0.6453134720453212,0.44313726452308194,2.256637119146888,-0.0333597073224284,0.08260502973152259,outputViewer0000000118_heading.xml,00000001189_lightTableData.bin
3,13,LN_PRICE,ECF5R533,1.8607154990766799,-0.13185256725663075,0.11279894477681414,-0.06350626724292464,-1.1689166730904834,outputViewer0000000118_heading.xml,00000001189_lightTableData.bin
3,13,LN_PRICE,ECF5R534,0.0985397426369632,-0.09657112681219869,-2.25942802852869,0.02489334900130011,0.5351884867989362,outputViewer0000000118_heading.xml,00000001189_lightTableData.bin
3,13,LN_PRICE,MONTHS_1TO9,0.0710360705078444,0.11583112106285762,0.02496204012098966,0.6132727530910759,0.5403324013804764,outputViewer0000000118_heading.xml,00000001189_lightTableData.bin
3,13,LN_PRICE,MONTHS_10TO16,-0.07193143372833986,-2.1091972296918464,0.03599494023909499,0.7900537839181887,1.2657366123108797,outputViewer0000000118_heading.xml,00000001189_lightTableData.bin
3,13,LN_PRICE,MONTHS_17TO24,0.1771558591432113,0.8100968562803657,1.2344202946195744,0.6783160325858892,0.5017511131284271,outputViewer0000000118_heading.xml,00000001189_lightTableData.bin
3,14,LN_PRICE,(Constant),1.2407917175654734e-10,,,0.06661873836844587,0.009673255196473897,outputViewer0000000118_heading.xml,00000001189_lightTableData.bin
3,14,LN_PRICE,LN_LANDRATIO,2.426158773446266,11.1730997350963,0.23753330926678193,0.21635157359631366,47.038033400812026,outputViewer0000000118_heading.xml,00000001189_lightTableData.bin
3,14,LN_PRICE,LN_BASE_BLDGSIZE_RATIO,0.1614445256534576,0.22145157609795,69.84212994007184,1.9292908963890755e-155,0.8098497503738468,outputViewer0000000118_heading.xml,00000001189_lightTableData.bin
3,14,LN_PRICE,ARTERIAL,3.352445728253584,0.0009507618888538175,0.3037311452926312,3.2923854385645748,0.432148366751002,outputViewer0000000118_heading.xml,00000001189_lightTableData.bin
3,14,LN_PRICE,SINGLE_FAMILY1STORY,0.3642990478416363,2.744997567039231,0.4442572187958741,0.11419246614940971,0.19561747848156918,outputViewer0000000118_heading.xml,00000001189_lightTableData.bin
3,14,LN_PRICE,ROW_HOUSE2STORY,0.11570910886224339,1.0510811321839038,0.29437449270055543,0.07680573940139158,13.019860335878516,outputViewer0000000118_heading.xml,00000001189_lightTableData.bin
3,14,LN_PRICE,SMALLEST,0.19180236339795242,0.08760891545895103,11.414363421363753,0.3681518244436331,0.282853562851721,outputViewer0000000118_heading.xml,00000001189_lightTableData.bin
3,14,LN_PRICE,SMALL,1.442542576877516,-0.1785929188304356,0.10482080360740836,-0.06275746354350625,-1.7037926888953299,outputViewer0000000118_heading.xml,00000001189_lightTableData.bin
3,14,LN_PRICE,LARGEST,0.8051879815511459,0.4216091078796744,0.6032226886622379,1.6577625788872297,0.05932355399325791,outputViewer0000000118_heading.xml,00000001189_lightTableData.bin
3,14,LN_PRICE,THREE_PLUS_BATHS,-0.32294066452169573,0.6049089354425287,-0.02197029759593054,-0.53386657990999,0.5939984961631577,outputViewer0000000118_heading.xml,00000001189_lightTableData.bin
3,14,LN_PRICE,POWDER_ROOM,-0.07170357164844,-2.0233731362350316,0.044222580459813345,0.733525305959113,1.363279483169924,outputViewer0000000118_heading.xml,00000001189_lightTableData.bin
3,14,LN_PRICE,EXCELLENT,0.03785230632741037,0.7805473464238153,1.2811522639614843,-1.244066780071751,0.7339955306358172,outputViewer0000000118_heading.xml,00000001189_lightTableData.bin
3,14,LN_PRICE,GOOD,1.330273126326207,-1.1661095328051638,0.5159763492795377,-0.07933275762321879,-2.2600057821127124,outputViewer0000000118_heading.xml,00000001189_lightTableData.bin
3,14,LN_PRICE,QABOVE_AVG,0.4554050252981986,0.6150175295806324,0.030982112293917972,0.7404748700557036,0.459823551681772,outputViewer0000000118_heading.xml,00000001189_lightTableData.bin
3,14,LN_PRICE,QBELOW_AVG,-0.08925930858860943,-2.6113573299582624,0.009616899789935419,0.785984227812061,1.2722901613225666,outputViewer0000000118_heading.xml,00000001189_lightTableData.bin
3,14,LN_PRICE,EXT_BRICK,0.07310221987629918,0.1469572884594256,6.804698225471794,0.28223604875826713,0.15617777884540732,outputViewer0000000118_heading.xml,00000001189_lightTableData.bin
3,14,LN_PRICE,EXT_BRICK_SIDING,5.77139520182538,0.2265540967419152,0.14031191688412964,0.11748173131653762,1.6146461524647606,outputViewer0000000118_heading.xml,00000001189_lightTableData.bin
3,14,LN_PRICE,YB_PRE_1910,0.21387947322950235,0.23797527963293377,2.0432738233999803,0.04229230030812438,0.07242468212521985,outputViewer0000000118_heading.xml,00000001189_lightTableData.bin
3,14,LN_PRICE,YB_1930_TO_1945,1.9710697439526257,0.04996388519287248,0.08713063624722547,11.477019370805332,0.37874018589144354,outputViewer0000000118_heading.xml,00000001189_lightTableData.bin
3,14,LN_PRICE,YB_1946_TO_1960,0.10820327624151878,9.241864338450494,0.4449572414905874,0.16896459156429056,0.2423005767515972,outputViewer0000000118_heading.xml,00000001189_lightTableData.bin
3,14,LN_PRICE,YB_1961_TO_1990,0.2798788023020717,0.11048529581583268,0.14424432132143677,2.533176928526309,0.012006555699282155,outputViewer0000000118_heading.xml,00000001189_lightTableData.bin
3,14,LN_PRICE,CRAWL,0.15519775361634933,2.848247440550535,0.004790756426594866,0.3094518910113186,3.2315200813021487,outputViewer0000000118_heading.xml,00000001189_lightTableData.bin
3,14,LN_PRICE,FIREPLACE,0.09143655785348613,-0.015917019753108073,-0.31523452141218766,0.7528951397312151,0.37811675295638225,outputViewer0000000118_heading.xml,00000001189_lightTableData.bin
3,14,LN_PRICE,HOT_WATER,1.6247867954236672,0.10560794947647272,0.1646574302183281,6.073215151445316,0.35053252236228805,outputViewer0000000118_heading.xml,00000001189_lightTableData.bin
3,14,LN_PRICE,CENTRAL_AIR,0.6973963265117487,1.433904885908735,1.6993589595694965,0.5496007222076355,0.11561077982963135,outputViewer0000000118_heading.xml,00000001189_lightTableData.bin
3,14,LN_PRICE,ECF5R501,1.741551836781154,0.513323201750823,0.1184812454309257,3.392700409490816,0.0008193827009623368,outputViewer0000000118_heading.xml,00000001189_lightTableData.bin
3,14,LN_PRICE,ECF5R502,0.117129278831027,3.42808570476951,0.0007171098499115245,0.7873422185362171,1.2700957429402737,outputViewer0000000118_heading.xml,00000001189_lightTableData.bin
3,14,LN_PRICE,ECF5R503,4.262744636638269e-06,0.7026462885592272,1.4231911792354233,0.5827064195705172,0.1208454831910286,outputViewer0000000118_heading.xml,00000001189_lightTableData.bin
3,14,LN_PRICE,ECF5R504,1.2622945557503482,0.5655351615016135,0.11335100857691673,0.16944919173200013,4.989238019155848,outputViewer0000000118_heading.xml,00000001189_lightTableData.bin
3,14,LN_PRICE,ECF5R505_506_516,0.06968112366153205,-0.27658497926394876,-7.921789292144248,1.2449166839125818e-13,0.7774451427397956,outputViewer0000000118_heading.xml,00000001189_lightTableData.bin
3,14,LN_PRICE,ECF5R508_509,-8.180574059625377,1.9477898364504666e-14,0.8294384274999661,1.2056350017615272,-0.551250103937549,outputViewer0000000118_heading.xml,00000001189_lightTableData.bin
3,14,LN_PRICE,ECF5R510,0.7626367307116623,1.3112402795848028,-0.37664257819727437,0.11259885771408179,-0.11761467484156027,outputViewer0000000118_heading.xml,00000001189_lightTableData.bin
3,14,LN_PRICE,ECF5R512_513,0.01411149452144274,0.30716501533913243,0.7590250814073777,0.46323547765240103,2.1587293034372728,outputViewer0000000118_heading.xml,00000001189_lightTableData.bin
3,14,LN_PRICE,ECF5R514,0.0005214864315466958,0.804206431980577,1.2434618280000922,-0.3800742354344964,0.10841193949684245,outputViewer0000000118_heading.xml,00000001189_lightTableData.bin
3,14,LN_PRICE,ECF5R517_521,1.1919031242292797,-0.40110540824009494,0.10608879764820334,-0.12525371505565872,-3.78084601891883,outputViewer0000000118_heading.xml,00000001189_lightTableData.bin
3,14,LN_PRICE,ECF5R523,0.11977605788088969,-0.07610642321951121,-1.3192384485745898,0.18846704472000259,0.2806936504789602,outputViewer0000000118_heading.xml,00000001189_lightTableData.bin
3,14,LN_PRICE,ECF5R529,0.5114357800720225,1.9552797026816855,-0.17396208189455784,0.19365325705458375,-0.03849583718111883,outputViewer0000000118_heading.xml,00000001189_lightTableData.bin
3,14,LN_PRICE,ECF5R531_537,-0.018273862425512738,-0.40384595745382473,0.6867330649503196,0.46879079240995425,2.1331476986977744,outputViewer0000000118_heading.xml,00000001189_lightTableData.bin
3,14,LN_PRICE,ECF5R533,0.24366865881673622,0.31119721216877333,3.2133963959087923,-0.13773660683030567,0.11253937945535787,outputViewer0000000118_heading.xml,00000001189_lightTableData.bin
3,14,LN_PRICE,ECF5R534,1.8685005837498294,-0.22371510233436165,0.09774406974463003,-0.09703595094588341,-2.2887844031750313,outputViewer0000000118_heading.xml,00000001189_lightTableData.bin
3,14,LN_PRICE,MONTHS_1TO9,0.5638658571587513,1.7734714512399696,0.07522126060896693,0.11525279950082706,0.02643271385718194,outputViewer0000000118_heading.xml,00000001189_lightTableData.bin
3,14,LN_PRICE,MONTHS_10TO16,-0.1730115824411366,0.07831295993411212,-0.07504340677785871,-2.209233089729954,0.028127842366198117,outputViewer0000000118_heading.xml,00000001189_lightTableData.bin
3,14,LN_PRICE,MONTHS_17TO24,0.04614719277324598,1.3518974145499683,0.1778220305003419,0.8102098798931356,1.2342480940023801,outputViewer0000000118_heading.xml,00000001189_lightTableData.bin
3,15,LN_PRICE,(Constant),,6.886899705977962,5.3910649788630905e-11,,,outputViewer0000000118_heading.xml,00000001189_lightTableData.bin
3,15,LN_PRICE,LN_LANDRATIO,1.7645572919176384e-114,0.42208462281838055,2.3691931568667726,11.18087667952292,0.2354931688153026,outputViewer0000000118_heading.xml,00000001189_lightTableData.bin
3,15,LN_PRICE,LN_BASE_BLDGSIZE_RATIO,1.2347969478762884,11.318065826982684,0.15669770463597424,0.22285326530737012,72.22866380382392,outputViewer0000000118_heading.xml,00000001189_lightTableData.bin
3,15,LN_PRICE,ARTERIAL,0.1278869425059078,0.1902856504231654,3.3791437834322977,0.0008667002902873371,0.30542492827311524,outputViewer0000000118_heading.xml,00000001189_lightTableData.bin
3,15,LN_PRICE,SINGLE_FAMILY1STORY,3.8904249446246904,0.00013196475824106926,0.3643539558445984,2.7445838969469367,0.44571163071965336,outputViewer0000000118_heading.xml,00000001189_lightTableData.bin
3,15,LN_PRICE,HALF_DUPLEX2STORY,,,0.29096314050088856,0.42733394530699276,0.1053636580237835,outputViewer0000000118_heading.xml,00000001189_lightTableData.bin
3,15,LN_PRICE,ROW_HOUSE2STORY,0.34372672833424334,0.29969675245245575,0.12447042397018859,1.1469150917435202,0.25265689010684583,outputViewer0000000118_heading.xml,00000001189_lightTableData.bin
3,15,LN_PRICE,SMALLEST,0.13331524695786157,1.301563327440311,0.19434019807286673,0.08761350439582383,11.413765570683712,outputViewer0000000118_heading.xml,00000001189_lightTableData.bin
3,15,LN_PRICE,SMALL,0.08985133698284221,0.6932254695640585,1.4425321109867177,-0.18051804362210577,0.10456232233668515,outputViewer0000000118_heading.xml,00000001189_lightTableData.bin
3,15,LN_PRICE,LARGEST,0.07563845899576618,0.031028397606287967,0.7843041064146813,0.43372897875342775,0.6080345986468291,outputViewer0000000118_heading.xml,00000001189_lightTableData.bin
3,15,LN_PRICE,THREE_PLUS_BATHS,0.5718693307877837,1.7486512148193734,-0.3198482249024913,0.6031128883882618,-0.02175991275996696,outputViewer0000000118_heading.xml,00000001189_lightTableData.bin
3,15,LN_PRICE,POWDER_ROOM,-0.20070171101943782,0.10070651702580298,-0.07052648220829225,-1.992936673284154,0.047476499140010155,outputViewer0000000118_heading.xml,00000001189_lightTableData.bin
3,15,LN_PRICE,EXCELLENT,-0.08463634466061833,-1.6949241897891245,0.09159354061000978,0.39398882688011005,2.5381430430876097,outputViewer0000000118_heading.xml,00000001189_lightTableData.bin
3,15,LN_PRICE,GOOD,0.024795553014925226,0.7528417236583734,1.3283004495826571,-1.1920667314241535,0.5139217273400352,outputViewer0000000118_heading.xml,00000001189_lightTableData.bin
3,15,LN_PRICE,QABOVE_AVG,0.5435964496372474,1.839599947106571,0.4555182359251904,0.6137459013282905,0.030989814238700047,outputViewer0000000118_heading.xml,00000001189_lightTableData.bin
3,15,LN_PRICE,QBELOW_AVG,-1.3528632297695669,0.5014796009902732,-0.09203798415616445,-2.6977432922457143,0.007500666596430985,outputViewer0000000118_heading.xml,00000001189_lightTableData.bin
3,15,LN_PRICE,EXT_BRICK,0.14635612476181456,1.8071460027462594,0.07216393537167269,0.14697604868720665,6.803829664302602,outputViewer0000000118_heading.xml,00000001189_lightTableData.bin
3,15,LN_PRICE,EXT_BRICK_SIDING,0.10778878347763875,0.17378582144666327,5.75420935767715,0.2596802697534943,0.13392280617538782,outputViewer0000000118_heading.xml,00000001189_lightTableData.bin
3,15,LN_PRICE,YB_PRE_1910,13.807447553184058,0.43679474392133283,0.21203994699968848,0.23785570501035208,2.0599644081309574,outputViewer0000000118_heading.xml,00000001189_lightTableData.bin
3,15,LN_PRICE,YB_1930_TO_1945,0.1890942304263591,0.2062422114382988,2.002917725397974,0.04640223643560515,0.0872770068959847,outputViewer0000000118_heading.xml,00000001189_lightTableData.bin
3,15,LN_PRICE,YB_1946_TO_1960,2.63343483608684,0.009011190666374479,0.108574388706868,9.210275203112829,0.588322711030923,outputViewer0000000118_heading.xml,00000001189_lightTableData.bin
3,15,LN_PRICE,YB_1961_TO_1990,0.28905550959002596,3.4595431217288435,0.2800308682785816,0.11030457405936221,0.14432269329315217,outputViewer0000000118_heading.xml,00000001189_lightTableData.bin
3,15,LN_PRICE,CRAWL,0.29438772190146933,0.10552196355730104,0.15172194822103896,2.789824146340961,0.005710111206550379,outputViewer0000000118_heading.xml,00000001189_lightTableData.bin
3,15,LN_PRICE,FIREPLACE,2.6446857807312103,-0.026816336131863516,0.09098749702522776,-0.014808380198753822,-0.29472550634542954,outputViewer0000000118_heading.xml,00000001189_lightTableData.bin
3,15,LN_PRICE,HOT_WATER,0.22215439584287175,0.11760580552698033,1.5778779484976622,0.11599230974839252,0.1653449960375061,outputViewer0000000118_heading.xml,00000001189_lightTableData.bin
3,15,LN_PRICE,CENTRAL_AIR,3.0919882214555936,0.002260695749030824,0.6993318958383358,1.4299362090459686,1.6973463408131373,outputViewer0000000118_heading.xml,00000001189_lightTableData.bin
3,15,LN_PRICE,ECF5R501,0.7587881478151915,1.3178909065453106,1.72929478694353,0.5122458425660792,0.1176473738806222,outputViewer0000000118_heading.xml,00000001189_lightTableData.bin
3,15,LN_PRICE,ECF5R502,1.8691503325348515,0.4877281285312552,0.12716202562518789,3.8323611520287173,0.0001626327715312586,outputViewer0000000118_heading.xml,00000001189_lightTableData.bin
3,15,LN_PRICE,ECF5R503,0.1745941517607834,4.821913109068329,2.659759372164561e-06,0.7125379295886577,1.4034340608047235,outputViewer0000000118_heading.xml,00000001189_lightTableData.bin
3,15,LN_PRICE,ECF5R504,1.1857222883426692e-06,0.7966162282008111,1.2553096015361613,0.5593413791859406,0.1131944912341264,outputViewer0000000118_heading.xml,00000001189_lightTableData.bin
3,15,LN_PRICE,ECF5R505_506_516,1.2862643870613153,-0.5532573654361447,0.06947824724840457,-0.27721540663262423,-7.963029974807679,outputViewer0000000118_heading.xml,00000001189_lightTableData.bin
3,15,LN_PRICE,ECF5R508_509,0.06607139676713088,-0.27620964720253954,-8.343248832477904,6.703864572301825e-15,0.8394025823481104,outputViewer0000000118_heading.xml,00000001189_lightTableData.bin
3,15,LN_PRICE,ECF5R510,-3.3449946637440076,0.0009730589211838513,0.7763832001708271,1.2880237488136923,-0.3724281576325629,outputViewer0000000118_heading.xml,00000001189_lightTableData.bin
3,15,LN_PRICE,ECF5R512_513,0.08912464804624484,0.3005963189289764,0.013454118309853408,0.2964928125660209,0.7671481780923024,outputViewer0000000118_heading.xml,00000001189_lightTableData.bin
3,15,LN_PRICE,ECF5R514,-0.11868628297480792,-3.5058337411772458,0.0005501714615402396,0.8052314812992382,1.2418789170866786,outputViewer0000000118_heading.xml,00000001189_lightTableData.bin
3,15,LN_PRICE,ECF5R517_521,0.00019787306294823023,0.8391571302600794,1.1916719335865866,,,outputViewer0000000118_heading.xml,00000001189_lightTableData.bin
3,15,LN_PRICE,ECF5R523,3.5626028529453904,-0.15056594270432822,0.11842647358842633,-0.07251949047342565,-1.2713875381242699,outputViewer0000000118_heading.xml,00000001189_lightTableData.bin
3,15,LN_PRICE,ECF5R529,-0.8983173561884595,0.3700166367891464,0.514082331506717,1.9452137113312442,,outputViewer0000000118_heading.xml,00000001189_lightTableData.bin
3,15,LN_PRICE,ECF5R531_537,-0.03611191852403495,0.08189938660789117,-0.01978147543836132,-0.4409302684637627,0.6597106868264095,outputViewer0000000118_heading.xml,00000001189_lightTableData.bin
3,15,LN_PRICE,ECF5R533,-0.06634029161885088,-1.223896981633376,0.2222598933203171,0.3123094441890657,3.2019524820857503,outputViewer0000000118_heading.xml,00000001189_lightTableData.bin
3,15,LN_PRICE,ECF5R534,0.023091321999631046,0.5413616393023482,1.8471940518147876,-0.22424517875826483,0.09742496133537173,outputViewer0000000118_heading.xml,00000001189_lightTableData.bin
3,15,LN_PRICE,MONTHS_1TO9,0.6526631972043954,0.5146548329773464,0.5674806150478772,1.7621747307009459,0.07781747620054551,outputViewer0000000118_heading.xml,00000001189_lightTableData.bin
3,15,LN_PRICE,MONTHS_10TO16,0.7964826772030341,1.2555200867790959,-0.17948944970604191,0.07806331809853388,-0.0778531679588979,outputViewer0000000118_heading.xml,00000001189_lightTableData.bin
3,15,LN_PRICE,MONTHS_17TO24,0.643209860145253,0.49423519359641327,0.04375884983378623,1.3014246425164346,0.1944931455108747,outputViewer0000000118_heading.xml,00000001189_lightTableData.bin
3,16,LN_PRICE,(Constant),0.06749853819422218,0.009613139873944306,,7.021487160212024,2.4277161354669642e-11,outputViewer0000000118_heading.xml,00000001189_lightTableData.bin
3,16,LN_PRICE,LN_LANDRATIO,0.21704682264623398,47.478560570443065,1.333666716746681e-115,0.4231200037350218,2.363395706118041,outputViewer0000000118_heading.xml,00000001189_lightTableData.bin
3,16,LN_PRICE,LN_BASE_BLDGSIZE_RATIO,4.292391017486884e-159,0.8116899523755179,1.2319975097306155,11.357754270756542,0.15288566099458425,outputViewer0000000118_heading.xml,00000001189_lightTableData.bin
3,16,LN_PRICE,ARTERIAL,3.274126986471078,0.43167509057339926,0.12754647993839385,0.19007725517696328,3.384453187433337,outputViewer0000000118_heading.xml,00000001189_lightTableData.bin
3,16,LN_PRICE,SINGLE_FAMILY1STORY,0.11410802307106087,0.1962578921454695,3.906049887851322,0.00012408297430257842,0.36443627956662,outputViewer0000000118_heading.xml,00000001189_lightTableData.bin
3,16,LN_PRICE,HALF_DUPLEX2STORY,0.680880008939761,0.49670834412497744,0.04102575981504776,24.374929422591997,0.2917607268246635,outputViewer0000000118_heading.xml,00000001189_lightTableData.bin
3,16,LN_PRICE,ROW_HOUSE2STORY,0.07876256998097377,12.696386116420078,0.33679511484363633,0.2991561784569457,0.1219603460540646,outputViewer0000000118_heading.xml,00000001189_lightTableData.bin
3,16,LN_PRICE,SMALLEST,0.34103291996819324,0.2815412479701467,0.12349494129230196,1.2113071261385997,0.2269892370872317,outputViewer0000000118_heading.xml,00000001189_lightTableData.bin
3,16,LN_PRICE,SMALL,-0.06343395144527267,-1.7264157833148275,0.08568934135842007,0.6942164779077695,1.440472866639238,outputViewer0000000118_heading.xml,00000001189_lightTableData.bin
3,16,LN_PRICE,LARGEST,1.6446432525805001,0.06184740441939388,0.07510563723124249,0.03234846407651067,0.8234722012806059,outputViewer0000000118_heading.xml,00000001189_lightTableData.bin
3,16,LN_PRICE,THREE_PLUS_BATHS,-0.5303289501195086,0.5964415451833701,0.5726091179401398,1.7463920302165696,-0.30413884342566855,outputViewer0000000118_heading.xml,00000001189_lightTableData.bin
3,16,LN_PRICE,POWDER_ROOM,0.7346539983573801,1.3611849962511735,-0.19719463461451314,0.10052969419396694,-0.06929409729030274,outputViewer0000000118_heading.xml,00000001189_lightTableData.bin
3,16,LN_PRICE,EXCELLENT,-1.2438255258891535,0.731764453315093,-0.08461993165733248,-1.6997621574186665,0.09067053060381876,outputViewer0000000118_heading.xml,00000001189_lightTableData.bin
3,16,LN_PRICE,GOOD,-0.08109867762360191,-2.319549199824792,0.02127394958009239,0.7570217711873465,1.3209659722620073,outputViewer0000000118_heading.xml,00000001189_lightTableData.bin
3,16,LN_PRICE,QABOVE_AVG,0.7421935282000935,0.45878013892606795,0.543596614238416,1.8395993900753218,0.4698775771840066,outputViewer0000000118_heading.xml,00000001189_lightTableData.bin
3,16,LN_PRICE,QBELOW_AVG,0.7899973102096363,1.2658270946955967,-1.3801111534474801,0.5009421672908224,-0.09389171475699046,outputViewer0000000118_heading.xml,00000001189_lightTableData.bin
3,16,LN_PRICE,EXT_BRICK,0.2860890826973316,0.15529754598781448,0.14835415130157886,1.8421996360443438,0.0668426210621695,outputViewer0000000118_heading.xml,00000001189_lightTableData.bin
3,16,LN_PRICE,EXT_BRICK_SIDING,0.13465961603925275,1.93902948399552,0.05374268892553922,0.19045652072704938,5.250542203451983,outputViewer0000000118_heading.xml,00000001189_lightTableData.bin
3,16,LN_PRICE,YB_PRE_1910,0.04064682331251498,0.07333252255004537,13.636514403517971,0.4336079078374674,0.20922119919581,outputViewer0000000118_heading.xml,00000001189_lightTableData.bin
3,16,LN_PRICE,YB_1930_TO_1945,11.457771474585323,0.39888867857008325,0.18606664722928495,0.2172140328662528,2.143794626871217,outputViewer0000000118_heading.xml,00000001189_lightTableData.bin
3,16,LN_PRICE,YB_1946_TO_1960,0.12070442566751262,0.3203699567205974,4.874077381814419,2.002485942790351e-06,0.21317084903023176,outputViewer0000000118_heading.xml,00000001189_lightTableData.bin
3,16,LN_PRICE,YB_1961_TO_1990,2.538705857545657,0.01182073255073807,0.28905742689444897,3.459520174740765,0.27723393980806543,outputViewer0000000118_heading.xml,00000001189_lightTableData.bin
3,16,LN_PRICE,CRAWL,0.31068232215258407,3.2187219184903424,0.2918777765290541,0.10550014442032746,0.15042836912958935,outputViewer0000000118_heading.xml,00000001189_lightTableData.bin
3,16,LN_PRICE,FIREPLACE,0.768491979761732,0.38021445849200436,2.6300946154603673,0.39752632723661036,0.24285167393773538,outputViewer0000000118_heading.xml,00000001189_lightTableData.bin
3,16,LN_PRICE,HOT_WATER,6.047960470319674,0.33476299951237837,0.22130556345618813,0.11231503414565051,1.5126732210627476,outputViewer0000000118_heading.xml,00000001189_lightTableData.bin
3,16,LN_PRICE,CENTRAL_AIR,0.5479434168223934,0.11547385736094858,3.0976671836962746,0.0022183836751522865,0.7002372393834377,outputViewer0000000118_heading.xml,00000001189_lightTableData.bin
3,16,LN_PRICE,ECF5R501,3.3759079005515846,0.000867806026834838,0.7598990045350127,1.315964350567753,1.7354069806317451,outputViewer0000000118_heading.xml,00000001189_lightTableData.bin
3,16,LN_PRICE,ECF5R502,0.836497262220342,1.1954611750260453,1.720329893069253,0.4801834554785295,0.1170374742675601,outputViewer0000000118_heading.xml,00000001189_lightTableData.bin
3,16,LN_PRICE,ECF5R503,0.5781510925742543,0.12020804075265225,0.173229256118323,4.809587519722537,2.8049870655622188e-06,outputViewer0000000118_heading.xml,00000001189_lightTableData.bin
3,16,LN_PRICE,ECF5R504,0.16759337183148676,4.941418730607871,1.4777687066256442e-06,0.7989286143032939,1.2516762850859342,outputViewer0000000118_heading.xml,00000001189_lightTableData.bin
3,16,LN_PRICE,ECF5R505_506_516,9.475714546573339e-14,0.778973366031101,1.2837409385317473,-0.5520004903395848,0.06928757953466241,outputViewer0000000118_heading.xml,00000001189_lightTableData.bin
3,16,LN_PRICE,ECF5R508_509,1.1913234734192037,-0.5494220516479492,0.06599907653552141,-0.27529368242653046,-8.324693018276466,outputViewer0000000118_heading.xml,00000001189_lightTableData.bin
3,16,LN_PRICE,ECF5R510,0.11144752674892287,-0.11629863217124778,-3.341735509946275,0.0009832245234478638,0.7891097219323586,outputViewer0000000118_heading.xml,00000001189_lightTableData.bin
3,16,LN_PRICE,ECF5R512_513,0.4725642845913254,2.1161142147354663,0.0901277091943585,0.2997866499063457,0.013605538861345922,outputViewer0000000118_heading.xml,00000001189_lightTableData.bin
3,16,LN_PRICE,ECF5R514,-0.38494633217257435,0.10812747504006964,-0.12020769905152542,-3.5601157987821486,0.000452602944182748,outputViewer0000000118_heading.xml,00000001189_lightTableData.bin
3,16,LN_PRICE,ECF5R523,0.2049333179696867,0.28609001741068407,3.495403331618151,-0.15221518623182725,0.1181817017555648,outputViewer0000000118_heading.xml,00000001189_lightTableData.bin
3,16,LN_PRICE,ECF5R531_537,0.4748592736173125,2.105887060775603,-0.03721429150235252,0.08163480710549013,-0.020385336016413645,outputViewer0000000118_heading.xml,00000001189_lightTableData.bin
3,16,LN_PRICE,ECF5R533,-0.12867301605776787,0.11227270865645025,-0.06197484899033547,-1.1460756367026101,0.25296527941142194,outputViewer0000000118_heading.xml,00000001189_lightTableData.bin
3,16,LN_PRICE,ECF5R534,-0.0972658704700046,-2.3017220195380146,0.022331351336731912,0.5423604406454563,1.8437922920962166,outputViewer0000000118_heading.xml,00000001189_lightTableData.bin
3,16,LN_PRICE,ECF5R539,,0.07847844236613226,0.1225609846821185,0.027577285919268876,0.6403215719070685,outputViewer0000000118_heading.xml,00000001189_lightTableData.bin
3,16,LN_PRICE,MONTHS_1TO9,0.11494379767245565,0.027345022734860735,0.677004568983309,0.49911107626484796,0.5686123694922375,outputViewer0000000118_heading.xml,00000001189_lightTableData.bin
3,16,LN_PRICE,MONTHS_10TO16,-2.2992803031954767,0.022366980859548486,0.8017359298251848,1.2472934825535957,,outputViewer0000000118_heading.xml,00000001189_lightTableData.bin
3,16,LN_PRICE,MONTHS_17TO24,0.8319132277879329,1.2020484427913376,0.584918956880669,0.47862614903199874,0.039793203408442765,outputViewer0000000118_heading.xml,00000001189_lightTableData.bin
3,17,LN_PRICE,(Constant),,,0.06726779077662896,0.00960948335179644,,outputViewer0000000118_heading.xml,00000001189_lightTableData.bin
3,17,LN_PRICE,LN_LANDRATIO,11.20037289668712,0.22769559869570324,0.21782640775564407,49.190115930416,5.789386827858162e-119,outputViewer0000000118_heading.xml,00000001189_lightTableData.bin
3,17,LN_PRICE,LN_BASE_BLDGSIZE_RATIO,0.22067947167951582,74.28920538963345,2.9361502172803516e-162,0.8145814411305201,1.22762433503536,outputViewer0000000118_heading.xml,00000001189_lightTableData.bin
3,17,LN_PRICE,ARTERIAL,0.0008502793737003222,0.30563184783754094,3.2719103296183696,0.4316875712049373,0.12727164491830684,outputViewer0000000118_heading.xml,00000001189_lightTableData.bin
3,17,LN_PRICE,SINGLE_FAMILY1STORY,2.743963913771645,0.45101366616827293,0.1138228456193978,0.1985925099330882,3.96241777047446,outputViewer0000000118_heading.xml,00000001189_lightTableData.bin
3,17,LN_PRICE,HALF_DUPLEX2STORY,0.41749366419570394,0.10565248021795559,0.6988386934846944,0.48543350142879405,0.04277586779706595,outputViewer0000000118_heading.xml,00000001189_lightTableData.bin
3,17,LN_PRICE,ROW_HOUSE2STORY,1.1258170116386468,0.2614585748162806,0.07885460401504477,12.681567709213388,0.3090573813505941,outputViewer0000000118_heading.xml,00000001189_lightTableData.bin
3,17,LN_PRICE,SMALLEST,0.08843035011350486,11.30833473707216,0.4971255971086527,0.10477964825208591,0.21889673747703714,outputViewer0000000118_heading.xml,00000001189_lightTableData.bin
3,17,LN_PRICE,SMALL,-0.18723394655154502,0.10363493674157925,-0.06579391642045837,-1.8066682186377512,0.07218664954445432,outputViewer0000000118_heading.xml,00000001189_lightTableData.bin
3,17,LN_PRICE,LARGEST,0.4111520029183675,0.614144997638913,1.6282799727173727,0.05629833727548387,0.07371912922793447,outputViewer0000000118_heading.xml,00000001189_lightTableData.bin
3,17,LN_PRICE,THREE_PLUS_BATHS,0.5994724086761326,-0.020691172201682116,-0.5073441896972789,0.6124406964353963,0.5770899180069421,outputViewer0000000118_heading.xml,00000001189_lightTableData.bin
3,17,LN_PRICE,POWDER_ROOM,-1.9615560973858739,0.05104196780255554,0.736055813042097,1.3585926261040306,-0.19959958666705582,outputViewer0000000118_heading.xml,00000001189_lightTableData.bin
3,17,LN_PRICE,EXCELLENT,0.3944893724063516,2.5349225351752445,-1.2481235235778874,0.7288148511681459,-0.08491233301356291,outputViewer0000000118_heading.xml,00000001189_lightTableData.bin
3,17,LN_PRICE,GOOD,-1.245423879511128,0.5060765702459259,-0.0847286708425643,-2.460939614149533,0.01461668090686748,outputViewer0000000118_heading.xml,00000001189_lightTableData.bin
3,17,LN_PRICE,QABOVE_AVG,0.6115504943040733,0.03196670886795018,0.7683381528760166,0.4431255177726028,0.5453930268740179,outputViewer0000000118_heading.xml,00000001189_lightTableData.bin
3,17,LN_PRICE,QBELOW_AVG,-2.755030906883619,0.006338464826211696,0.7920926870101812,1.2624785159607799,-1.4370716964156414,outputViewer0000000118_heading.xml,00000001189_lightTableData.bin
3,17,LN_PRICE,EXT_BRICK,0.14800700576258602,6.756436932479214,0.28716826436611337,0.1549212249441921,0.1489137709803966,outputViewer0000000118_heading.xml,00000001189_lightTableData.bin
3,17,LN_PRICE,EXT_BRICK_SIDING,0.2489833938636831,0.13329319882404952,0.12911265168378258,1.8679377197057716,0.06305928008559884,outputViewer0000000118_heading.xml,00000001189_lightTableData.bin
3,17,LN_PRICE,YB_PRE_1910,0.23612031978873696,2.072485529688863,0.0394469717691189,0.07496513525186325,13.339534393425177,outputViewer0000000118_heading.xml,00000001189_lightTableData.bin
3,17,LN_PRICE,YB_1930_TO_1945,0.03313158705468096,0.08989380605876054,11.124236961847336,0.37814229148978273,0.18392960772029077,outputViewer0000000118_heading.xml,00000001189_lightTableData.bin
3,17,LN_PRICE,YB_1946_TO_1960,4.691072933045271,0.5795790924908311,0.12096467931726153,0.31560863671586376,4.791308469232851,outputViewer0000000118_heading.xml,00000001189_lightTableData.bin
3,17,LN_PRICE,YB_1961_TO_1990,0.10993224201248568,0.1428812084586602,2.5218619645415608,0.012381542607023493,0.28996707346153816,outputViewer0000000118_heading.xml,00000001189_lightTableData.bin
3,17,LN_PRICE,CRAWL,2.7666102082872217,0.006116756577585444,0.3108528082158526,3.2169566224591146,0.2932825282711396,outputViewer0000000118_heading.xml,00000001189_lightTableData.bin
3,17,LN_PRICE,FIREPLACE,0.1333725145324013,1.6369099738572603,0.10312587298653118,0.1439658122820964,6.946093549213837,outputViewer0000000118_heading.xml,00000001189_lightTableData.bin
3,17,LN_PRICE,HOT_WATER,0.13175364240975537,0.16644263889634955,6.008075855026186,0.2979180771302512,0.21877058453358555,outputViewer0000000118_heading.xml,00000001189_lightTableData.bin
3,17,LN_PRICE,CENTRAL_AIR,1.428087430597814,1.6950889475809003,0.5463675548194091,0.11532028239640597,3.102469999597941,outputViewer0000000118_heading.xml,00000001189_lightTableData.bin
3,17,LN_PRICE,ECF5R501,0.5117158441876694,0.11806319860957959,3.391348929964523,0.0008220331874732784,0.7600822336386543,outputViewer0000000118_heading.xml,00000001189_lightTableData.bin
3,17,LN_PRICE,ECF5R502,3.5826513251166654,0.00041240737345243797,0.8685201955343694,1.1513837043072277,0.5693566276201347,outputViewer0000000118_heading.xml,00000001189_lightTableData.bin
3,17,LN_PRICE,ECF5R503,0.7175125055698862,1.3937039316210207,0.5800128446988033,0.11994877248240181,0.1737870859654938,outputViewer0000000118_heading.xml,00000001189_lightTableData.bin
3,17,LN_PRICE,ECF5R504,0.553146021879494,0.11304265385968934,0.16573708002236054,4.893250494331717,1.8421413331960085e-06,outputViewer0000000118_heading.xml,00000001189_lightTableData.bin
3,17,LN_PRICE,ECF5R505_506_516,-0.27658563618084797,-7.966802911096586,9.1105914622254e-14,0.780334264232234,1.28150210215861,outputViewer0000000118_heading.xml,00000001189_lightTableData.bin
3,17,LN_PRICE,ECF5R508_509,7.439159403226532e-15,0.8402778336127782,1.1900825655491776,-0.5496133288301775,0.06599344165191742,outputViewer0000000118_heading.xml,00000001189_lightTableData.bin
3,17,LN_PRICE,ECF5R510,1.2672508932613538,,,,,outputViewer0000000118_heading.xml,00000001189_lightTableData.bin
3,17,LN_PRICE,ECF5R512_513,0.3006395022010309,0.7639868331779098,0.47289400534341236,2.1146387746526982,0.08954560704524185,outputViewer0000000118_heading.xml,00000001189_lightTableData.bin
3,17,LN_PRICE,ECF5R514,0.8079944917138955,1.2376321995448605,-0.38517401592209877,0.1080593889743634,-0.12027879815639879,outputViewer0000000118_heading.xml,00000001189_lightTableData.bin
3,17,LN_PRICE,ECF5R517_521,-0.11763156870857538,0.13853215028128932,-0.05665677956858716,-0.8491282959928411,0.396790835066118,outputViewer0000000118_heading.xml,00000001189_lightTableData.bin
3,17,LN_PRICE,ECF5R523,-0.07331384209194335,-1.2879759215741697,0.199101299782534,0.2863078197581958,3.492744280769419,outputViewer0000000118_heading.xml,00000001189_lightTableData.bin
3,17,LN_PRICE,ECF5R531_537,-0.45586304202646627,0.6489507106917175,0.4758948776974845,2.1013043990687312,-0.03579976751576802,outputViewer0000000118_heading.xml,00000001189_lightTableData.bin
3,17,LN_PRICE,ECF5R533,0.314039203825967,3.184315804577622,-0.13968373495720302,0.11193037774795378,-0.06727811817585892,outputViewer0000000118_heading.xml,00000001189_lightTableData.bin
3,17,LN_PRICE,ECF5R534,-0.22536402972884265,0.09688113098821283,-0.09775116970445,-2.326191152292203,0.020957484313681777,outputViewer0000000118_heading.xml,00000001189_lightTableData.bin
3,17,LN_PRICE,ECF5R539,0.5226717057322088,0.5296516984895007,1.8880332166438303,0.07846256511532555,0.12225398706637865,outputViewer0000000118_heading.xml,00000001189_lightTableData.bin
3,17,LN_PRICE,MONTHS_1TO9,1.7586673341154806,-0.21126811808029264,0.08472444675263557,-0.0916370979364122,-2.4935910021002363,outputViewer0000000118_heading.xml,00000001189_lightTableData.bin
3,17,LN_PRICE,MONTHS_17TO24,1.2220789818183628,0.22299749839471847,0.8839514227146877,1.1312838854073197,0.6161092876463288,outputViewer0000000118_heading.xml,00000001189_lightTableData.bin
3,18,LN_PRICE,(Constant),7.0001464505429025,2.7283258517150148e-11,,,0.06836385863376086,outputViewer0000000118_heading.xml,00000001189_lightTableData.bin
3,18,LN_PRICE,LN_LANDRATIO,0.42449184677219004,2.355757849306032,11.168385046521534,0.21333503640704046,0.2169256765615279,outputViewer0000000118_heading.xml,00000001189_lightTableData.bin
3,18,LN_PRICE,LN_BASE_BLDGSIZE_RATIO,11.3719330664132,0.15233380465638,0.22508667657434106,74.65140841236729,3.231496108589909e-163,outputViewer0000000118_heading.xml,00000001189_lightTableData.bin
3,18,LN_PRICE,ARTERIAL,0.1900827507087589,3.39185976170913,0.0008281203246479677,0.30563188132837393,3.271909971085739,outputViewer0000000118_heading.xml,00000001189_lightTableData.bin
3,18,LN_PRICE,SINGLE_FAMILY1STORY,9.950757650616554e-05,0.3656760863466518,2.734660639120998,0.46690783483079834,0.11230265510558304,outputViewer0000000118_heading.xml,00000001189_lightTableData.bin
3,18,LN_PRICE,HALF_DUPLEX2STORY,23.377667163741123,0.3015669302180203,0.40527547948371057,0.10920350547521203,0.7441035677810883,outputViewer0000000118_heading.xml,00000001189_lightTableData.bin
3,18,LN_PRICE,ROW_HOUSE2STORY,0.29543586455791965,0.1119159498426248,1.046106510504597,0.29664442719788214,0.08063192166969764,outputViewer0000000118_heading.xml,00000001189_lightTableData.bin
3,18,LN_PRICE,SMALLEST,4.744486218474742,3.6140424511412038e-06,0.43265959741527316,2.3112858375823455,0.47754504405759707,outputViewer0000000118_heading.xml,00000001189_lightTableData.bin
3,18,LN_PRICE,SMALL,0.7043912366691496,1.4196655891528318,-0.19373737815630826,0.10244885830634855,-0.06807921907700502,outputViewer0000000118_heading.xml,00000001189_lightTableData.bin
3,18,LN_PRICE,LARGEST,0.029446098151084215,0.7636869543237995,0.4458871711412098,0.6350031315990193,1.5747953832634993,outputViewer0000000118_heading.xml,00000001189_lightTableData.bin
3,18,LN_PRICE,THREE_PLUS_BATHS,1.7328322134852658,-0.3522922038907563,0.5755403884971027,-0.023967141368429833,-0.6121068319995578,outputViewer0000000118_heading.xml,00000001189_lightTableData.bin
3,18,LN_PRICE,POWDER_ROOM,0.10043980063426014,-0.07013919625475064,-1.9872559026065226,0.048096098862231575,0.7366075466841824,outputViewer0000000118_heading.xml,00000001189_lightTableData.bin
3,18,LN_PRICE,EXCELLENT,-1.7125385433315368,0.08828057954791334,0.39580584464175295,2.5264912419499717,-1.2420993953187247,outputViewer0000000118_heading.xml,00000001189_lightTableData.bin
3,18,LN_PRICE,GOOD,0.7785388649795377,1.2844573918943443,-1.2663120778153636,0.5048841607790597,-0.08614973664010506,outputViewer0000000118_heading.xml,00000001189_lightTableData.bin
3,18,LN_PRICE,QABOVE_AVG,1.8335401274409642,0.46050414122228733,0.6100225106250932,0.03132901532173673,0.7548969639667992,outputViewer0000000118_heading.xml,00000001189_lightTableData.bin
3,18,LN_PRICE,QBELOW_AVG,0.49623118499698715,-0.09776685411762125,-2.895972159477173,0.004142570091991245,0.8062772863548471,outputViewer0000000118_heading.xml,00000001189_lightTableData.bin
3,18,LN_PRICE,EXT_BRICK,1.8536405484113694,0.0651733824388235,0.1480893338958086,6.75268078863513,0.28181669764392725,outputViewer0000000118_heading.xml,00000001189_lightTableData.bin
3,18,LN_PRICE,EXT_BRICK_SIDING,0.19206017718606938,5.2067014341614,0.22023879176377736,0.13068555527623715,0.1142068712575347,outputViewer0000000118_heading.xml,00000001189_lightTableData.bin
3,18,LN_PRICE,YB_PRE_1910,0.43111906470366623,0.20780360409976104,0.2347650252333678,2.074646715447232,0.03923811909542508,outputViewer0000000118_heading.xml,00000001189_lightTableData.bin
3,18,LN_PRICE,YB_1930_TO_1945,0.20591662923657159,2.0559076712915036,0.04095076976016599,0.09182672448552447,10.890075907669337,outputViewer0000000118_heading.xml,00000001189_lightTableData.bin
3,18,LN_PRICE,YB_1946_TO_1960,2.917215002690102e-06,0.21361474261589064,4.681324836264418,0.2636052137965587,0.1591619452148645,outputViewer0000000118_heading.xml,00000001189_lightTableData.bin
3,18,LN_PRICE,YB_1961_TO_1990,3.4486674230363676,0.27183702571870216,0.10922679419621582,0.1400997394669139,2.4887393951192243,outputViewer0000000118_heading.xml,00000001189_lightTableData.bin
3,18,LN_PRICE,CRAWL,0.1055011169230667,0.15115235201073493,2.7798997472700355,0.00587782596044634,0.31090559457578065,outputViewer0000000118_heading.xml,00000001189_lightTableData.bin
3,18,LN_PRICE,FIREPLACE,0.3979589481880102,0.2423263267438265,0.13351766150802097,1.6422439671968023,0.10200808069277392,outputViewer0000000118_heading.xml,00000001189_lightTableData.bin
3,18,LN_PRICE,HOT_WATER,0.09995333729901487,1.3617830649646363,0.17461038234940776,0.17045491208213198,5.866654048187007,outputViewer0000000118_heading.xml,00000001189_lightTableData.bin
3,18,LN_PRICE,CENTRAL_AIR,0.0021829695043853697,0.7009822200180535,1.4265697066813554,1.6924309574563592,0.5447786010228791,outputViewer0000000118_heading.xml,00000001189_lightTableData.bin
3,18,LN_PRICE,ECF5R501,1.315647117829363,1.7509619482890297,0.511066087008789,0.11912143408770302,3.4260969232711345,outputViewer0000000118_heading.xml,00000001189_lightTableData.bin
3,18,LN_PRICE,ECF5R502,0.12911957386153664,0.17059420337600698,4.409529946487378,1.6640308760543097e-05,0.6563767652308827,outputViewer0000000118_heading.xml,00000001189_lightTableData.bin
3,18,LN_PRICE,ECF5R503,4.8355046299777635,2.4873427825174413e-06,0.7181882342144692,1.3923926240503888,0.5864382268111648,outputViewer0000000118_heading.xml,00000001189_lightTableData.bin
3,18,LN_PRICE,ECF5R504,0.8012270792226709,1.2480856250766927,0.5766686384908629,0.11055483482025626,0.1727850739289371,outputViewer0000000118_heading.xml,00000001189_lightTableData.bin
3,18,LN_PRICE,ECF5R505_506_516,-0.5526304762713878,0.06915400579447674,-0.27690129724054297,-7.991301008849525,7.692688473184474e-14,outputViewer0000000118_heading.xml,00000001189_lightTableData.bin
3,18,LN_PRICE,ECF5R508_509,-0.27538952386518745,-8.32830225356505,7.149655781131732e-15,0.8402851672072286,1.1900721790955797,outputViewer0000000118_heading.xml,00000001189_lightTableData.bin
3,18,LN_PRICE,ECF5R512_513,0.29906194217495824,0.013517665625890657,0.29942160608605817,0.764913108400456,0.4729821598776984,outputViewer0000000118_heading.xml,00000001189_lightTableData.bin
3,18,LN_PRICE,ECF5R514,-3.5644659809568195,0.00044517863585493697,0.8079994806331269,1.2376245578975207,-0.3753466785929927,outputViewer0000000118_heading.xml,00000001189_lightTableData.bin
3,18,LN_PRICE,ECF5R517_521,0.22066832747966295,4.5316879473433325,-0.11775598057673028,0.1375426612290001,-0.056716702052552595,outputViewer0000000118_heading.xml,00000001189_lightTableData.bin
3,18,LN_PRICE,ECF5R523,-0.14787331918904137,0.11786350417450221,-0.07122259901272647,-1.254614990659944,0.21093781759960184,outputViewer0000000118_heading.xml,00000001189_lightTableData.bin
3,18,LN_PRICE,ECF5R531_537,0.0813566673330297,-0.019610484592250992,-0.4400348329070973,0.6603539115321064,0.4771751562907208,outputViewer0000000118_heading.xml,00000001189_lightTableData.bin
3,18,LN_PRICE,ECF5R533,-1.2479519659242515,0.2133231736018562,0.3163782607640262,3.1607734285696063,-0.1479728011558568,outputViewer0000000118_heading.xml,00000001189_lightTableData.bin
3,18,LN_PRICE,ECF5R534,0.5459196934072246,1.8317712514797624,-0.2207941651977689,0.09543362967175391,-0.0957690006606997,outputViewer0000000118_heading.xml,00000001189_lightTableData.bin
3,18,LN_PRICE,ECF5R539,0.027571706661170634,0.6417996418613633,0.5217099325347301,0.5297561145996017,1.8876610810916572,outputViewer0000000118_heading.xml,00000001189_lightTableData.bin
3,18,LN_PRICE,MONTHS_1TO9,0.013375578825810244,0.6852302513948322,1.4593634737585401,-0.20997698817101962,0.08458329947334116,outputViewer0000000118_heading.xml,00000001189_lightTableData.bin
3,18,LN_PRICE,MONTHS_17TO24,0.4742788572500245,0.04191514382759681,1.2990443875543367,0.19529469296851584,0.8972938113405584,outputViewer0000000118_heading.xml,00000001189_lightTableData.bin
3,19,LN_PRICE,(Constant),0.009549011543589263,,7.159260235647845,1.0512794974781403e-11,,outputViewer0000000118_heading.xml,00000001189_lightTableData.bin
3,19,LN_PRICE,LN_LANDRATIO,52.351386976175824,1.0589116818424997e-124,0.42586910270176287,2.348139354688763,11.153649677514103,outputViewer0000000118_heading.xml,00000001189_lightTableData.bin
3,19,LN_PRICE,LN_BASE_BLDGSIZE_RATIO,0.8255146776226822,1.211365499738661,11.371599670200922,0.1522458796250357,0.22869725058857387,outputViewer0000000118_heading.xml,00000001189_lightTableData.bin
3,19,LN_PRICE,ARTERIAL,0.43472426817497745,0.12658168720323504,0.1914198837457908,3.434337760698352,0.0007138261952814197,outputViewer0000000118_heading.xml,00000001189_lightTableData.bin
3,19,LN_PRICE,SINGLE_FAMILY1STORY,0.20559110683771742,4.1575850044847815,4.560508449864884e-05,0.37525265011704584,2.66487125324255,outputViewer0000000118_heading.xml,00000001189_lightTableData.bin
3,19,LN_PRICE,HALF_DUPLEX2STORY,0.4576495886574238,0.04517900426895545,22.134175291843373,0.30241387841887113,0.4042695441087029,outputViewer0000000118_heading.xml,00000001189_lightTableData.bin
3,19,LN_PRICE,ROW_HOUSE2STORY,12.402036058329625,0.3130880440940484,0.2951192541499435,0.11337553462088723,1.0608865388870066,outputViewer0000000118_heading.xml,00000001189_lightTableData.bin
3,19,LN_PRICE,SMALLEST,0.10438546243383673,0.2102749340418474,4.574823284039981,7.673216214559885e-06,0.4387269889058752,outputViewer0000000118_heading.xml,00000001189_lightTableData.bin
3,19,LN_PRICE,SMALL,-1.8910642964608104,0.05992973610935985,0.7181906574083041,1.3923879260816983,-0.19316366735799947,outputViewer0000000118_heading.xml,00000001189_lightTableData.bin
3,19,LN_PRICE,LARGEST,0.057060533971456884,0.07356005190961504,0.029844755017453643,0.7757000231806321,0.43877067873729225,outputViewer0000000118_heading.xml,00000001189_lightTableData.bin
3,19,LN_PRICE,THREE_PLUS_BATHS,0.5411199295812739,0.6233966142312772,1.6041152248366313,-0.34150883399449905,0.5730942618474842,outputViewer0000000118_heading.xml,00000001189_lightTableData.bin
3,19,LN_PRICE,POWDER_ROOM,1.357575013318111,-0.19192696804721518,0.10022963692355984,-0.06744304185808585,-1.914872426342204,outputViewer0000000118_heading.xml,00000001189_lightTableData.bin
3,19,LN_PRICE,EXCELLENT,0.725548310480821,-0.0845024995514132,-1.7119458172200623,0.08838292455228827,0.39750640910085894,outputViewer0000000118_heading.xml,00000001189_lightTableData.bin
3,19,LN_PRICE,GOOD,-2.508123993950187,0.012846162889937646,0.7807910333894285,1.2807524129202423,,outputViewer0000000118_heading.xml,00000001189_lightTableData.bin
3,19,LN_PRICE,FAIR,,,0.45894458589150755,0.649633459054863,0.031222915661648087,outputViewer0000000118_heading.xml,00000001189_lightTableData.bin
3,19,LN_PRICE,QABOVE_AVG,0.45112931572926684,0.5460766945713817,1.8312446034433036,0.46419879643491396,0.6089057665241335,outputViewer0000000118_heading.xml,00000001189_lightTableData.bin
3,19,LN_PRICE,QBELOW_AVG,1.240268102455133,-1.4420065682855687,0.4961654880249134,-0.09810258329480825,-2.906301633404141,outputViewer0000000118_heading.xml,00000001189_lightTableData.bin
3,19,LN_PRICE,EXT_BRICK,0.15347720424034536,0.14613866634613962,1.8362120879046129,0.06771362233594962,0.15024271234459535,outputViewer0000000118_heading.xml,00000001189_lightTableData.bin
3,19,LN_PRICE,EXT_BRICK_SIDING,1.6852573438452831,0.09330706584316673,0.1999568331570853,5.001079404045192,0.212530331150796,outputViewer0000000118_heading.xml,00000001189_lightTableData.bin
3,19,LN_PRICE,YB_PRE_1910,0.07563533363149945,13.221333892332238,0.4330558615492288,0.20687495551835164,0.23581970408556133,outputViewer0000000118_heading.xml,00000001189_lightTableData.bin
3,19,LN_PRICE,YB_1930_TO_1945,0.37774167247886514,0.1838137506162829,0.20569847295468302,2.055024018673189,0.04103165772296402,outputViewer0000000118_heading.xml,00000001189_lightTableData.bin
3,19,LN_PRICE,YB_1946_TO_1960,0.1358572169386313,1.656207540318124,0.0991948512241297,0.14600281676104843,6.849182928002157,outputViewer0000000118_heading.xml,00000001189_lightTableData.bin
3,19,LN_PRICE,YB_1961_TO_1990,0.013557688768475129,0.2927344743402436,3.416065027030967,0.2708506186715069,0.10908375344817922,outputViewer0000000118_heading.xml,00000001189_lightTableData.bin
3,19,LN_PRICE,CRAWL,3.2164104392024964,0.29648895173932305,0.10545105528180433,0.15280488293924044,2.811626217935843,outputViewer0000000118_heading.xml,00000001189_lightTableData.bin
3,19,LN_PRICE,FIREPLACE,0.1439713000498345,6.9458287843053315,0.3841581942689518,0.2382949975907148,0.1288874241463276,outputViewer0000000118_heading.xml,00000001189_lightTableData.bin
3,19,LN_PRICE,HOT_WATER,0.3069401002175888,0.21877113165383022,0.10298028123425614,1.4030192096060994,0.16196548213557826,outputViewer0000000118_heading.xml,00000001189_lightTableData.bin
3,19,LN_PRICE,CENTRAL_AIR,0.11513945402618599,3.106639934605805,0.002152478327014404,0.7018032866229317,1.4249007080203158,outputViewer0000000118_heading.xml,00000001189_lightTableData.bin
3,19,LN_PRICE,ECF5R501,0.0007277857419662062,0.7610615064521529,1.3139542487987717,1.7735205205877471,0.5098734322430061,outputViewer0000000118_heading.xml,00000001189_lightTableData.bin
3,19,LN_PRICE,ECF5R502,1.5235152323654337,0.5693100366303309,0.12871031769693966,0.17058024349145567,4.4231888073714805,outputViewer0000000118_heading.xml,00000001189_lightTableData.bin
3,19,LN_PRICE,ECF5R503,0.11942673742285338,0.1757122992495237,4.910443335103153,1.7609714547606228e-06,0.7227129252229705,outputViewer0000000118_heading.xml,00000001189_lightTableData.bin
3,19,LN_PRICE,ECF5R504,5.216132242686899,3.9952047542330704e-07,0.8376756215149261,1.19377951836716,0.585748583304033,outputViewer0000000118_heading.xml,00000001189_lightTableData.bin
3,19,LN_PRICE,ECF5R505_506_516,0.7806073777293284,1.2810537390882115,-0.5507796409056103,0.06895448202356791,-0.27597391676522,outputViewer0000000118_heading.xml,00000001189_lightTableData.bin
3,19,LN_PRICE,ECF5R508_509,-0.5423959081071967,0.06561204941429118,-0.27177315950104997,-8.266711876081951,1.0495388897980519e-14,outputViewer0000000118_heading.xml,00000001189_lightTableData.bin
3,19,LN_PRICE,ECF5R512_513,2.114244647744379,0.09088704166362237,0.29838318691078025,0.013720166510396365,0.30459840115186704,outputViewer0000000118_heading.xml,00000001189_lightTableData.bin
3,19,LN_PRICE,ECF5R514,0.10726904159211735,-0.11721000256230177,-3.4991146841809297,0.0005621173930027743,0.8186320943136682,outputViewer0000000118_heading.xml,00000001189_lightTableData.bin
3,19,LN_PRICE,ECF5R517_521,-0.8561415020222256,0.39290471897564994,0.2227786137524581,4.488761210764856,-0.11956464142594327,outputViewer0000000118_heading.xml,00000001189_lightTableData.bin
3,19,LN_PRICE,ECF5R523,0.2871534556538408,3.4824585263061745,-0.1295972293918052,0.11401642685177692,-0.06241999268531268,outputViewer0000000118_heading.xml,00000001189_lightTableData.bin
3,19,LN_PRICE,ECF5R531_537,2.09566652164671,-0.035167801120082394,0.08118474459236831,-0.019264304487590957,-0.4331823829299613,outputViewer0000000118_heading.xml,00000001189_lightTableData.bin
3,19,LN_PRICE,ECF5R533,0.11168318148286988,-0.07127051410836609,-1.324933613021698,0.18650796685314325,0.31794064254972826,outputViewer0000000118_heading.xml,00000001189_lightTableData.bin
3,19,LN_PRICE,ECF5R534,-2.3135886789300097,0.0216486038146057,0.5601839802219802,1.7851278067675853,-0.22199741112477675,outputViewer0000000118_heading.xml,00000001189_lightTableData.bin
3,19,LN_PRICE,ECF5R539,0.08023193733254565,0.12072636501739678,0.02819346318513736,0.6645767668146403,0.5070538154151609,outputViewer0000000118_heading.xml,00000001189_lightTableData.bin
3,19,LN_PRICE,MONTHS_1TO9,-0.09107707307785917,-2.4824875534348227,0.0137844459169643,0.6856385046490914,1.4584945174743333,outputViewer0000000118_heading.xml,00000001189_lightTableData.bin
3,19,LN_PRICE,MONTHS_17TO24,1.1144621609570653,0.6184583925495674,0.47339275939823366,0.042074958120060256,1.3064382170435769,outputViewer0000000118_heading.xml,00000001189_lightTableData.bin
3,20,LN_PRICE,(Constant),,0.06868744387187287,0.009544339600465955,,7.196668051136775,outputViewer0000000118_heading.xml,00000001189_lightTableData.bin
3,20,LN_PRICE,LN_LANDRATIO,0.2102110074206627,0.2053945635839249,53.059303670021585,3.040479095143781e-126,0.6649388549301172,outputViewer0000000118_heading.xml,00000001189_lightTableData.bin
3,20,LN_PRICE,LN_BASE_BLDGSIZE_RATIO,74.69233123555055,9.198516085342431e-164,0.8342634638431755,1.1986621053657691,11.400936031531876,outputViewer0000000118_heading.xml,00000001189_lightTableData.bin
3,20,LN_PRICE,ARTERIAL,0.3076481970068656,3.2504659859185967,0.438821483118166,0.1255130000020421,0.19322398916507,outputViewer0000000118_heading.xml,00000001189_lightTableData.bin
3,20,LN_PRICE,SINGLE_FAMILY1STORY,0.4801515230338952,0.11168100697260139,0.21142263141959772,4.299312264901859,2.5400095630666293e-05,outputViewer0000000118_heading.xml,00000001189_lightTableData.bin
3,20,LN_PRICE,HALF_DUPLEX2STORY,0.10951020260683045,0.7480501136577231,0.45526683213105457,0.04519136270320026,22.128122282295866,outputViewer0000000118_heading.xml,00000001189_lightTableData.bin
3,20,LN_PRICE,ROW_HOUSE2STORY,0.28988397798322313,0.0806573411657812,12.398127505153232,0.2763072444248254,0.2917272239957312,outputViewer0000000118_heading.xml,00000001189_lightTableData.bin
3,20,LN_PRICE,SMALLEST,2.2793218226529954,-0.17264320299061825,0.10879582440365648,-0.06066673633350936,-1.5868550464774633,outputViewer0000000118_heading.xml,00000001189_lightTableData.bin
3,20,LN_PRICE,SMALL,0.10226972908292659,-0.06787761738559886,-1.8887667845621308,0.06023268850313901,0.7182790106203654,outputViewer0000000118_heading.xml,00000001189_lightTableData.bin
3,20,LN_PRICE,LARGEST,0.6353650873700302,1.573898251380643,0.051542150588047404,0.07255133985369655,0.026958437825738833,outputViewer0000000118_heading.xml,00000001189_lightTableData.bin
3,20,LN_PRICE,THREE_PLUS_BATHS,-0.023233527204172568,-0.5959034258929358,0.5518694807408888,0.6260362486176856,1.5973515945890389,outputViewer0000000118_heading.xml,00000001189_lightTableData.bin
3,20,LN_PRICE,POWDER_ROOM,0.05676023636379372,0.7402759707812064,1.3508475750532727,-0.18501366206573894,0.10011190750078315,outputViewer0000000118_heading.xml,00000001189_lightTableData.bin
3,20,LN_PRICE,EXCELLENT,2.515682708769284,-1.2700675120143747,0.6967692723138678,-0.08640522631984673,-1.8227949516152862,outputViewer0000000118_heading.xml,00000001189_lightTableData.bin
3,20,LN_PRICE,FAIR,0.7064669768691034,0.4806922056899282,0.5029606017231539,1.98822730164943,,outputViewer0000000118_heading.xml,00000001189_lightTableData.bin
3,20,LN_PRICE,QABOVE_AVG,0.031580370085795284,0.762349154754664,0.44667569227444315,0.5461614830353515,1.8309603131337493,outputViewer0000000118_heading.xml,00000001189_lightTableData.bin
3,20,LN_PRICE,QBELOW_AVG,0.004011385425488945,0.806360147759323,1.2401406527576477,-1.5105509128850936,0.4915646183737384,outputViewer0000000118_heading.xml,00000001189_lightTableData.bin
3,20,LN_PRICE,EXT_BRICK,6.6558968777561,0.2743969122701634,0.15155201812462704,0.1422910677185151,1.8105790715668086,outputViewer0000000118_heading.xml,00000001189_lightTableData.bin
3,20,LN_PRICE,EXT_BRICK_SIDING,0.13059640336796524,0.1102095774031224,1.6273827277767805,0.10503094025711854,0.20049303789398407,outputViewer0000000118_heading.xml,00000001189_lightTableData.bin
3,20,LN_PRICE,YB_PRE_1910,2.0933218352320706,0.037515241781913636,0.07596153198889302,13.164558083770855,0.4395786095316601,outputViewer0000000118_heading.xml,00000001189_lightTableData.bin
3,20,LN_PRICE,YB_1930_TO_1945,0.09182733113136843,10.890003963737085,0.4087451560965215,0.17951642345746724,0.2225813580083152,outputViewer0000000118_heading.xml,00000001189_lightTableData.bin
3,20,LN_PRICE,YB_1946_TO_1960,0.26339502216534055,0.15714435248401268,0.135748888087203,1.6761341912821044,0.09521432376948992,outputViewer0000000118_heading.xml,00000001189_lightTableData.bin
3,20,LN_PRICE,YB_1961_TO_1990,0.13959136364888464,2.482960203603333,0.013770027322552676,0.2927865724437521,3.4154571763775547,outputViewer0000000118_heading.xml,00000001189_lightTableData.bin
3,20,LN_PRICE,CRAWL,0.00534362254492851,0.31119444778599703,3.2134249409477977,0.3585040210148084,0.09227983036360231,outputViewer0000000118_heading.xml,00000001189_lightTableData.bin
3,20,LN_PRICE,FIREPLACE,1.6121118703833026,0.10840453232435039,0.1482687499302382,6.744509550869682,0.38075290305600956,outputViewer0000000118_heading.xml,00000001189_lightTableData.bin
3,20,LN_PRICE,HOT_WATER,0.1706780425503801,5.858984466058801,0.3403696621481533,0.21652504174282347,0.11419610375697987,outputViewer0000000118_heading.xml,00000001189_lightTableData.bin
3,20,LN_PRICE,CENTRAL_AIR,1.6817462964138508,0.5424068951709553,0.11441255522214956,3.1005252908589953,0.002194128262753025,outputViewer0000000118_heading.xml,00000001189_lightTableData.bin
3,20,LN_PRICE,ECF5R501,0.1206561387600805,3.4783544472709176,0.0006050844696827436,0.7633972450502179,1.3099339910955767,outputViewer0000000118_heading.xml,00000001189_lightTableData.bin
3,20,LN_PRICE,ECF5R502,1.567324734643995e-05,0.6573820357400463,1.5211854684685022,0.5673283060168602,0.12692932642093332,outputViewer0000000118_heading.xml,00000001189_lightTableData.bin
3,20,LN_PRICE,ECF5R503,1.3836752673151393,0.5879418956801442,0.11923904959342202,0.17616283794601184,4.930783142644059,outputViewer0000000118_heading.xml,00000001189_lightTableData.bin
3,20,LN_PRICE,ECF5R504,0.11040909508644678,0.17550566393695283,5.305256626235463,2.580704217532693e-07,0.8415444497923605,outputViewer0000000118_heading.xml,00000001189_lightTableData.bin
3,20,LN_PRICE,ECF5R505_506_516,-7.987582891527771,7.752300267848882e-14,0.7825701774407606,1.277840670175166,-0.548117121336544,outputViewer0000000118_heading.xml,00000001189_lightTableData.bin
3,20,LN_PRICE,ECF5R508_509,0.8501825408591197,1.176217990773473,-0.5403506741377411,0.06558556887521812,-0.2707483735661089,outputViewer0000000118_heading.xml,00000001189_lightTableData.bin
3,20,LN_PRICE,ECF5R512_513,0.7609708382399816,0.4730910911602123,2.113757833713571,0.08576499863180923,0.2972374564389589,outputViewer0000000118_heading.xml,00000001189_lightTableData.bin
3,20,LN_PRICE,ECF5R514,1.2215499574792368,-0.3687645117559524,0.10694878953038334,-0.115154580639489,-3.448047550376334,outputViewer0000000118_heading.xml,00000001189_lightTableData.bin
3,20,LN_PRICE,ECF5R517_521,0.13606801531257362,-0.05758783639321639,-0.8787123200943364,0.38056638530628284,0.22655567599030166,outputViewer0000000118_heading.xml,00000001189_lightTableData.bin
3,20,LN_PRICE,ECF5R523,-1.1366540153050364,0.25690290620208317,0.3060189525682268,3.267771461890258,-0.12732448476247368,outputViewer0000000118_heading.xml,00000001189_lightTableData.bin
3,20,LN_PRICE,ECF5R531_537,0.6653145336627992,0.4773484735870181,2.0949056199667626,-0.16979813713049058,0.19305217202725128,outputViewer0000000118_heading.xml,00000001189_lightTableData.bin
3,20,LN_PRICE,ECF5R533,3.1452411745176385,-0.11373668467730472,0.10423899379928271,-0.054780824088034044,-1.0911145678968301,outputViewer0000000118_heading.xml,00000001189_lightTableData.bin
3,20,LN_PRICE,ECF5R534,0.09514166846932313,-0.09629090602842252,-2.3333352746105787,0.020562981867867314,0.5612110422649044,outputViewer0000000118_heading.xml,00000001189_lightTableData.bin
3,20,LN_PRICE,ECF5R539,0.5406752588936327,1.8495390413207913,0.08048190648867795,0.1204270120606495,0.028281302223245406,outputViewer0000000118_heading.xml,00000001189_lightTableData.bin
3,20,LN_PRICE,MONTHS_1TO9,-0.20799543853744365,0.08446669802233449,-0.09021758012886225,-2.4624549486052594,0.014553313814807364,outputViewer0000000118_heading.xml,00000001189_lightTableData.bin
3,20,LN_PRICE,MONTHS_17TO24,0.19276771678715887,0.8974012281569341,1.114328762457548,0.6316044231109946,0.47187880745958277,outputViewer0000000118_heading.xml,00000001189_lightTableData.bin
4,1,LN_TASP,(Constant),,-1.6758492469559185,0.09516918719070336,,,outputViewer0000000138_heading.xml,00000001389_lightTableData.bin
4,1,LN_TASP,LN_LANDRATIO,0.010469044526742083,,,-0.7851671237586269,0.2818758838446307,outputViewer0000000138_heading.xml,00000001389_lightTableData.bin
4,1,LN_TASP,LN_BASE_BLDGSIZE_RATIO,2.1522711229833273,11.680214938316887,0.17695898576466595,-0.07102726073039316,66.00520955658143,outputViewer0000000138_heading.xml,00000001389_lightTableData.bin
4,1,LN_TASP,ARTERIAL,0.10782860719994962,-0.0851406302840161,108.85313940546084,2.374316463857677e-204,0.8220986486053631,outputViewer0000000138_heading.xml,00000001389_lightTableData.bin
4,1,LN_TASP,SINGLE_FAMILY1STORY,3.7056354140276047,0.00026653269725043864,0.35459393398890704,2.8201272050843476,0.43763938216763465,outputViewer0000000138_heading.xml,00000001389_lightTableData.bin
4,1,LN_TASP,ROW_HOUSE2STORY,0.2954158946384531,0.30937994453352463,0.1083461126247582,0.9548643984789441,0.3406942915814659,outputViewer0000000138_heading.xml,00000001389_lightTableData.bin
4,1,LN_TASP,SMALLEST,0.21126487830097695,4.528296816742931,9.474125023457164e-06,0.4312845719061532,2.3186547007241387,outputViewer0000000138_heading.xml,00000001389_lightTableData.bin
4,1,LN_TASP,SMALL,0.08341990337612337,0.6987154434481346,1.431197792144163,-0.18250639184423503,0.103959573522058,outputViewer0000000138_heading.xml,00000001389_lightTableData.bin
4,1,LN_TASP,LARGEST,0.06829363254387757,0.02497972628798791,0.6904761216207788,0.4906326828933365,0.7368744793010674,outputViewer0000000138_heading.xml,00000001389_lightTableData.bin
4,1,LN_TASP,THREE_PLUS_BATHS,0.6261814412979877,1.596981216701565,-0.33772216027334084,0.5679942470904213,-0.023270160271621713,outputViewer0000000138_heading.xml,00000001389_lightTableData.bin
4,1,LN_TASP,POWDER_ROOM,-0.19794443629439432,0.09967756766171065,-0.07044838757806476,-1.9858473770767093,0.04823773824917231,outputViewer0000000138_heading.xml,00000001389_lightTableData.bin
4,1,LN_TASP,EXCELLENT,-0.09410772242548743,-2.0828035123882693,0.03845730480976533,0.47847152437921764,2.089988534422039,outputViewer0000000138_heading.xml,00000001389_lightTableData.bin
4,1,LN_TASP,QBEST,0.7348526363243405,0.46324517802774934,0.5171077959791084,1.9338327671246343,0.47067164188372,outputViewer0000000138_heading.xml,00000001389_lightTableData.bin
4,1,LN_TASP,QABOVE_AVG,0.5491599716113396,1.8209630193289768,-1.2801695103713426,0.49888855802811083,-0.08820786192139046,outputViewer0000000138_heading.xml,00000001389_lightTableData.bin
4,1,LN_TASP,QBELOW_AVG,0.2756122803684053,0.15649901925651116,0.14475167349927726,1.7611118694402834,0.07967485099861786,outputViewer0000000138_heading.xml,00000001389_lightTableData.bin
4,1,LN_TASP,EXT_BRICK,0.13317731691169332,1.7708700812284563,0.07794224623417201,0.1666734179003112,5.9997569654334955,outputViewer0000000138_heading.xml,00000001389_lightTableData.bin
4,1,LN_TASP,EXT_BRICK_SIDING,0.007364581467936536,0.27585002208618864,3.6251583104370844,0.3058409581702251,0.11150350037529656,outputViewer0000000138_heading.xml,00000001389_lightTableData.bin
4,1,LN_TASP,YB_PRE_1910,11.460454986222068,0.39459077084951905,0.1858583715667556,0.2176254603628116,2.123072356241925,outputViewer0000000138_heading.xml,00000001389_lightTableData.bin
4,1,LN_TASP,YB_1930_TO_1945,0.12036279366038403,0.31624895961655336,4.764025380952008,3.3087456460719533e-06,0.21338297650843432,outputViewer0000000138_heading.xml,00000001389_lightTableData.bin
4,1,LN_TASP,YB_1946_TO_1960,2.5396189374309297,0.011784471167489097,0.29059944987702785,3.441162742817191,0.27284130507188553,outputViewer0000000138_heading.xml,00000001389_lightTableData.bin
4,1,LN_TASP,YB_1961_TO_1990,0.44142917202373916,2.2653690860879987,0.3328678858069914,0.08840459758296458,0.17375096541060486,outputViewer0000000138_heading.xml,00000001389_lightTableData.bin
4,1,LN_TASP,LN_GARAGESPACES,0.11861300071374666,0.14979723647034962,6.675690577228617,0.3577671509764707,0.2339061678678845,outputViewer0000000138_heading.xml,00000001389_lightTableData.bin
4,1,LN_TASP,FIREPLACE,2.4503124554868188,0.5036618057147104,0.13916408327548005,0.1711457314755456,3.6191939317970045,outputViewer0000000138_heading.xml,00000001389_lightTableData.bin
4,1,LN_TASP,HOT_WATER,0.5213212311136781,0.1195227673320677,3.3274030613732313,0.0010295405528633695,0.7474481680064595,outputViewer0000000138_heading.xml,00000001389_lightTableData.bin
4,1,LN_TASP,CENTRAL_AIR,3.30182835263321,0.0011128682084178062,0.7895517829238834,1.2665413740144829,1.7870639199722829,outputViewer0000000138_heading.xml,00000001389_lightTableData.bin
4,1,LN_TASP,ECF5R501,0.7011095424907137,1.4263106396291065,0.5743220999763332,0.12229426571793207,0.17428580987339282,outputViewer0000000138_heading.xml,00000001389_lightTableData.bin
4,1,LN_TASP,ECF5R502,0.5695551207385757,0.11557981512945208,0.1728392055425888,4.927807853825175,1.5905318746135484e-06,outputViewer0000000138_heading.xml,00000001389_lightTableData.bin
4,1,LN_TASP,ECF5R503,-0.2824558652821382,-7.952678579587951,1.0433397802449336e-13,0.7743471150350474,1.2914105064558024,outputViewer0000000138_heading.xml,00000001389_lightTableData.bin
4,1,LN_TASP,ECF5R504,2.138060451460411e-14,0.8152405679073138,1.226631793566107,-0.5516181674900632,0.06661643477594702,outputViewer0000000138_heading.xml,00000001389_lightTableData.bin
4,1,LN_TASP,ECF5R505_506_516,1.3060087524786943,-0.38433194958725325,0.11317596272437187,-0.12155286454851884,-3.3958796579734267,outputViewer0000000138_heading.xml,00000001389_lightTableData.bin
4,1,LN_TASP,ECF5R510,0.2609109466223621,0.7944156532182838,0.4684855381261502,2.134537608140057,0.0747115794837504,outputViewer0000000138_heading.xml,00000001389_lightTableData.bin
4,1,LN_TASP,ECF5R511_518,0.814362066469007,1.227955035204305,-0.3844521864929781,0.10739936857421754,-0.12159089193690276,outputViewer0000000138_heading.xml,00000001389_lightTableData.bin
4,1,LN_TASP,ECF5R512_513,-0.1226998919388379,0.13661908605626652,-0.05985477291636913,-0.8981167674354372,0.37015185328506517,outputViewer0000000138_heading.xml,00000001389_lightTableData.bin
4,1,LN_TASP,ECF5R514,-0.06395948459848635,-1.1543085788808187,0.24960369254211093,0.30703465573097527,3.2569613277668665,outputViewer0000000138_heading.xml,00000001389_lightTableData.bin
4,1,LN_TASP,ECF5R529,-0.8780893491797929,0.38084886080973135,0.5228154327092829,1.9127208904639599,-0.16343303858511243,outputViewer0000000138_heading.xml,00000001389_lightTableData.bin
4,1,LN_TASP,ECF5R530_532_535,0.8414112841456194,1.1884794259865599,-0.3934589751935219,0.10552393575276449,-0.12443947365931766,outputViewer0000000138_heading.xml,00000001389_lightTableData.bin
4,1,LN_TASP,ECF5R531_537,-0.2156111023300622,0.08459809292570071,-0.09471856155954018,-2.548652042539839,0.011495376950194576,outputViewer0000000138_heading.xml,00000001389_lightTableData.bin
4,1,LN_TASP,ECF5R534,0.5109359057871113,0.5618364940787057,1.77987726062507,0.07916138825946656,0.1158322625107734,outputViewer0000000138_heading.xml,00000001389_lightTableData.bin
4,1,LN_TASP,ECF5R538,1.388193921086066,-0.1892659581170105,0.08149834417701884,-0.08314506586765819,-2.322328877086319,outputViewer0000000138_heading.xml,00000001389_lightTableData.bin
4,1,LN_TASP,ECF5R539,0.5006002578405435,0.04648328531743934,1.347615291945633,0.17918743704171583,0.8106059145389733,outputViewer0000000138_heading.xml,00000001389_lightTableData.bin
4,2,LN_TASP,(Constant),-0.6413462132028876,0.3749583354002933,,-1.7104466087364276,0.08856785385093936,outputViewer0000000138_heading.xml,00000001389_lightTableData.bin
4,2,LN_TASP,LN_LANDRATIO,,-2.7855065607223395,0.005774776424455453,,,outputViewer0000000138_heading.xml,00000001389_lightTableData.bin
4,2,LN_TASP,LN_BASE_BLDGSIZE_RATIO,2.4594347630381036e-148,0.4658634430576693,2.146551773705519,11.685908470123774,0.17650008379650178,outputViewer0000000138_heading.xml,00000001389_lightTableData.bin
4,2,LN_TASP,ARTERIAL,1.2163990315474122,11.765412222828465,0.10602660029732514,-0.08713192699395682,110.96660828353737,outputViewer0000000138_heading.xml,00000001389_lightTableData.bin
4,2,LN_TASP,SINGLE_FAMILY1STORY,0.11494114831366745,0.19517139673607306,3.807508351781411,0.00018164834262879555,0.3605717711805458,outputViewer0000000138_heading.xml,00000001389_lightTableData.bin
4,2,LN_TASP,ROW_HOUSE2STORY,0.07410906847692697,13.493625281652795,0.3209099813126875,0.30326794749991015,0.11769627027098935,outputViewer0000000138_heading.xml,00000001389_lightTableData.bin
4,2,LN_TASP,SMALLEST,0.4745927739370017,0.10463179367875457,0.21165127807134115,4.535837122262461,9.15099580333647e-06,outputViewer0000000138_heading.xml,00000001389_lightTableData.bin
4,2,LN_TASP,SMALL,-0.06495399046727811,-1.755551563565342,0.08056308870161037,0.6992442993539563,1.430115341553613,outputViewer0000000138_heading.xml,00000001389_lightTableData.bin
4,2,LN_TASP,LARGEST,1.3570832320702837,0.049262060371845884,0.06795198810826095,0.026095845338554087,0.724953923251836,outputViewer0000000138_heading.xml,00000001389_lightTableData.bin
4,2,LN_TASP,THREE_PLUS_BATHS,-0.5945872902821452,0.5527416780646317,0.6321984750724953,1.581781733790687,-0.33287779744253526,outputViewer0000000138_heading.xml,00000001389_lightTableData.bin
4,2,LN_TASP,POWDER_ROOM,0.746264867514042,1.3400068039263333,-0.2108087022040961,0.09866344363358723,-0.0750267773912854,outputViewer0000000138_heading.xml,00000001389_lightTableData.bin
4,2,LN_TASP,EXCELLENT,-1.3458974213201407,0.6491476048440146,-0.09273672973645918,-2.073330335469003,0.039333196309127905,outputViewer0000000138_heading.xml,00000001389_lightTableData.bin
4,2,LN_TASP,QBEST,0.632165425950787,0.032430813936156294,0.7445387276215277,0.45737513080822834,0.5195356415176158,outputViewer0000000138_heading.xml,00000001389_lightTableData.bin
4,2,LN_TASP,QABOVE_AVG,-2.566043036607805,0.010933036576547397,0.795155189769025,1.2576161394236487,-1.2702036094972764,outputViewer0000000138_heading.xml,00000001389_lightTableData.bin
4,2,LN_TASP,QBELOW_AVG,0.14728998090263165,6.789328057969303,0.2757318045484129,0.1561195991834317,0.14481444764365356,outputViewer0000000138_heading.xml,00000001389_lightTableData.bin
4,2,LN_TASP,EXT_BRICK,0.23290766243157934,0.14027457918005032,0.12232319206789824,1.6603697105562458,0.09823303097048754,outputViewer0000000138_heading.xml,00000001389_lightTableData.bin
4,2,LN_TASP,EXT_BRICK_SIDING,0.16062778647085832,2.74288212603937,0.006551546249764132,0.27612913210141654,3.6214940176349106,outputViewer0000000138_heading.xml,00000001389_lightTableData.bin
4,2,LN_TASP,YB_PRE_1910,0.03484999864882995,0.08995268247833259,11.116955853327394,0.3973905593751771,0.18556065782381914,outputViewer0000000138_heading.xml,00000001389_lightTableData.bin
4,2,LN_TASP,YB_1930_TO_1945,4.686409461349291,0.5728786877569285,0.1205735033422152,0.3159551549741902,4.751281764874723,outputViewer0000000138_heading.xml,00000001389_lightTableData.bin
4,2,LN_TASP,YB_1946_TO_1960,0.10883741002057745,0.14241818505620998,2.5068706157221174,0.012896990973896806,0.293545400543453,outputViewer0000000138_heading.xml,00000001389_lightTableData.bin
4,2,LN_TASP,YB_1961_TO_1990,3.765277993541079,0.00021006926626545693,0.441429376298462,2.2653680377716268,0.32529973766050374,outputViewer0000000138_heading.xml,00000001389_lightTableData.bin
4,2,LN_TASP,LN_GARAGESPACES,0.12157030780784037,1.5295327790524347,0.12757552971652875,0.15152209755537685,6.599697444358104,outputViewer0000000138_heading.xml,00000001389_lightTableData.bin
4,2,LN_TASP,FIREPLACE,0.00036245650178280014,0.41955984929849627,2.3834501839773257,0.5029375581344868,0.13920190326166945,outputViewer0000000138_heading.xml,00000001389_lightTableData.bin
4,2,LN_TASP,HOT_WATER,1.337885411729791,1.7422107745246902,0.5199573592035743,0.12004401463416753,3.35068009652418,outputViewer0000000138_heading.xml,00000001389_lightTableData.bin
4,2,LN_TASP,CENTRAL_AIR,0.4789025401505162,0.123134542902751,3.731581627047999,0.00023934648475357916,0.8614775014944023,outputViewer0000000138_heading.xml,00000001389_lightTableData.bin
4,2,LN_TASP,ECF5R501,4.696230821655933,4.710092997523367e-06,0.7030654574176363,1.4223426701590576,0.5752575004844745,outputViewer0000000138_heading.xml,00000001389_lightTableData.bin
4,2,LN_TASP,ECF5R502,0.7634250111408748,1.3098863482420935,0.5588102752976991,0.11495295910620837,0.16957853685213659,outputViewer0000000138_heading.xml,00000001389_lightTableData.bin
4,2,LN_TASP,ECF5R503,-0.556728415506443,0.06983168907857808,-0.28252713008882335,-7.9724323276784075,9.077784992659309e-14,outputViewer0000000138_heading.xml,00000001389_lightTableData.bin
4,2,LN_TASP,ECF5R504,-0.2799337943331901,-8.280511698732251,1.0231577388643813e-14,0.8206481590156357,1.2185490078957786,outputViewer0000000138_heading.xml,00000001389_lightTableData.bin
4,2,LN_TASP,ECF5R505_506_516,0.0008160204625206177,0.7657769754570923,1.3058632370124472,-0.3803976433666138,0.11172145464779763,outputViewer0000000138_heading.xml,00000001389_lightTableData.bin
4,2,LN_TASP,ECF5R510,0.29717250956235536,0.011422783441255871,0.2514081117186035,0.8017421231964453,0.4774975460100915,outputViewer0000000138_heading.xml,00000001389_lightTableData.bin
4,2,LN_TASP,ECF5R511_518,-3.579650342425479,0.0004210496908291323,0.8143624539656359,1.2279544509086584,-0.37431307829264127,outputViewer0000000138_heading.xml,00000001389_lightTableData.bin
4,2,LN_TASP,ECF5R512_513,0.22403431235923094,4.463601978952831,-0.12184170028437433,0.13571367208683505,-0.05943613467810364,outputViewer0000000138_heading.xml,00000001389_lightTableData.bin
4,2,LN_TASP,ECF5R514,-0.12684437826055184,0.11332366059582455,-0.06187651298248784,-1.119310632869068,0.26420111942911123,outputViewer0000000138_heading.xml,00000001389_lightTableData.bin
4,2,LN_TASP,ECF5R529,0.18979637817819914,-0.03662904859726593,-0.8610967193044419,0.3901138487870597,0.5235943199157348,outputViewer0000000138_heading.xml,00000001389_lightTableData.bin
4,2,LN_TASP,ECF5R530_532_535,-3.7286230122743897,0.00024110924532867929,0.8439218125635589,1.1849438954093703,-0.3894859532061349,outputViewer0000000138_heading.xml,00000001389_lightTableData.bin
4,2,LN_TASP,ECF5R531_537,0.6908209910061216,1.4475530029039587,-0.21572759662213634,0.08444265096336567,-0.09476973782855376,outputViewer0000000138_heading.xml,00000001389_lightTableData.bin
4,2,LN_TASP,ECF5R534,0.02817352316498777,0.683413986255374,0.49506768200662454,0.5632469311584313,1.775420236987883,outputViewer0000000138_heading.xml,00000001389_lightTableData.bin
4,2,LN_TASP,ECF5R538,0.021077983962186846,0.7319422824417908,1.3662279444547965,-0.184294209683252,0.08138744827328703,outputViewer0000000138_heading.xml,00000001389_lightTableData.bin
4,2,LN_TASP,ECF5R539,1.2336450821096503,0.6430445580123793,0.49318923726148894,0.044307871045924284,1.3038495356934097,outputViewer0000000138_heading.xml,00000001389_lightTableData.bin
4,3,LN_TASP,(Constant),,,-0.6413654538067158,0.37457716080249076,,outputViewer0000000138_heading.xml,00000001389_lightTableData.bin
4,3,LN_TASP,LN_LANDRATIO,11.580674939692573,0.27939560991671186,0.2823313831817017,41.44902256390065,4.585482013636277e-103,outputViewer0000000138_heading.xml,00000001389_lightTableData.bin
4,3,LN_TASP,LN_BASE_BLDGSIZE_RATIO,-0.07488979908790754,66.20908171124272,4.5207472122591225e-149,0.47329127633840073,2.112863790214898,outputViewer0000000138_heading.xml,00000001389_lightTableData.bin
4,3,LN_TASP,ARTERIAL,6.09301640586545e-207,0.8247447163617294,1.2124964005970114,11.770511927367933,0.10614907364740452,outputViewer0000000138_heading.xml,00000001389_lightTableData.bin
4,3,LN_TASP,SINGLE_FAMILY1STORY,2.7733729590808127,0.43632233664027775,0.11478769369286533,0.19458404188270936,3.801124690315104,outputViewer0000000138_heading.xml,00000001389_lightTableData.bin
4,3,LN_TASP,ROW_HOUSE2STORY,1.0581730906883344,0.2911317702319589,0.07684392387878138,13.013390643318335,0.34443146392969654,outputViewer0000000138_heading.xml,00000001389_lightTableData.bin
4,3,LN_TASP,SMALLEST,0.43131167360455064,2.318509006822878,0.4707850793739539,0.10462354881196904,0.20995318348366138,outputViewer0000000138_heading.xml,00000001389_lightTableData.bin
4,3,LN_TASP,SMALL,-0.1894005189148478,0.10300919931084798,-0.0674076089926335,-1.838675770532874,0.06731087344886798,outputViewer0000000138_heading.xml,00000001389_lightTableData.bin
4,3,LN_TASP,LARGEST,0.46925770884238394,0.7414186910013663,1.348765565445068,0.045574881020810726,0.06734897745860931,outputViewer0000000138_heading.xml,00000001389_lightTableData.bin
4,3,LN_TASP,THREE_PLUS_BATHS,0.5666898693022373,-0.022936367844747816,-0.5874073553713007,0.5575408622463277,0.6325589551953974,outputViewer0000000138_heading.xml,00000001389_lightTableData.bin
4,3,LN_TASP,POWDER_ROOM,-2.136644479864193,0.033678229135448795,0.7611887506956834,1.3137346014192364,-0.20947708282914365,outputViewer0000000138_heading.xml,00000001389_lightTableData.bin
4,3,LN_TASP,EXCELLENT,0.4861134339544792,2.0571330272959343,-1.3417074028209,0.6475353057061368,-0.09244802377194834,outputViewer0000000138_heading.xml,00000001389_lightTableData.bin
4,3,LN_TASP,QBEST,1.9247957600731675,0.47292857170724906,0.6301560722994297,0.03258632377499191,0.7504943497275842,outputViewer0000000138_heading.xml,00000001389_lightTableData.bin
4,3,LN_TASP,QABOVE_AVG,0.498343572022605,-0.08752117878989883,-2.5488511958566202,0.011467756744377933,0.7956477288108972,outputViewer0000000138_heading.xml,00000001389_lightTableData.bin
4,3,LN_TASP,QBELOW_AVG,1.7661575227620434,0.07881548131367293,0.1473085631006753,6.788471620054895,0.27479990461966197,outputViewer0000000138_heading.xml,00000001389_lightTableData.bin
4,3,LN_TASP,EXT_BRICK,0.1733253234423836,5.769497382951186,0.22634970629489815,0.13997691261464767,0.1188789510338972,outputViewer0000000138_heading.xml,00000001389_lightTableData.bin
4,3,LN_TASP,EXT_BRICK_SIDING,0.42338690807483575,0.21054514412217165,0.23350716131298443,2.0109079686452414,0.04561378075983618,outputViewer0000000138_heading.xml,00000001389_lightTableData.bin
4,3,LN_TASP,YB_PRE_1910,0.21916960511182096,2.141566881879025,0.03330789390870621,0.09000281565672578,11.110763510044382,outputViewer0000000138_heading.xml,00000001389_lightTableData.bin
4,3,LN_TASP,YB_1930_TO_1945,3.497270985441911e-06,0.21338525246270343,4.686359476387831,0.5804291342587432,0.12066030220595218,outputViewer0000000138_heading.xml,00000001389_lightTableData.bin
4,3,LN_TASP,YB_1946_TO_1960,3.4066280655348633,0.28125104940419626,0.108010900741691,0.14680791821731948,2.6039135631024,outputViewer0000000138_heading.xml,00000001389_lightTableData.bin
4,3,LN_TASP,YB_1961_TO_1990,0.08811943080708992,0.1698005301091196,3.6915778356835545,0.00027660137823250745,0.4444427465261781,outputViewer0000000138_heading.xml,00000001389_lightTableData.bin
4,3,LN_TASP,LN_GARAGESPACES,0.3592391233873175,0.2335139724803567,0.12207048827042025,1.538405259314994,0.12538656822229455,outputViewer0000000138_heading.xml,00000001389_lightTableData.bin
4,3,LN_TASP,FIREPLACE,0.1708996300628906,3.613007770368434,0.0003704334016224221,0.41956988090044567,2.383393197466615,outputViewer0000000138_heading.xml,00000001389_lightTableData.bin
4,3,LN_TASP,HOT_WATER,0.0009500119649549692,0.7484630593781285,1.3360712829713528,1.738435227729672,0.5189515927360243,outputViewer0000000138_heading.xml,00000001389_lightTableData.bin
4,3,LN_TASP,CENTRAL_AIR,1.1607964204117962,1.790221948610487,0.47893917108407896,0.123352141394049,3.7378900217293127,outputViewer0000000138_heading.xml,00000001389_lightTableData.bin
4,3,LN_TASP,ECF5R501,0.12202023022510024,0.17456966981039357,4.714443657607039,4.3328763222244145e-06,0.703387840863819,outputViewer0000000138_heading.xml,00000001389_lightTableData.bin
4,3,LN_TASP,ECF5R502,4.861208268517891,2.1558025919918853e-06,0.771271182436918,1.2965608242231839,0.5674317639556891,outputViewer0000000138_heading.xml,00000001389_lightTableData.bin
4,3,LN_TASP,ECF5R503,0.7744003490650088,1.291321731979298,-0.5562099902188731,0.06965107692888736,-0.2822640409333517,outputViewer0000000138_heading.xml,00000001389_lightTableData.bin
4,3,LN_TASP,ECF5R504,-0.5407477418453833,0.06598214487513823,-0.27441729818409094,-8.195364713721736,1.743735332997275e-14,outputViewer0000000138_heading.xml,00000001389_lightTableData.bin
4,3,LN_TASP,ECF5R505_506_516,-0.12030855948451528,-3.4048754965267776,0.0007903231481973834,0.7823830584650466,1.2781462854805354,outputViewer0000000138_heading.xml,00000001389_lightTableData.bin
4,3,LN_TASP,ECF5R510,2.0942516005702485,0.07462232280825384,0.2964775791736175,0.011409136832765877,0.25169634417634984,outputViewer0000000138_heading.xml,00000001389_lightTableData.bin
4,3,LN_TASP,ECF5R511_518,0.10657082584789611,-0.11838419094042855,-3.512340974319576,0.0005358231400898358,0.825779505305198,outputViewer0000000138_heading.xml,00000001389_lightTableData.bin
4,3,LN_TASP,ECF5R512_513,-0.897785008767688,0.37032345118136567,0.2259625612800977,4.425511882742488,-0.12341247050324404,outputViewer0000000138_heading.xml,00000001389_lightTableData.bin
4,3,LN_TASP,ECF5R514,0.30783615256710994,3.248481348473177,-0.12104508111680949,0.1130492284409792,-0.059047532384963984,outputViewer0000000138_heading.xml,00000001389_lightTableData.bin
4,3,LN_TASP,ECF5R517_521,-0.16466386498475596,0.20742476170160012,-0.036904904693423994,-0.7938486400270779,0.42817965878695663,outputViewer0000000138_heading.xml,00000001389_lightTableData.bin
4,3,LN_TASP,ECF5R529,1.9098755696221763,-0.1640863134852767,0.18956720929573131,-0.036775462310629205,-0.865583842769434,outputViewer0000000138_heading.xml,00000001389_lightTableData.bin
4,3,LN_TASP,ECF5R530_532_535,0.10547272014211168,-0.12318292393973339,-3.6927648465058063,0.00027538346148675027,0.8450300153418913,outputViewer0000000138_heading.xml,00000001389_lightTableData.bin
4,3,LN_TASP,ECF5R531_537,-2.554723166089692,0.011299515861058748,0.690827856759881,1.4475386164799395,-0.215908881300131,outputViewer0000000138_heading.xml,00000001389_lightTableData.bin
4,3,LN_TASP,ECF5R534,0.07339462410383804,0.11515492671913335,0.02612113288864377,0.6373554844322895,0.5245560402267351,outputViewer0000000138_heading.xml,00000001389_lightTableData.bin
4,3,LN_TASP,ECF5R538,-0.08096096284609572,-2.26440579712512,0.024465093934680243,0.7343548132817862,1.361739559561218,outputViewer0000000138_heading.xml,00000001389_lightTableData.bin
4,3,LN_TASP,ECF5R539,0.19366000764648322,0.8319144121785785,1.2020467314434988,0.5880148885547548,0.4773885126668888,outputViewer0000000138_heading.xml,00000001389_lightTableData.bin
4,4,LN_TASP,(Constant),-1.7122385476804305,0.08823047988846541,,,-0.46269981822481465,outputViewer0000000138_heading.xml,00000001389_lightTableData.bin
4,4,LN_TASP,LN_LANDRATIO,0.005434662931750882,0.8405199645972178,11.579135037712778,0.2778187408349035,-0.06369632529446688,outputViewer0000000138_heading.xml,00000001389_lightTableData.bin
4,4,LN_TASP,LN_BASE_BLDGSIZE_RATIO,11.726304761128397,0.1675964230930002,-0.07624809652898351,69.96751210269805,1.1438750118054787e-154,outputViewer0000000138_heading.xml,00000001389_lightTableData.bin
4,4,LN_TASP,ARTERIAL,-0.0933466159326854,110.88661938271882,1.620972040866156e-207,0.8402430613092062,1.1901318154795257,outputViewer0000000138_heading.xml,00000001389_lightTableData.bin
4,4,LN_TASP,SINGLE_FAMILY1STORY,0.00018589235613056455,0.3606730773693025,2.7725939715097563,0.44454496114392555,0.11391152334253211,outputViewer0000000138_heading.xml,00000001389_lightTableData.bin
4,4,LN_TASP,ROW_HOUSE2STORY,0.2990146810274787,0.1263229597991297,1.1518881372184002,0.2506060108177902,0.07877680447589853,outputViewer0000000138_heading.xml,00000001389_lightTableData.bin
4,4,LN_TASP,SMALLEST,4.499800329083232,1.068183057103537e-05,0.43178062419127633,2.315990908283568,0.47294873080476185,outputViewer0000000138_heading.xml,00000001389_lightTableData.bin
4,4,LN_TASP,SMALL,0.7099161898317569,1.4086169808819125,-0.19537452618533657,0.10191013654801798,-0.06953375705450499,outputViewer0000000138_heading.xml,00000001389_lightTableData.bin
4,4,LN_TASP,LARGEST,0.024142616802154595,0.6766974457603265,0.4993120395809876,0.7520276712956687,1.329738303747653,outputViewer0000000138_heading.xml,00000001389_lightTableData.bin
4,4,LN_TASP,THREE_PLUS_BATHS,1.5808803144540102,-0.3504858093218342,0.5638300121402133,-0.024149617393324302,-0.621616093104805,outputViewer0000000138_heading.xml,00000001389_lightTableData.bin
4,4,LN_TASP,POWDER_ROOM,0.09862557340862405,-0.07455285430665982,-2.123963142513162,0.03473171306694176,0.7613480752748318,outputViewer0000000138_heading.xml,00000001389_lightTableData.bin
4,4,LN_TASP,EXCELLENT,-2.072022005592064,0.03945073870044093,0.4864233482940924,2.055822368533589,-1.21022575090424,outputViewer0000000138_heading.xml,00000001389_lightTableData.bin
4,4,LN_TASP,QBEST,0.45378527081137077,0.5204179104100881,1.9215326375143436,0.4451256467123361,0.6179236659423671,outputViewer0000000138_heading.xml,00000001389_lightTableData.bin
4,4,LN_TASP,QABOVE_AVG,1.2568376227184224,-1.296055181623826,0.4972383999856309,-0.08930243657343102,-2.6065066206899528,outputViewer0000000138_heading.xml,00000001389_lightTableData.bin
4,4,LN_TASP,QBELOW_AVG,0.1554168373220706,0.1443250134499368,1.7681475788250254,0.07847450217982119,0.14794839779578778,outputViewer0000000138_heading.xml,00000001389_lightTableData.bin
4,4,LN_TASP,EXT_BRICK,1.6170502839852756,0.10726233853084602,0.1738504175047327,5.752071317129722,0.2595502453424718,outputViewer0000000138_heading.xml,00000001389_lightTableData.bin
4,4,LN_TASP,EXT_BRICK_SIDING,0.07379560304179339,13.55094285812205,0.42474492734711833,0.20910089655696398,0.23425613871221704,outputViewer0000000138_heading.xml,00000001389_lightTableData.bin
4,4,LN_TASP,YB_PRE_1910,0.3779196655781722,0.183482224517271,0.20843098034083118,2.0597072363410276,0.04057733562280294,outputViewer0000000138_heading.xml,00000001389_lightTableData.bin
4,4,LN_TASP,YB_1930_TO_1945,0.32011939174122,4.8104399180769715,2.6678773574468525e-06,0.2138380136854358,4.676437003717401,outputViewer0000000138_heading.xml,00000001389_lightTableData.bin
4,4,LN_TASP,YB_1946_TO_1960,0.009835734486033676,0.2973432612181882,3.3631164059447363,0.27992361730642806,0.1078479344088928,outputViewer0000000138_heading.xml,00000001389_lightTableData.bin
4,4,LN_TASP,YB_1961_TO_1990,2.250008595744062,0.3197805248688264,0.08817983778689228,0.1669196016935243,3.62645852946172,outputViewer0000000138_heading.xml,00000001389_lightTableData.bin
4,4,LN_TASP,LN_GARAGESPACES,0.15154261179622316,6.598804046908492,0.34574048712267114,0.23103592234132414,0.11748361280910359,outputViewer0000000138_heading.xml,00000001389_lightTableData.bin
4,4,LN_TASP,FIREPLACE,0.5008115577632414,0.13921416946813256,0.1701772090166138,3.597417990399906,0.0003917820498150161,outputViewer0000000138_heading.xml,00000001389_lightTableData.bin
4,4,LN_TASP,HOT_WATER,0.11978386712426775,3.349898626506314,0.0009518724524831228,0.7486521891879988,1.335733755196278,outputViewer0000000138_heading.xml,00000001389_lightTableData.bin
4,4,LN_TASP,CENTRAL_AIR,0.00023353302812978137,0.8615133393795007,1.160748132722174,1.7841398405611426,0.4790409551589395,outputViewer0000000138_heading.xml,00000001389_lightTableData.bin
4,4,LN_TASP,ECF5R501,1.4216907684555884,0.575490457418329,0.1217821689996991,0.1746403637430911,4.725572406414859,outputViewer0000000138_heading.xml,00000001389_lightTableData.bin
4,4,LN_TASP,ECF5R502,0.11454894268908673,0.1721948442049861,4.953618520040249,1.4036536437063337e-06,0.7762876585362335,outputViewer0000000138_heading.xml,00000001389_lightTableData.bin
4,4,LN_TASP,ECF5R503,-7.985662458410436,8.225103955112293e-14,0.7750536018883643,1.2902333432985402,-0.5541845973232361,outputViewer0000000138_heading.xml,00000001389_lightTableData.bin
4,4,LN_TASP,ECF5R504,0.8376391721940202,1.1938314649023751,-0.5423110889282441,0.0659388563046121,-0.2752106616129212,outputViewer0000000138_heading.xml,00000001389_lightTableData.bin
4,4,LN_TASP,ECF5R510,0.8015184601081109,0.4775032754821582,2.09422647203886,0.07152229843311261,0.29553942274074874,outputViewer0000000138_heading.xml,00000001389_lightTableData.bin
4,4,LN_TASP,ECF5R511_518,1.2109770145366012,-0.3672600883529134,0.10621858007239139,-0.11615353816298836,-3.457588004872724,outputViewer0000000138_heading.xml,00000001389_lightTableData.bin
4,4,LN_TASP,ECF5R512_513,0.13429059992847447,-0.06020237899395933,-0.918995600354572,0.35914229052388436,0.22969736641961322,outputViewer0000000138_heading.xml,00000001389_lightTableData.bin
4,4,LN_TASP,ECF5R514,-1.070728945133887,0.28543347220246884,0.3089542664352291,3.2367250063842237,,outputViewer0000000138_heading.xml,00000001389_lightTableData.bin
4,4,LN_TASP,ECF5R517_521,0.4604195312978056,2.1719321879791984,-0.16052029551772176,0.19780428980448903,-0.03597623685069095,outputViewer0000000138_heading.xml,00000001389_lightTableData.bin
4,4,LN_TASP,ECF5R529,0.38764867137498404,0.5236075906140433,1.9098271643222047,-0.17173191250590925,0.18893795745074657,outputViewer0000000138_heading.xml,00000001389_lightTableData.bin
4,4,LN_TASP,ECF5R530_532_535,1.1833899173337759,-0.3818747604443257,0.10550802790447249,-0.12077572806694055,-3.6193905622999334,outputViewer0000000138_heading.xml,00000001389_lightTableData.bin
4,4,LN_TASP,ECF5R531_537,0.08429817840759557,-0.09484937669569407,-2.561252038640456,0.011092435600713907,0.6908408436986125,outputViewer0000000138_heading.xml,00000001389_lightTableData.bin
4,4,LN_TASP,ECF5R534,0.5680598002411752,1.7603780439584713,0.0771030308509619,0.11463109553330667,0.027440954151161823,outputViewer0000000138_heading.xml,00000001389_lightTableData.bin
4,4,LN_TASP,ECF5R539,0.04051614702361894,1.2317323792938828,0.21937000923028968,0.8846874539094839,1.130342693999947,outputViewer0000000138_heading.xml,00000001389_lightTableData.bin
4,5,LN_TASP,(Constant),0.30996393682701356,,-1.4927537150331163,0.13689633936853587,,outputViewer0000000138_heading.xml,00000001389_lightTableData.bin
4,5,LN_TASP,LN_LANDRATIO,41.67873989679405,8.343229655753883e-104,0.3916392319570905,2.5533703429118253,11.59268913700279,outputViewer0000000138_heading.xml,00000001389_lightTableData.bin
4,5,LN_TASP,LN_BASE_BLDGSIZE_RATIO,0.47436702735507885,2.1080723202362632,11.726580474919743,0.16749360440263739,-0.07625038399772935,outputViewer0000000138_heading.xml,00000001389_lightTableData.bin
4,5,LN_TASP,ARTERIAL,0.43273844095374014,0.1285602817749611,0.19298575353070269,3.366035255828305,0.0009067140991800608,outputViewer0000000138_heading.xml,00000001389_lightTableData.bin
4,5,LN_TASP,SINGLE_FAMILY1STORY,0.1982510361583719,3.902546012023544,0.00012592730224598943,0.36527386080220625,2.7376719423717386,outputViewer0000000138_heading.xml,00000001389_lightTableData.bin
4,5,LN_TASP,ROW_HOUSE2STORY,12.694091955785616,0.3136288664290487,0.2952479209264698,0.11502586387941041,1.0622559693050526,outputViewer0000000138_heading.xml,00000001389_lightTableData.bin
4,5,LN_TASP,SMALLEST,0.10462070467576663,0.21091809406759743,4.520603567625475,9.742025034152461e-06,0.4319515303996186,outputViewer0000000138_heading.xml,00000001389_lightTableData.bin
4,5,LN_TASP,SMALL,-1.9171255461254346,0.05651149192292082,0.7226553538690641,1.3837854997490093,-0.19458367883549446,outputViewer0000000138_heading.xml,00000001389_lightTableData.bin
4,5,LN_TASP,LARGEST,0.0470872393181288,0.06718262830493393,0.02494376616386191,0.700884149759748,0.484115951670115,outputViewer0000000138_heading.xml,00000001389_lightTableData.bin
4,5,LN_TASP,THREE_PLUS_BATHS,0.5348438386582504,0.6365161843833784,1.571051961496854,-0.3368397166157752,0.5620201383388159,outputViewer0000000138_heading.xml,00000001389_lightTableData.bin
4,5,LN_TASP,POWDER_ROOM,1.3134596808943393,-0.20180472049627748,0.09834924296728356,-0.07182226199811305,-2.0519194089110475,outputViewer0000000138_heading.xml,00000001389_lightTableData.bin
4,5,LN_TASP,EXCELLENT,0.5317213487946942,-0.08338850836910386,-2.2760525859034613,0.023818681719404006,0.7184949345536902,outputViewer0000000138_heading.xml,00000001389_lightTableData.bin
4,5,LN_TASP,QBEST,0.030670611403236802,0.7203570137316158,0.47209129982891185,0.5388411202187302,1.8558346096416565,outputViewer0000000138_heading.xml,00000001389_lightTableData.bin
4,5,LN_TASP,QABOVE_AVG,0.009750097808965554,0.7984098467123767,1.2524895629953887,-1.3068847592907178,0.4973197328365303,outputViewer0000000138_heading.xml,00000001389_lightTableData.bin
4,5,LN_TASP,QBELOW_AVG,6.759113413180003,0.2750690254595739,0.1550234070592252,0.1444663558164624,1.7743709203506695,outputViewer0000000138_heading.xml,00000001389_lightTableData.bin
4,5,LN_TASP,EXT_BRICK,0.13362479605906236,0.1363158866515356,1.9423808529350362,0.053327962136871326,0.19047325870237816,outputViewer0000000138_heading.xml,00000001389_lightTableData.bin
4,5,LN_TASP,EXT_BRICK_SIDING,2.0312917559940153,0.043479404075213716,0.07446557673549944,13.429023769626927,0.4219964638460827,outputViewer0000000138_heading.xml,00000001389_lightTableData.bin
4,5,LN_TASP,YB_PRE_1910,0.09186635253895631,10.885378295344271,0.37745238167148776,0.18336918117175285,0.20817326302247274,outputViewer0000000138_heading.xml,00000001389_lightTableData.bin
4,5,LN_TASP,YB_1930_TO_1945,0.27023251794341513,0.1568791013585368,0.1410564457552751,1.722552689321037,0.08644165691765833,outputViewer0000000138_heading.xml,00000001389_lightTableData.bin
4,5,LN_TASP,YB_1946_TO_1960,0.146115022872534,2.595539903853239,0.010068449796093441,0.29745353989219614,3.3618695557041365,outputViewer0000000138_heading.xml,00000001389_lightTableData.bin
4,5,LN_TASP,YB_1961_TO_1990,0.0003514774253897659,0.4453941117726408,2.2452025600878787,0.3147914295361862,0.08826051042080191,outputViewer0000000138_heading.xml,00000001389_lightTableData.bin
4,5,LN_TASP,LN_GARAGESPACES,1.4964793509984418,0.13595551919457657,0.15424403520482913,6.483232876214922,0.3281734247403945,outputViewer0000000138_heading.xml,00000001389_lightTableData.bin
4,5,LN_TASP,FIREPLACE,0.4196595514537438,2.382883927068733,0.5140258764558852,0.13876332982500378,0.17466747254849757,outputViewer0000000138_heading.xml,00000001389_lightTableData.bin
4,5,LN_TASP,HOT_WATER,1.7364837138021219,0.5181040027850489,0.11964940143854066,3.3516122331958798,0.0009456074692184277,outputViewer0000000138_heading.xml,00000001389_lightTableData.bin
4,5,LN_TASP,CENTRAL_AIR,0.12293306427757252,3.724399388710279,0.0002454043449503345,0.861636003511692,1.160582886421169,outputViewer0000000138_heading.xml,00000001389_lightTableData.bin
4,5,LN_TASP,ECF5R501,4.112817268537413e-06,0.7034043507720308,1.421657399335726,0.5759576119080375,0.12155767327485595,outputViewer0000000138_heading.xml,00000001389_lightTableData.bin
4,5,LN_TASP,ECF5R502,1.288182272388045,0.5583571963759318,0.11421568271924254,0.16944104392470088,4.888621098982078,outputViewer0000000138_heading.xml,00000001389_lightTableData.bin
4,5,LN_TASP,ECF5R503,0.06928031229474829,-0.2812361996625123,-7.999164249801533,7.438931625829124e-14,0.7802222394546214,outputViewer0000000138_heading.xml,00000001389_lightTableData.bin
4,5,LN_TASP,ECF5R504,-8.224453976316724,1.4233085650594827e-14,0.8381930530314944,1.1930425769854547,-0.5416868820006084,outputViewer0000000138_heading.xml,00000001389_lightTableData.bin
4,5,LN_TASP,ECF5R510,0.010935168709691266,0.2420059488843658,0.80900730734523,0.4784219834340399,2.090204954258483,outputViewer0000000138_heading.xml,00000001389_lightTableData.bin
4,5,LN_TASP,ECF5R511_518,0.0006501457796673606,0.830455633763424,1.2041582468027123,-0.3720203961421403,0.1061661329713121,outputViewer0000000138_heading.xml,00000001389_lightTableData.bin
4,5,LN_TASP,ECF5R512_513,4.353554486006561,-0.12430162130706081,0.1335861948550755,-0.0606361195507757,-0.9304975071856242,outputViewer0000000138_heading.xml,00000001389_lightTableData.bin
4,5,LN_TASP,ECF5R517_521,-0.8115106890572545,0.417986947185087,0.5039064626448753,1.9844952865880259,-0.15975348856286056,outputViewer0000000138_heading.xml,00000001389_lightTableData.bin
4,5,LN_TASP,ECF5R528,-0.03334560022202592,0.08584729143513695,-0.018500065635079374,-0.3884292639240765,0.6980918921318222,outputViewer0000000138_heading.xml,00000001389_lightTableData.bin
4,5,LN_TASP,ECF5R529,-0.038489014359262955,-0.9089328307715897,0.36436248586258624,0.5257066416837504,1.9022015715783376,outputViewer0000000138_heading.xml,00000001389_lightTableData.bin
4,5,LN_TASP,ECF5R530_532_535,0.0003606981576328899,0.8474328414398176,1.1800345125885912,-0.3859016441503047,0.10565436199186196,outputViewer0000000138_heading.xml,00000001389_lightTableData.bin
4,5,LN_TASP,ECF5R531_537,1.4475114045750628,-0.21429537103443552,0.08416445845159447,-0.09414055711369373,-2.5461504176098666,outputViewer0000000138_heading.xml,00000001389_lightTableData.bin
4,5,LN_TASP,ECF5R534,0.6726188081187727,0.5018924912210299,0.5711643671111565,1.7508095000005248,0.07938498402919567,outputViewer0000000138_heading.xml,00000001389_lightTableData.bin
4,5,LN_TASP,ECF5R539,0.6196935759774913,0.47301967358585145,0.042698912089805426,1.3100799196780535,0.1915350376324974,outputViewer0000000138_heading.xml,00000001389_lightTableData.bin
4,6,LN_TASP,(Constant),,-0.5234096725099914,0.3003641145197064,,-1.7425839080242433,outputViewer0000000138_heading.xml,00000001389_lightTableData.bin
4,6,LN_TASP,LN_LANDRATIO,0.23372638112978153,-0.06375527160586608,49.599403717142664,1.262510309080497e-118,0.39175509592413377,outputViewer0000000138_heading.xml,00000001389_lightTableData.bin
4,6,LN_TASP,LN_BASE_BLDGSIZE_RATIO,70.01210892047108,3.3662667501202745e-155,0.47436702965634797,2.108072310009495,11.694157636170434,outputViewer0000000138_heading.xml,00000001389_lightTableData.bin
4,6,LN_TASP,ARTERIAL,0.3027145705466337,3.303441912935434,0.43260557932328814,0.12824187382677207,0.1929265020303932,outputViewer0000000138_heading.xml,00000001389_lightTableData.bin
4,6,LN_TASP,SINGLE_FAMILY1STORY,0.4439196016082346,0.11379256418539632,0.19797214833653443,3.9011301378619034,0.00012646812082644737,outputViewer0000000138_heading.xml,00000001389_lightTableData.bin
4,6,LN_TASP,ROW_HOUSE2STORY,0.2892685060439636,0.08060672692155778,12.405912486350518,0.30976648939710155,0.29479517899209895,outputViewer0000000138_heading.xml,00000001389_lightTableData.bin
4,6,LN_TASP,SMALLEST,2.3150745618955284,0.46022547604521485,0.10438157136490427,0.20524398085102566,4.409068286932825,outputViewer0000000138_heading.xml,00000001389_lightTableData.bin
4,6,LN_TASP,SMALL,0.10172423966582814,-0.0692522946317173,-1.9128545907515913,0.057053454772205185,0.722832903092934,outputViewer0000000138_heading.xml,00000001389_lightTableData.bin
4,6,LN_TASP,LARGEST,0.7533261508251654,1.3274462845935153,0.046787981566457935,0.06705603207064424,0.0247852388114731,outputViewer0000000138_heading.xml,00000001389_lightTableData.bin
4,6,LN_TASP,THREE_PLUS_BATHS,-0.023209357020435566,-0.599337450098114,0.5495673955273166,0.6383076394909725,1.5666426941050937,outputViewer0000000138_heading.xml,00000001389_lightTableData.bin
4,6,LN_TASP,POWDER_ROOM,0.041295373072773214,0.7657813683427845,1.3058557459606053,-0.19306157945588245,0.09803338104249228,outputViewer0000000138_heading.xml,00000001389_lightTableData.bin
4,6,LN_TASP,EXCELLENT,1.391798260374895,-1.198593551872598,0.5298718123844355,-0.08258701185031271,-2.2620443734851627,outputViewer0000000138_heading.xml,00000001389_lightTableData.bin
4,6,LN_TASP,QBEST,0.4517237437144906,0.6159688593148298,0.031125241844436078,0.7333548391017095,0.46414090709781075,outputViewer0000000138_heading.xml,00000001389_lightTableData.bin
4,6,LN_TASP,QABOVE_AVG,-0.09004862985781184,-2.6278562321199765,0.00917340237832839,0.7987342286817497,1.251980901895771,outputViewer0000000138_heading.xml,00000001389_lightTableData.bin
4,6,LN_TASP,QBELOW_AVG,0.07743026782811802,0.14800742553243057,6.756417770275219,0.2766324104454188,0.15454323145163118,outputViewer0000000138_heading.xml,00000001389_lightTableData.bin
4,6,LN_TASP,EXT_BRICK,5.250080808259487,0.24871591288838527,0.1329941012973558,0.13062569116430892,1.8701274001039492,outputViewer0000000138_heading.xml,00000001389_lightTableData.bin
4,6,LN_TASP,EXT_BRICK_SIDING,0.20641232837584275,0.23274030083943678,2.0444343957871394,0.0421465723233746,0.07606058012219234,outputViewer0000000138_heading.xml,00000001389_lightTableData.bin
4,6,LN_TASP,YB_PRE_1910,2.05842868065134,0.040695830434437814,0.09186717594931092,10.885280729123151,0.4084891822614641,outputViewer0000000138_heading.xml,00000001389_lightTableData.bin
4,6,LN_TASP,YB_1930_TO_1945,0.1483903506610455,6.738982659891468,0.27184182532048506,0.15471749307533397,0.14189647485489942,outputViewer0000000138_heading.xml,00000001389_lightTableData.bin
4,6,LN_TASP,YB_1946_TO_1960,0.274369385193169,0.10747473993595051,0.1432158150097697,2.5528732179922393,0.011345811619884974,outputViewer0000000138_heading.xml,00000001389_lightTableData.bin
4,6,LN_TASP,YB_1961_TO_1990,0.16431538492304731,3.5666169166181683,0.00043675786880254685,0.44616527014508023,2.241321920181794,outputViewer0000000138_heading.xml,00000001389_lightTableData.bin
4,6,LN_TASP,LN_GARAGESPACES,0.22790714789734923,0.11151427444121818,1.4399435373927185,0.1512920498074206,0.15796916924230245,outputViewer0000000138_heading.xml,00000001389_lightTableData.bin
4,6,LN_TASP,FIREPLACE,3.704335123004974,0.0002640097769821236,0.42278352823304605,2.3652766326524945,0.49768145209978165,outputViewer0000000138_heading.xml,00000001389_lightTableData.bin
4,6,LN_TASP,HOT_WATER,0.7486883797555578,1.3356691876618867,1.7178740537386288,0.5154031419056491,0.1183671350574202,outputViewer0000000138_heading.xml,00000001389_lightTableData.bin
4,6,LN_TASP,CENTRAL_AIR,1.7808607009870954,0.47912407639927806,0.12270712084709304,3.716909228128655,0.00025213911359021446,outputViewer0000000138_heading.xml,00000001389_lightTableData.bin
4,6,LN_TASP,ECF5R501,0.17478212809201343,4.738142779400942,3.8784247402439e-06,0.7034539465773045,1.4215571678367251,outputViewer0000000138_heading.xml,00000001389_lightTableData.bin
4,6,LN_TASP,ECF5R502,1.8912538309581205e-06,0.7809763332246079,1.2804485327629014,0.5806742375672013,0.11230633850717021,outputViewer0000000138_heading.xml,00000001389_lightTableData.bin
4,6,LN_TASP,ECF5R503,1.2816861009998948,-0.5528909416861837,0.0690682885297199,-0.2805796985674008,-8.004989749359089,outputViewer0000000138_heading.xml,00000001389_lightTableData.bin
4,6,LN_TASP,ECF5R504,0.06591705132333275,-0.27489389065793757,-8.217704996292314,1.4637049235763337e-14,0.83827935386141,outputViewer0000000138_heading.xml,00000001389_lightTableData.bin
4,6,LN_TASP,ECF5R510,-0.38034859217832784,0.11147640219806765,-0.1202930460398171,-3.4119202331497642,0.0007705932990687732,outputViewer0000000138_heading.xml,00000001389_lightTableData.bin
4,6,LN_TASP,ECF5R511_518,-0.11765908317046059,-3.5041343762861414,0.0005508617874204634,0.8318861528957405,1.202087565130236,outputViewer0000000138_heading.xml,00000001389_lightTableData.bin
4,6,LN_TASP,ECF5R512_513,0.35316694693475914,0.23104455833687806,4.328169454404265,-0.12590415533464322,0.13312296148977953,outputViewer0000000138_heading.xml,00000001389_lightTableData.bin
4,6,LN_TASP,ECF5R517_521,0.19716101024436636,-0.03580437803036005,-0.8102691722103575,0.4186940897375506,0.5048272880967355,outputViewer0000000138_heading.xml,00000001389_lightTableData.bin
4,6,LN_TASP,ECF5R528,0.43865577331294925,2.2796918696578334,-0.032988329700456544,0.08548401730266733,-0.018301852735791192,outputViewer0000000138_heading.xml,00000001389_lightTableData.bin
4,6,LN_TASP,ECF5R529,-0.1739165982830075,0.18872263911425768,-0.038978651963702496,-0.9215460270122324,0.35775247975472935,outputViewer0000000138_heading.xml,00000001389_lightTableData.bin
4,6,LN_TASP,ECF5R530_532_535,-0.12204931266013185,-3.652491358378832,0.00031912689734981813,0.8480998892660855,1.1791063914244386,outputViewer0000000138_heading.xml,00000001389_lightTableData.bin
4,6,LN_TASP,ECF5R531_537,0.011566350269855558,0.6913827164884734,1.4463769141915943,,,outputViewer0000000138_heading.xml,00000001389_lightTableData.bin
4,6,LN_TASP,ECF5R534,0.11434352683837466,0.028253100857301712,0.6942674082583343,0.4882404115396751,0.5720890706677969,outputViewer0000000138_heading.xml,00000001389_lightTableData.bin
4,6,LN_TASP,ECF5R539,0.8982072984479815,1.1133287401782492,0.6214560722731357,0.47213570685930945,0.04282035384312297,outputViewer0000000138_heading.xml,00000001389_lightTableData.bin
4,7,LN_TASP,(Constant),0.08276055811056901,,,-0.5449543165485915,0.299223245271527,outputViewer0000000138_heading.xml,00000001389_lightTableData.bin
4,7,LN_TASP,LN_LANDRATIO,2.552615168007048,11.592338940119747,0.23314640083456636,-0.06502786940490324,49.721286276022425,outputViewer0000000138_heading.xml,00000001389_lightTableData.bin
4,7,LN_TASP,LN_BASE_BLDGSIZE_RATIO,0.16242524138076037,-0.05500925970664161,71.99716950862806,2.620116403013258e-158,0.6919000104133975,outputViewer0000000138_heading.xml,00000001389_lightTableData.bin
4,7,LN_TASP,ARTERIAL,3.3733566612388066,0.0008834511392078244,0.30278450641284804,3.302678898095583,0.4337463300716973,outputViewer0000000138_heading.xml,00000001389_lightTableData.bin
4,7,LN_TASP,SINGLE_FAMILY1STORY,0.36529414456365855,2.7375199271110504,0.44527665179957726,0.11371179028628568,0.1985773438287076,outputViewer0000000138_heading.xml,00000001389_lightTableData.bin
4,7,LN_TASP,HALF_DUPLEX2STORY,0.28842646517781684,0.4231587211309868,0.10578268416586738,0.6816034995259752,0.4962406984382104,outputViewer0000000138_heading.xml,00000001389_lightTableData.bin
4,7,LN_TASP,ROW_HOUSE2STORY,0.1136093065969569,1.0507854655431927,0.2944894270703401,0.08064060137784988,12.400701171788098,outputViewer0000000138_heading.xml,00000001389_lightTableData.bin
4,7,LN_TASP,SMALLEST,1.5723332402826488e-05,0.4354582381764947,2.2964314653629128,0.4759626816609159,0.10392381464981405,outputViewer0000000138_heading.xml,00000001389_lightTableData.bin
4,7,LN_TASP,SMALL,1.3834456009419245,-0.20422301272471421,0.10062209824289904,-0.0726829317465295,-2.0296039964474337,outputViewer0000000138_heading.xml,00000001389_lightTableData.bin
4,7,LN_TASP,LARGEST,0.697744559611972,0.48607038908114775,0.7534045001541924,1.3273082385296866,,outputViewer0000000138_heading.xml,00000001389_lightTableData.bin
4,7,LN_TASP,THREE_PLUS_BATHS,-0.36277487033139366,0.5590698245190796,-0.024996373848538058,-0.6488900928313528,0.5170862078550241,outputViewer0000000138_heading.xml,00000001389_lightTableData.bin
4,7,LN_TASP,POWDER_ROOM,-0.06871057974932596,-1.969345312819523,0.050093301763323654,0.7711613948223272,1.2967454111605217,outputViewer0000000138_heading.xml,00000001389_lightTableData.bin
4,7,LN_TASP,EXCELLENT,0.024680677233421027,0.7207160526704164,1.3875089867844255,-1.2380462675657211,0.5218417872642052,outputViewer0000000138_heading.xml,00000001389_lightTableData.bin
4,7,LN_TASP,QBEST,0.5398921685309115,1.8522217181276728,0.467642282524596,0.6114879815963471,0.03222208117858392,outputViewer0000000138_heading.xml,00000001389_lightTableData.bin
4,7,LN_TASP,QABOVE_AVG,-1.406247520213101,0.49003254239555255,-0.09689504873012769,-2.8697023127047405,0.0044913093977584605,outputViewer0000000138_heading.xml,00000001389_lightTableData.bin
4,7,LN_TASP,QBELOW_AVG,0.14528744620010636,1.7900001691888978,0.07486765865685319,0.14827228600204917,6.74434870442464,outputViewer0000000138_heading.xml,00000001389_lightTableData.bin
4,7,LN_TASP,EXT_BRICK,0.0627476116872937,0.1920967514648631,5.20571010375942,0.22021762913081072,0.13040151326782873,outputViewer0000000138_heading.xml,00000001389_lightTableData.bin
4,7,LN_TASP,EXT_BRICK_SIDING,13.147414842136184,0.4233121030928052,0.20537374477538106,0.2334659047255159,2.0611792590907134,outputViewer0000000138_heading.xml,00000001389_lightTableData.bin
4,7,LN_TASP,YB_PRE_1910,0.1791078503672567,0.2252907389381936,2.280688319489436,0.02349479786065977,0.09613983632943358,outputViewer0000000138_heading.xml,00000001389_lightTableData.bin
4,7,LN_TASP,YB_1930_TO_1945,1.757020618141232,0.08036470474986174,0.15184601867838385,6.585618830863398,0.27073517893486665,outputViewer0000000138_heading.xml,00000001389_lightTableData.bin
4,7,LN_TASP,YB_1946_TO_1960,0.29891421120603406,3.3454414762191584,0.27863315218022167,0.10729213602403634,0.145441423612685,outputViewer0000000138_heading.xml,00000001389_lightTableData.bin
4,7,LN_TASP,YB_1961_TO_1990,0.3424827343195064,0.33308954150079584,0.1163766190284794,1.0282002033939217,0.30503848630444236,outputViewer0000000138_heading.xml,00000001389_lightTableData.bin
4,7,LN_TASP,LN_GARAGESPACES,6.330349173807079,0.35352709718538927,0.22460130641855539,0.12012952532376744,1.5740206627586326,outputViewer0000000138_heading.xml,00000001389_lightTableData.bin
4,7,LN_TASP,FIREPLACE,0.13789347228137994,0.16911359010151977,3.6091733993341806,0.0003747326423358499,0.4282805224636159,outputViewer0000000138_heading.xml,00000001389_lightTableData.bin
4,7,LN_TASP,HOT_WATER,3.333068648722182,0.0010069490733673344,0.7537854541471662,1.3266374331027668,1.7125695312481815,outputViewer0000000138_heading.xml,00000001389_lightTableData.bin
4,7,LN_TASP,CENTRAL_AIR,0.8616729891745895,1.1605330706233652,1.7330835773351037,0.477388219318661,0.11941512092680623,outputViewer0000000138_heading.xml,00000001389_lightTableData.bin
4,7,LN_TASP,ECF5R501,0.5837618966462569,0.12050405030990265,0.17715044386140338,4.844334237272398,2.3958621896161442e-06,outputViewer0000000138_heading.xml,00000001389_lightTableData.bin
4,7,LN_TASP,ECF5R502,0.17621345194827953,5.170449373435214,5.009707537788578e-07,0.8082155852482886,1.2372936358221724,outputViewer0000000138_heading.xml,00000001389_lightTableData.bin
4,7,LN_TASP,ECF5R503,7.059333239964735e-14,0.781977995754098,1.278808362165809,-0.5533118422202022,0.06893726311821971,outputViewer0000000138_heading.xml,00000001389_lightTableData.bin
4,7,LN_TASP,ECF5R504,1.1929197532942304,-0.5472225123978425,0.06570071044596214,-0.2777030983897547,-8.329019712015517,outputViewer0000000138_heading.xml,00000001389_lightTableData.bin
4,7,LN_TASP,ECF5R510,0.7823856335685274,1.2781420786561672,-0.37642604854525175,0.11017685011255178,-0.11905246113546812,outputViewer0000000138_heading.xml,00000001389_lightTableData.bin
4,7,LN_TASP,ECF5R512_513,-0.061417858709596734,-0.9457733957061154,0.34533082599546994,0.2316300302529651,4.3172295013211,outputViewer0000000138_heading.xml,00000001389_lightTableData.bin
4,7,LN_TASP,ECF5R517_521,1.9808754866840301,-0.15946058003875063,0.19667226045107508,-0.0357387305905458,-0.8107934472966443,outputViewer0000000138_heading.xml,00000001389_lightTableData.bin
4,7,LN_TASP,ECF5R528,-0.3859005547628518,0.6999591260605551,0.4403049817899951,2.271153044725152,-0.03372837780419806,outputViewer0000000138_heading.xml,00000001389_lightTableData.bin
4,7,LN_TASP,ECF5R529,0.5258361720335469,1.9017329981935946,-0.14969658410554845,0.18644845446090272,-0.033550397774629176,outputViewer0000000138_heading.xml,00000001389_lightTableData.bin
4,7,LN_TASP,ECF5R530_532_535,-0.22958308714709819,0.09936633148833668,-0.1008564936497694,-2.310471602486864,0.02183297358190698,outputViewer0000000138_heading.xml,00000001389_lightTableData.bin
4,7,LN_TASP,ECF5R534,1.747979556457362,0.07262227263530838,0.11377878858643492,0.02584625314652997,0.638276022600988,outputViewer0000000138_heading.xml,00000001389_lightTableData.bin
4,7,LN_TASP,ECF5R539,1.316265775378692,0.18944839533626368,0.898272662118902,1.1132477277457573,0.6339224694277541,outputViewer0000000138_heading.xml,00000001389_lightTableData.bin
4,8,LN_TASP,(Constant),,-1.8212298849111086,0.06988248265777525,,,outputViewer0000000138_heading.xml,00000001389_lightTableData.bin
4,8,LN_TASP,LN_LANDRATIO,3.477925138700477e-119,0.4247849803344805,2.3541321993366826,11.577520791649464,0.22422771467596744,outputViewer0000000138_heading.xml,00000001389_lightTableData.bin
4,8,LN_TASP,LN_BASE_BLDGSIZE_RATIO,1.445295541190292,11.724029555142225,0.15877722198824612,-0.06222690710909428,73.83949289659525,outputViewer0000000138_heading.xml,00000001389_lightTableData.bin
4,8,LN_TASP,ARTERIAL,0.12732569428774101,0.19343523576407132,3.4065891609550687,0.0007869068548901896,0.305720671273481,outputViewer0000000138_heading.xml,00000001389_lightTableData.bin
4,8,LN_TASP,SINGLE_FAMILY1STORY,3.9158353824043193,0.00011932230362712417,0.3653659528282868,2.7369819006369647,0.450441650500543,outputViewer0000000138_heading.xml,00000001389_lightTableData.bin
4,8,LN_TASP,HALF_DUPLEX2STORY,0.0413124510220713,24.205777562453193,0.2826373072430855,0.41352737237973863,0.1036594647691367,outputViewer0000000138_heading.xml,00000001389_lightTableData.bin
4,8,LN_TASP,ROW_HOUSE2STORY,0.3130179820016788,0.2944624922836279,0.11480181719075971,1.0630147818628735,0.2889148122491377,outputViewer0000000138_heading.xml,00000001389_lightTableData.bin
4,8,LN_TASP,SMALLEST,0.21226220755979713,4.579919273217012,7.489235193383433e-06,0.44086901923626043,2.268247384976949,outputViewer0000000138_heading.xml,00000001389_lightTableData.bin
4,8,LN_TASP,SMALL,0.04358463464599451,0.736990141988307,1.356870252432584,-0.20304927462465366,0.10047212683701315,outputViewer0000000138_heading.xml,00000001389_lightTableData.bin
4,8,LN_TASP,THREE_PLUS_BATHS,0.6429880233278639,1.5552389215966678,-0.23652068618728522,0.47767694718431514,-0.01629704805476023,outputViewer0000000138_heading.xml,00000001389_lightTableData.bin
4,8,LN_TASP,POWDER_ROOM,-0.1939698787682295,0.0980486404286084,-0.06903384330343741,-1.9783025845163418,0.04906256857241724,outputViewer0000000138_heading.xml,00000001389_lightTableData.bin
4,8,LN_TASP,EXCELLENT,-0.0853054328641622,-2.3724552111019546,0.018535856265960774,0.7403824085696611,1.350653376451626,outputViewer0000000138_heading.xml,00000001389_lightTableData.bin
4,8,LN_TASP,QBEST,0.7647611998910783,0.4452484615566804,0.5454632133203695,1.8333042001361608,0.46756236198438894,outputViewer0000000138_heading.xml,00000001389_lightTableData.bin
4,8,LN_TASP,QABOVE_AVG,0.8237850395855869,1.2139089106340895,-1.4431165899671965,0.4882381198011964,-0.09943544809731464,outputViewer0000000138_heading.xml,00000001389_lightTableData.bin
4,8,LN_TASP,QBELOW_AVG,0.27237184999800207,0.15320066680128466,0.1430497982477581,1.7778764001810343,0.07683757369591629,outputViewer0000000138_heading.xml,00000001389_lightTableData.bin
4,8,LN_TASP,EXT_BRICK,0.11565838179677221,1.6887659016541525,0.09262544756783213,0.19995763451970017,5.00105936140927,outputViewer0000000138_heading.xml,00000001389_lightTableData.bin
4,8,LN_TASP,EXT_BRICK_SIDING,0.04050036850284719,0.07647380759823322,13.076372569986997,0.4261480929428004,0.2045772732914825,outputViewer0000000138_heading.xml,00000001389_lightTableData.bin
4,8,LN_TASP,YB_PRE_1910,10.401515523423521,0.4059313679789841,0.1789971059161083,0.2238800482888688,2.267809671566615,outputViewer0000000138_heading.xml,00000001389_lightTableData.bin
4,8,LN_TASP,YB_1930_TO_1945,0.15387517713300267,0.14131882562507603,1.759446741048139,0.07994409259070909,0.1527948333403618,outputViewer0000000138_heading.xml,00000001389_lightTableData.bin
4,8,LN_TASP,YB_1946_TO_1960,2.5969578247356386,0.010022633211659556,0.2995657624811169,3.33816518856368,0.27684989497617923,outputViewer0000000138_heading.xml,00000001389_lightTableData.bin
4,8,LN_TASP,YB_1961_TO_1990,0.07767305794403902,12.87447702548892,0.3465510506039088,0.32689866457913924,0.11775904461340118,outputViewer0000000138_heading.xml,00000001389_lightTableData.bin
4,8,LN_TASP,LN_GARAGESPACES,0.11690031616083832,0.1622651553371498,6.162752551046644,0.3483655580798125,0.22415857882973372,outputViewer0000000138_heading.xml,00000001389_lightTableData.bin
4,8,LN_TASP,FIREPLACE,2.3349182312743486,0.4917641561722231,0.13806633974610583,0.16710287591118686,3.5617961414530317,outputViewer0000000138_heading.xml,00000001389_lightTableData.bin
4,8,LN_TASP,HOT_WATER,0.514415016023992,0.11800163612653208,3.3291592933755036,0.0010197935482395785,0.7541112639891837,outputViewer0000000138_heading.xml,00000001389_lightTableData.bin
4,8,LN_TASP,CENTRAL_AIR,3.63034425065746,0.0003470771545073216,0.8687574963095979,1.1510692042922315,1.7294263172042341,outputViewer0000000138_heading.xml,00000001389_lightTableData.bin
4,8,LN_TASP,ECF5R501,0.7135071500862636,1.4015276509550032,0.5792142963846066,0.11983347342109661,0.17577041304835472,outputViewer0000000138_heading.xml,00000001389_lightTableData.bin
4,8,LN_TASP,ECF5R502,0.6049272445580509,0.10990267368562395,0.18357335498081034,5.504208626338266,9.681853123980651e-08,outputViewer0000000138_heading.xml,00000001389_lightTableData.bin
4,8,LN_TASP,ECF5R503,-0.280793296107273,-8.026309969273573,6.07706353062522e-14,0.7821171604292699,1.2785808195937598,outputViewer0000000138_heading.xml,00000001389_lightTableData.bin
4,8,LN_TASP,ECF5R504,7.002424002446825e-15,0.8439732537970577,1.1848716715855319,-0.5378960432392436,0.0651322023920343,outputViewer0000000138_heading.xml,00000001389_lightTableData.bin
4,8,LN_TASP,ECF5R510,-3.416562083239007,0.0007576388735918562,0.797485558981029,1.253941201490507,-0.3776648384747195,outputViewer0000000138_heading.xml,00000001389_lightTableData.bin
4,8,LN_TASP,ECF5R512_513,-0.13628716128010152,0.12574353592848297,-0.06648283841931402,-1.0838502374994072,0.27964514635230214,outputViewer0000000138_heading.xml,00000001389_lightTableData.bin
4,8,LN_TASP,ECF5R517_521,0.41838930155374343,0.504975528430855,1.9802939819823908,-0.16022220288246167,0.1962125836845296,outputViewer0000000138_heading.xml,00000001389_lightTableData.bin
4,8,LN_TASP,ECF5R528,0.08489504381571289,-0.01871242979546849,-0.3972950161544696,0.6915496267227756,0.4443470738046391,outputViewer0000000138_heading.xml,00000001389_lightTableData.bin
4,8,LN_TASP,ECF5R529,-0.8028845534728691,0.4228850067433084,0.5380832522398514,1.8584484758396613,-0.1310319118453921,outputViewer0000000138_heading.xml,00000001389_lightTableData.bin
4,8,LN_TASP,ECF5R530_532_535,0.5222038188618292,1.914961101164585,-0.2283347966845087,0.09742532065248123,-0.10030811615089658,outputViewer0000000138_heading.xml,00000001389_lightTableData.bin
4,8,LN_TASP,ECF5R534,0.5239489375441535,0.5764024344378582,1.7348989876756147,-0.21195274556957613,0.08397309609465725,outputViewer0000000138_heading.xml,00000001389_lightTableData.bin
4,8,LN_TASP,ECF5R539,0.47066172930597566,0.04367932933813599,1.3468748996493045,0.17939384088951452,0.9008343337491205,outputViewer0000000138_heading.xml,00000001389_lightTableData.bin
4,9,LN_TASP,(Constant),-0.5430827083326724,0.29932796433684944,,-1.8143400317970724,0.0709339774745832,outputViewer0000000138_heading.xml,00000001389_lightTableData.bin
4,9,LN_TASP,LN_LANDRATIO,-0.06499382703980361,51.632871558184476,8.971397232943958e-123,0.42481319820568547,2.3539758280198755,outputViewer0000000138_heading.xml,00000001389_lightTableData.bin
4,9,LN_TASP,LN_BASE_BLDGSIZE_RATIO,3.449975580650897e-161,0.7356803360126144,1.3592860255311396,11.76451963445393,0.1543503261033372,outputViewer0000000138_heading.xml,00000001389_lightTableData.bin
4,9,LN_TASP,ARTERIAL,3.270959715725126,0.43342428423647084,0.12697465275299052,0.19329161492455077,3.4134709159601364,outputViewer0000000138_heading.xml,00000001389_lightTableData.bin
4,9,LN_TASP,SINGLE_FAMILY1STORY,0.11344077276130586,0.2008807471595837,3.9707209280769873,9.620137202219153e-05,0.36653907573213507,outputViewer0000000138_heading.xml,00000001389_lightTableData.bin
4,9,LN_TASP,HALF_DUPLEX2STORY,0.6834790780996768,0.4950540121389748,0.043055182283418716,23.226007810565395,0.29119103878259994,outputViewer0000000138_heading.xml,00000001389_lightTableData.bin
4,9,LN_TASP,ROW_HOUSE2STORY,0.08065867967189581,12.397921762020033,0.27614976968828386,0.29107736217088936,0.10128010913077426,outputViewer0000000138_heading.xml,00000001389_lightTableData.bin
4,9,LN_TASP,SMALLEST,-0.17920189352685947,0.10713685182814943,-0.06377792013879811,-1.6726447573268666,0.09588635587510892,outputViewer0000000138_heading.xml,00000001389_lightTableData.bin
4,9,LN_TASP,SMALL,-0.07226519857788803,-2.0209512928301216,0.044474774853855585,0.7372363744802868,1.3564170659714774,outputViewer0000000138_heading.xml,00000001389_lightTableData.bin
4,9,LN_TASP,THREE_PLUS_BATHS,-0.4951477930460437,0.6209877366482931,0.8775529100355628,1.1395324299699205,0.04923384449736962,outputViewer0000000138_heading.xml,00000001389_lightTableData.bin
4,9,LN_TASP,POWDER_ROOM,0.7712220413378807,1.296643439112873,-0.19271408635380985,0.09808759957600725,-0.06858690701977721,outputViewer0000000138_heading.xml,00000001389_lightTableData.bin
4,9,LN_TASP,EXCELLENT,-1.1884044046974571,0.512880672349068,-0.08188494631927155,-2.317116765688191,0.021416908185456118,outputViewer0000000138_heading.xml,00000001389_lightTableData.bin
4,9,LN_TASP,QBEST,0.6102575915694963,0.032216574392241834,0.7661721352484687,0.44440651508116147,0.545463286316755,outputViewer0000000138_heading.xml,00000001389_lightTableData.bin
4,9,LN_TASP,QABOVE_AVG,-2.9557638607874637,0.003442156758796061,0.8293109807684736,1.2058202811608245,-1.5795051058990455,outputViewer0000000138_heading.xml,00000001389_lightTableData.bin
4,9,LN_TASP,QBELOW_AVG,0.15022174544745046,6.656825861138813,0.27585768927679727,0.15226251105217214,0.144880562350434,outputViewer0000000138_heading.xml,00000001389_lightTableData.bin
4,9,LN_TASP,EXT_BRICK,0.2355353004150989,0.12980251456136818,0.12370322852692797,1.8145665452709103,0.07089331958308226,outputViewer0000000138_heading.xml,00000001389_lightTableData.bin
4,9,LN_TASP,EXT_BRICK_SIDING,0.23503001529850456,2.0830666382752248,0.03843306428991277,0.076730793341818,13.032577358417637,outputViewer0000000138_heading.xml,00000001389_lightTableData.bin
4,9,LN_TASP,YB_PRE_1910,0.024277558558826448,0.09616504942462376,10.398788395401612,0.3683192132765045,0.17564559737744417,outputViewer0000000138_heading.xml,00000001389_lightTableData.bin
4,9,LN_TASP,YB_1930_TO_1945,6.544723915974475,0.2691985774829191,0.15249478195802355,0.14051674769232514,1.7652969762402755,outputViewer0000000138_heading.xml,00000001389_lightTableData.bin
4,9,LN_TASP,YB_1946_TO_1960,0.10718514468252205,0.1445105958759491,2.5829129194740292,0.010424649688108087,0.2996941918392915,outputViewer0000000138_heading.xml,00000001389_lightTableData.bin
4,9,LN_TASP,YB_1961_TO_1990,1.060117669951545,0.2903030650730158,0.080262467322094,12.459123589946358,0.34432082374742445,outputViewer0000000138_heading.xml,00000001389_lightTableData.bin
4,9,LN_TASP,SLAB,-0.021017501693552383,0.0926621089442479,-0.011754815512253533,-0.22681872809734996,0.82078534090753,outputViewer0000000138_heading.xml,00000001389_lightTableData.bin
4,9,LN_TASP,LN_GARAGESPACES,0.11837561947714477,1.5541031706148702,0.12157151986415803,0.16247577817185907,6.15476356692533,outputViewer0000000138_heading.xml,00000001389_lightTableData.bin
4,9,LN_TASP,FIREPLACE,0.0004447819883722274,0.4287103706048334,2.332577116315566,0.5146464698249921,0.13728275624690753,outputViewer0000000138_heading.xml,00000001389_lightTableData.bin
4,9,LN_TASP,HOT_WATER,1.3260642663127533,1.701602997964854,0.5135505637970241,0.11724600615270815,3.3134088791252814,outputViewer0000000138_heading.xml,00000001389_lightTableData.bin
4,9,LN_TASP,CENTRAL_AIR,0.47745674634505514,0.11916312375454052,3.622163327763282,0.0003573460764090599,0.8688046697530085,outputViewer0000000138_heading.xml,00000001389_lightTableData.bin
4,9,LN_TASP,ECF5R501,4.833493345796954,2.5101819729065768e-06,0.7188730642667441,1.3910661696860314,0.5808906442868897,outputViewer0000000138_heading.xml,00000001389_lightTableData.bin
4,9,LN_TASP,ECF5R502,0.8442840488695006,1.1844355005155003,0.6071680707254457,0.10993499433645679,0.18425336399210554,outputViewer0000000138_heading.xml,00000001389_lightTableData.bin
4,9,LN_TASP,ECF5R503,-0.5514798531092352,0.06874320864856115,-0.2798636029005689,-8.022317607090313,6.134565090457795e-14,outputViewer0000000138_heading.xml,00000001389_lightTableData.bin
4,9,LN_TASP,ECF5R504,-0.27297012537840964,-8.258526865122997,1.089603275153899e-14,0.8592582130148937,1.163794520498423,outputViewer0000000138_heading.xml,00000001389_lightTableData.bin
4,9,LN_TASP,ECF5R510,0.1099007047721066,-0.11944425386740824,-3.436418713218051,0.0007063322976906782,0.7982761696206464,outputViewer0000000138_heading.xml,00000001389_lightTableData.bin
4,9,LN_TASP,ECF5R512_513,0.258478021783526,3.8688008872084865,-0.1336107061183072,0.12503579079466376,-0.0651772250776992,outputViewer0000000138_heading.xml,00000001389_lightTableData.bin
4,9,LN_TASP,ECF5R517_521,-0.0359094275340561,-0.8165745533429536,0.4150796662921996,0.5051085733478679,1.9797723752182304,outputViewer0000000138_heading.xml,00000001389_lightTableData.bin
4,9,LN_TASP,ECF5R528,2.250493046882668,-0.03466384422955841,0.08401032527850255,-0.019231424510014018,-0.4126140937396009,outputViewer0000000138_heading.xml,00000001389_lightTableData.bin
4,9,LN_TASP,ECF5R529,0.11227484834016617,-0.06391925212300167,-1.1670638062088177,0.24440910319761977,0.3127404178589345,outputViewer0000000138_heading.xml,00000001389_lightTableData.bin
4,9,LN_TASP,ECF5R530_532_535,-2.343690481645784,0.020024032298047122,0.5406563033277219,1.8496038866929558,-0.22927442979724236,outputViewer0000000138_heading.xml,00000001389_lightTableData.bin
4,9,LN_TASP,ECF5R533,0.08035293423575043,0.120971840019788,0.028597594153421547,0.6642284206192671,0.5072727752961838,outputViewer0000000138_heading.xml,00000001389_lightTableData.bin
4,9,LN_TASP,ECF5R534,-0.09311143518116655,-2.5240553871046507,0.012294018660544555,0.6926999912622175,1.4436264077004384,outputViewer0000000138_heading.xml,00000001389_lightTableData.bin
4,9,LN_TASP,ECF5R539,1.1100820234483835,0.6115872004981494,0.4689656308101727,0.04214035633357802,1.304119449951135,outputViewer0000000138_heading.xml,00000001389_lightTableData.bin
4,10,LN_TASP,(Constant),,,-0.5306259268195987,0.29933372457103713,,outputViewer0000000138_heading.xml,00000001389_lightTableData.bin
4,10,LN_TASP,LN_LANDRATIO,11.584674669908217,0.22178345444530947,-0.06474044560788135,52.23417003257532,3.865716203200906e-124,outputViewer0000000138_heading.xml,00000001389_lightTableData.bin
4,10,LN_TASP,LN_BASE_BLDGSIZE_RATIO,-0.06478829761007492,76.21959688363475,1.0357503710084496e-164,0.7405787323725722,1.3502953248418663,outputViewer0000000138_heading.xml,00000001389_lightTableData.bin
4,10,LN_TASP,ARTERIAL,0.0007676868530178104,0.30598102983993214,3.268176463498832,0.4357672969896117,0.12631515057547588,outputViewer0000000138_heading.xml,00000001389_lightTableData.bin
4,10,LN_TASP,SINGLE_FAMILY1STORY,2.728222081104376,0.46623012031685357,0.111964807990928,0.20792183585482896,4.1640773443261745,outputViewer0000000138_heading.xml,00000001389_lightTableData.bin
4,10,LN_TASP,HALF_DUPLEX2STORY,0.40170361621119527,0.10679661337069182,0.7248902599609821,0.46931866760825935,0.045413609894456065,outputViewer0000000138_heading.xml,00000001389_lightTableData.bin
4,10,LN_TASP,ROW_HOUSE2STORY,0.9487160651337715,0.3437784066130849,0.08244471193904823,12.12934069973226,0.29442681901102274,outputViewer0000000138_heading.xml,00000001389_lightTableData.bin
4,10,LN_TASP,SMALLEST,0.6844050839351513,1.4611229861856958,-0.17882128964116534,0.10673789014539482,-0.06364246328759761,outputViewer0000000138_heading.xml,00000001389_lightTableData.bin
4,10,LN_TASP,THREE_PLUS_BATHS,0.06676005854653277,0.026080898397827963,0.7374745554342629,0.46161256124538375,0.7575151468693978,outputViewer0000000138_heading.xml,00000001389_lightTableData.bin
4,10,LN_TASP,POWDER_ROOM,-1.9647140636210323,0.05062065681920939,0.7713258079143176,1.29646900147685,-0.19062822366237858,outputViewer0000000138_heading.xml,00000001389_lightTableData.bin
4,10,LN_TASP,EXCELLENT,0.7640157672447474,1.3088735113494805,-1.18951374692221,0.5119345641564916,-0.0819613836230753,outputViewer0000000138_heading.xml,00000001389_lightTableData.bin
4,10,LN_TASP,QBEST,1.8333039547950287,0.4593371353914197,0.6087177684858398,0.03164982940596707,0.7545978763425976,outputViewer0000000138_heading.xml,00000001389_lightTableData.bin
4,10,LN_TASP,QABOVE_AVG,0.4657092952051048,-0.10883306246284515,-3.3916117246562787,0.0008167069377811034,0.9109790900049131,outputViewer0000000138_heading.xml,00000001389_lightTableData.bin
4,10,LN_TASP,QBELOW_AVG,1.8117242870260803,0.0714176741395242,0.1514205837754448,6.604121943440596,0.2676406919678994,outputViewer0000000138_heading.xml,00000001389_lightTableData.bin
4,10,LN_TASP,EXT_BRICK,0.20208175577750434,4.948492238463219,0.24082982326075064,0.1296331121735327,0.12648391392042285,outputViewer0000000138_heading.xml,00000001389_lightTableData.bin
4,10,LN_TASP,EXT_BRICK_SIDING,0.4158075320503946,0.19962682142313268,0.22932696928003163,2.0829241736461923,0.03844064424044565,outputViewer0000000138_heading.xml,00000001389_lightTableData.bin
4,10,LN_TASP,YB_PRE_1910,0.2031361204348492,2.096945319301256,0.037095725351543485,0.09994319174998025,10.00568405401359,outputViewer0000000138_heading.xml,00000001389_lightTableData.bin
4,10,LN_TASP,YB_1930_TO_1945,0.07894675688263011,0.15484867491793586,6.457917709208448,0.2934568604246648,0.11341086899643844,outputViewer0000000138_heading.xml,00000001389_lightTableData.bin
4,10,LN_TASP,YB_1946_TO_1960,3.3367346689729693,0.27595747133346044,0.10712814222136337,0.1440447670108373,2.5759568458046993,outputViewer0000000138_heading.xml,00000001389_lightTableData.bin
4,10,LN_TASP,YB_1961_TO_1990,0.3252105928177434,0.11700120710740293,1.0587626336648601,0.2909127390761603,0.08071848175909126,outputViewer0000000138_heading.xml,00000001389_lightTableData.bin
4,10,LN_TASP,SLAB,0.37048675897291344,2.699151793635655,-0.020214297585393226,0.09168915310159555,-0.011305593894586605,outputViewer0000000138_heading.xml,00000001389_lightTableData.bin
4,10,LN_TASP,LN_GARAGESPACES,0.3414582586921096,0.22373474743040367,0.116028499261127,1.5261744660306988,0.12837086381201313,outputViewer0000000138_heading.xml,00000001389_lightTableData.bin
4,10,LN_TASP,FIREPLACE,0.17487835196182525,3.748806360642873,0.00022289925329880086,0.43516424113549323,2.2979829348814507,outputViewer0000000138_heading.xml,00000001389_lightTableData.bin
4,10,LN_TASP,HOT_WATER,0.0010753716158764185,0.7548451710528575,1.3247749847895307,1.728438561855037,0.5111491489543891,outputViewer0000000138_heading.xml,00000001389_lightTableData.bin
4,10,LN_TASP,CENTRAL_AIR,1.1510067047456005,1.7233830412194469,0.4782742816482745,0.11874672229418676,3.6033362180382347,outputViewer0000000138_heading.xml,00000001389_lightTableData.bin
4,10,LN_TASP,ECF5R501,0.11958182265223137,0.17627912349462002,4.857683479003658,2.2423991254969123e-06,0.719447314679257,outputViewer0000000138_heading.xml,00000001389_lightTableData.bin
4,10,LN_TASP,ECF5R502,5.522973593532954,8.775981386427565e-08,0.8445719899033083,1.1840316893702407,0.5968223735385432,outputViewer0000000138_heading.xml,00000001389_lightTableData.bin
4,10,LN_TASP,ECF5R503,0.784009782377511,1.275494289073152,-0.5488100941648053,0.06834548388198936,-0.27850876037485983,outputViewer0000000138_heading.xml,00000001389_lightTableData.bin
4,10,LN_TASP,ECF5R504,-0.5370624542115217,0.06514001439295272,-0.2725470977241421,-8.244739569318005,1.1732822673868005e-14,outputViewer0000000138_heading.xml,00000001389_lightTableData.bin
4,10,LN_TASP,ECF5R510,1.2526993013899137,-0.37891349532437135,0.1096419770217563,-0.11983916721530011,-3.455916297908267,outputViewer0000000138_heading.xml,00000001389_lightTableData.bin
4,10,LN_TASP,ECF5R512_513,-1.06857968641735,0.28645185466854106,0.26028134655127727,3.84199641368842,-0.14320295197818347,outputViewer0000000138_heading.xml,00000001389_lightTableData.bin
4,10,LN_TASP,ECF5R517_521,-0.15931641510215783,0.1957469056058328,-0.035706419960368475,-0.8138898268101694,0.4166085475472201,outputViewer0000000138_heading.xml,00000001389_lightTableData.bin
4,10,LN_TASP,ECF5R528,0.6803043843701039,0.45164096301517614,2.2141481439680613,-0.03689893573849685,0.08330231980122459,outputViewer0000000138_heading.xml,00000001389_lightTableData.bin
4,10,LN_TASP,ECF5R529,3.1975400136833687,-0.13663019593372616,0.1120406525994543,-0.06665017565955693,-1.2194698331701044,outputViewer0000000138_heading.xml,00000001389_lightTableData.bin
4,10,LN_TASP,ECF5R530_532_535,0.09664691815127663,-0.10072089961088558,-2.372289092947283,0.018572795141019144,0.5468301984303894,outputViewer0000000138_heading.xml,00000001389_lightTableData.bin
4,10,LN_TASP,ECF5R533,0.5368122469302409,1.8628487068216064,0.08054587767567942,0.12065296347994754,0.02866626268733551,outputViewer0000000138_heading.xml,00000001389_lightTableData.bin
4,10,LN_TASP,ECF5R534,-0.20739985055808557,0.08366025578978786,-0.09111133564195156,-2.4790726325199954,0.013906810648663784,outputViewer0000000138_heading.xml,00000001389_lightTableData.bin
4,10,LN_TASP,ECF5R539,0.19353733655454655,0.9051952586663516,1.1047340233236824,0.5942203082441735,0.46755593818861557,outputViewer0000000138_heading.xml,00000001389_lightTableData.bin
4,11,LN_TASP,(Constant),-1.7726900888966552,0.0776036962553787,,,-0.576461140013723,outputViewer0000000138_heading.xml,00000001389_lightTableData.bin
4,11,LN_TASP,LN_LANDRATIO,0.42502071315765444,2.352826507137939,11.58893721669491,0.22067717500834858,-0.06446571046103892,outputViewer0000000138_heading.xml,00000001389_lightTableData.bin
4,11,LN_TASP,LN_BASE_BLDGSIZE_RATIO,11.710791224394104,0.1471541704769059,-0.06456578664645798,79.58178274146823,2.2815358171477093e-169,outputViewer0000000138_heading.xml,00000001389_lightTableData.bin
4,11,LN_TASP,ARTERIAL,0.19433651419603765,3.4498418836086637,0.0006755500400258613,0.3078219487686854,3.2486312428340054,outputViewer0000000138_heading.xml,00000001389_lightTableData.bin
4,11,LN_TASP,SINGLE_FAMILY1STORY,4.435136534680993e-05,0.3758998995368207,2.6602827008791117,0.4797148081698156,0.11130820652860465,outputViewer0000000138_heading.xml,00000001389_lightTableData.bin
4,11,LN_TASP,HALF_DUPLEX2STORY,22.01983067023431,0.29442167079840514,0.3990390745162878,0.10798147317880052,0.7378266681159005,outputViewer0000000138_heading.xml,00000001389_lightTableData.bin
4,11,LN_TASP,ROW_HOUSE2STORY,0.2899586009945431,0.10798336132643986,1.0154098481685105,0.3109915431664991,0.08295207207371989,outputViewer0000000138_heading.xml,00000001389_lightTableData.bin
4,11,LN_TASP,SMALLEST,-1.6753309382224146,0.0953506077730494,0.6862781350206881,1.4571351598865299,-0.179101911574356,outputViewer0000000138_heading.xml,00000001389_lightTableData.bin
4,11,LN_TASP,LARGE,0.04442806691551589,0.07027821508460705,0.023535109050794888,0.6321740935228577,0.5279607737411339,outputViewer0000000138_heading.xml,00000001389_lightTableData.bin
4,11,LN_TASP,THREE_PLUS_BATHS,1.3201056165447325,0.05132878999575036,0.06661002272475523,0.0271906646825871,0.7705865858633659,outputViewer0000000138_heading.xml,00000001389_lightTableData.bin
4,11,LN_TASP,POWDER_ROOM,0.0980838194264467,-0.06784454888094058,-1.9435236594281604,0.05313678511648973,0.7716486349777657,outputViewer0000000138_heading.xml,00000001389_lightTableData.bin
4,11,LN_TASP,EXCELLENT,-2.32356599887362,0.021057391218337457,0.7640345017240202,1.3088414171657574,-1.1777934557944203,outputViewer0000000138_heading.xml,00000001389_lightTableData.bin
4,11,LN_TASP,QBEST,0.45130468230691934,0.546102130930148,1.8311593076861847,0.46305542107760145,0.6075627495583149,outputViewer0000000138_heading.xml,00000001389_lightTableData.bin
4,11,LN_TASP,QABOVE_AVG,1.0977200365758195,-1.59325569214396,0.465560349204955,-0.10978052278196941,-3.4222323590589037,outputViewer0000000138_heading.xml,00000001389_lightTableData.bin
4,11,LN_TASP,QBELOW_AVG,0.15021264939598794,0.14056499226766356,1.7817453659468434,0.07618921647257809,0.15495602517456875,outputViewer0000000138_heading.xml,00000001389_lightTableData.bin
4,11,LN_TASP,EXT_BRICK,1.8577801552612963,0.06447269221141785,0.2024782895950352,4.9388011030715475,0.30187661924639636,outputViewer0000000138_heading.xml,00000001389_lightTableData.bin
4,11,LN_TASP,EXT_BRICK_SIDING,0.08023074598373052,12.464049632578309,0.42133543500912385,0.19802310840042833,0.23237572894474562,outputViewer0000000138_heading.xml,00000001389_lightTableData.bin
4,11,LN_TASP,YB_PRE_1910,0.40092265653723175,0.17344294620265288,0.22111763412751093,2.3115535414671102,0.021687171309389488,outputViewer0000000138_heading.xml,00000001389_lightTableData.bin
4,11,LN_TASP,YB_1930_TO_1945,0.15317912895543045,2.5875549938152798,0.010327649375969906,0.27873403741682856,3.5876493924728874,outputViewer0000000138_heading.xml,00000001389_lightTableData.bin
4,11,LN_TASP,YB_1946_TO_1960,0.010627678913687792,0.2997209028364537,3.33643730062318,0.27240193015111364,0.10711688114509166,outputViewer0000000138_heading.xml,00000001389_lightTableData.bin
4,11,LN_TASP,YB_1961_TO_1990,12.38873648521481,0.3416392088075222,0.3229816161106071,0.11608998663124619,1.0577667327372766,outputViewer0000000138_heading.xml,00000001389_lightTableData.bin
4,11,LN_TASP,SLAB,-0.22046552838147507,0.8257217870691289,0.37660625699197664,2.6552931116630503,-0.0215234422021495,outputViewer0000000138_heading.xml,00000001389_lightTableData.bin
4,11,LN_TASP,LN_GARAGESPACES,0.16276051026740201,6.143996466692584,0.3619099081029851,0.2223032069748527,0.12297802860520501,outputViewer0000000138_heading.xml,00000001389_lightTableData.bin
4,11,LN_TASP,FIREPLACE,1.7047151980106752,0.5472268498214068,0.11746044690425668,3.115189246593121,0.002095004575543349,outputViewer0000000138_heading.xml,00000001389_lightTableData.bin
4,11,LN_TASP,HOT_WATER,0.11909506418371946,3.381475965265217,0.0008506438218859371,0.7599386734688947,1.315895656994658,outputViewer0000000138_heading.xml,00000001389_lightTableData.bin
4,11,LN_TASP,CENTRAL_AIR,0.00038249492413184146,0.8688804626872307,1.1509063017797054,1.7224614375959268,0.47912560091938156,outputViewer0000000138_heading.xml,00000001389_lightTableData.bin
4,11,LN_TASP,ECF5R501,1.3899558447109064,0.5831287955129929,0.11939418480136536,0.17695832075879736,4.884063629088277,outputViewer0000000138_heading.xml,00000001389_lightTableData.bin
4,11,LN_TASP,ECF5R502,0.10950239592248241,0.18111382223844766,5.450313379088421,1.2590833196987086e-07,0.8515489194060915,outputViewer0000000138_heading.xml,00000001389_lightTableData.bin
4,11,LN_TASP,ECF5R503,-8.029939404810179,5.756186920708079e-14,0.790256948568155,1.2654112081037348,-0.5474403949028828,outputViewer0000000138_heading.xml,00000001389_lightTableData.bin
4,11,LN_TASP,ECF5R504,0.8593871619396455,1.1636198960000634,-0.5308643151447097,0.0649278872110613,-0.269401681766085,outputViewer0000000138_heading.xml,00000001389_lightTableData.bin
4,11,LN_TASP,ECF5R510,0.0006591097964753078,0.7989402973064366,1.2516579816682425,-0.3811955055950348,0.10933008093864503,outputViewer0000000138_heading.xml,00000001389_lightTableData.bin
4,11,LN_TASP,ECF5R512_513,0.12187355299646442,-0.06985646063877914,-1.175012531080782,0.24127740514140658,0.2728622014413765,outputViewer0000000138_heading.xml,00000001389_lightTableData.bin
4,11,LN_TASP,ECF5R517_521,0.5052924344733153,1.9790519940048903,-0.16577561982871677,0.19368993218680747,-0.037154074154875816,outputViewer0000000138_heading.xml,00000001389_lightTableData.bin
4,11,LN_TASP,ECF5R528,-0.02047144836145025,-0.4429520789642453,0.6582478250153925,0.457326500079129,2.1866215927285535,outputViewer0000000138_heading.xml,00000001389_lightTableData.bin
4,11,LN_TASP,ECF5R529,0.22392593727185475,0.3137432295912465,3.187319775164003,-0.12809662310533768,0.11180305384452453,outputViewer0000000138_heading.xml,00000001389_lightTableData.bin
4,11,LN_TASP,ECF5R530_532_535,1.8287212426643231,-0.22989445072559397,0.09615721884048462,-0.10099327654247965,-2.3908184273399824,outputViewer0000000138_heading.xml,00000001389_lightTableData.bin
4,11,LN_TASP,ECF5R533,0.6675830858399603,0.5051292448597793,0.5371077307132225,1.8618238815369597,0.08202774235547189,outputViewer0000000138_heading.xml,00000001389_lightTableData.bin
4,11,LN_TASP,ECF5R534,0.6964720651531773,1.4358077660732407,-0.20636559703590548,0.08360025775973322,-0.09065698517089454,outputViewer0000000138_heading.xml,00000001389_lightTableData.bin
4,11,LN_TASP,ECF5R538,0.661600400263523,0.5155365112894649,0.04558642920393666,1.283324043545862,0.20079295040911463,outputViewer0000000138_heading.xml,00000001389_lightTableData.bin
4,11,LN_TASP,ECF5R539,0.04094372071498872,1.27090741387282,0.20507983919539008,0.9082526554516303,1.101015223019357,outputViewer0000000138_heading.xml,00000001389_lightTableData.bin
4,12,LN_TASP,(Constant),0.2950779461293056,,-1.9535893738433197,0.05195697678920165,,outputViewer0000000138_heading.xml,00000001389_lightTableData.bin
4,12,LN_TASP,LN_LANDRATIO,52.51534154475415,5.6597923652175e-125,0.4252591811722601,2.3515071379374386,11.609437733100213,outputViewer0000000138_heading.xml,00000001389_lightTableData.bin
4,12,LN_TASP,LN_BASE_BLDGSIZE_RATIO,0.7406035400269212,1.3502500946237033,11.736251755029084,0.14449117430460046,-0.06308483009023859,outputViewer0000000138_heading.xml,00000001389_lightTableData.bin
4,12,LN_TASP,ARTERIAL,0.4391556199494255,0.12526165627057045,0.19584758415821588,3.505906220821724,0.0005537850169146129,outputViewer0000000138_heading.xml,00000001389_lightTableData.bin
4,12,LN_TASP,SINGLE_FAMILY1STORY,0.21393552079738848,4.309788317778129,2.4272824321671114e-05,0.38062682549113913,2.6272451993094736,outputViewer0000000138_heading.xml,00000001389_lightTableData.bin
4,12,LN_TASP,HALF_DUPLEX2STORY,0.46143185945622023,0.04580768220629736,21.830399440348156,0.24103690869507519,0.32968963094792153,outputViewer0000000138_heading.xml,00000001389_lightTableData.bin
4,12,LN_TASP,ROW_HOUSE2STORY,12.055153958195225,0.32365793131458553,0.2879178143325918,0.11870410263815843,1.1241330518739912,outputViewer0000000138_heading.xml,00000001389_lightTableData.bin
4,12,LN_TASP,SMALLEST,0.10644325242796117,-0.06374233658074195,-1.6826046507322658,0.09392382048878838,0.686854376456626,outputViewer0000000138_heading.xml,00000001389_lightTableData.bin
4,12,LN_TASP,LARGE,0.7179388638589087,1.3928762605565295,0.0447134069997096,0.06998716491150726,0.023686263725402543,outputViewer0000000138_heading.xml,00000001389_lightTableData.bin
4,12,LN_TASP,THREE_PLUS_BATHS,0.4417676389479138,0.7591143033188362,1.3173246711700928,0.048930722010880896,0.06641595154401944,outputViewer0000000138_heading.xml,00000001389_lightTableData.bin
4,12,LN_TASP,POWDER_ROOM,1.2959266104693026,-0.18759081635656394,0.0982303950397895,-0.06676353619314655,-1.9097023510958888,outputViewer0000000138_heading.xml,00000001389_lightTableData.bin
4,12,LN_TASP,EXCELLENT,0.5105169192311754,-0.08115381727103908,-2.3070605721905264,0.021973070913376132,0.7656713959671971,outputViewer0000000138_heading.xml,00000001389_lightTableData.bin
4,12,LN_TASP,QBEST,0.031906031438380625,0.7621524219749035,0.44678908358510083,0.5461997783342053,1.8308319403749853,outputViewer0000000138_heading.xml,00000001389_lightTableData.bin
4,12,LN_TASP,QABOVE_AVG,0.0007334755666926639,0.9117394616057451,1.0968045610736332,-1.6197995674632566,0.4650237817147579,outputViewer0000000138_heading.xml,00000001389_lightTableData.bin
4,12,LN_TASP,QBELOW_AVG,6.453443800416475,0.2704638417630073,0.14975074093992205,0.1420477116038077,1.806093512896298,outputViewer0000000138_heading.xml,00000001389_lightTableData.bin
4,12,LN_TASP,EXT_BRICK,0.11187686059713221,0.15854571417431373,2.69829362063932,0.007481847957943204,0.27169850744208024,outputViewer0000000138_heading.xml,00000001389_lightTableData.bin
4,12,LN_TASP,EXT_BRICK_SIDING,2.127708419550354,0.03449474239952547,0.08118272850972126,12.31789098934085,0.41332753690504614,outputViewer0000000138_heading.xml,00000001389_lightTableData.bin
4,12,LN_TASP,YB_PRE_1910,0.1026371378565355,9.743062023005587,0.41321129741101603,0.17287342995013685,0.2278950889616242,outputViewer0000000138_heading.xml,00000001389_lightTableData.bin
4,12,LN_TASP,YB_1930_TO_1945,0.2913825025577983,0.11283862958318902,0.15209635198191335,2.582293879623731,0.010478352246123512,outputViewer0000000138_heading.xml,00000001389_lightTableData.bin
4,12,LN_TASP,YB_1946_TO_1960,0.14218883936106658,2.5430345547695747,0.011649047147020206,0.300003841165848,3.333290654259258,outputViewer0000000138_heading.xml,00000001389_lightTableData.bin
4,12,LN_TASP,YB_1961_TO_1990,0.2913599415202114,0.08145512290219359,12.27669868230068,,,outputViewer0000000138_heading.xml,00000001389_lightTableData.bin
4,12,LN_TASP,SLAB,0.09033561625642321,-0.01203778146251009,-0.23826086646770508,0.8119089055912825,0.3861615085731101,outputViewer0000000138_heading.xml,00000001389_lightTableData.bin
4,12,LN_TASP,LN_GARAGESPACES,1.628001291694928,0.10491785781856797,0.1646618737958574,6.073051259211155,0.350360745505843,outputViewer0000000138_heading.xml,00000001389_lightTableData.bin
4,12,LN_TASP,FIREPLACE,0.6998936877358021,1.428788425332224,1.706630543578512,0.5452109069793715,0.11759242047182783,outputViewer0000000138_heading.xml,00000001389_lightTableData.bin
4,12,LN_TASP,HOT_WATER,1.7358242887720445,0.510531309079211,0.11960396489945008,3.4000349398801015,0.0007970289918432153,outputViewer0000000138_heading.xml,00000001389_lightTableData.bin
4,12,LN_TASP,CENTRAL_AIR,0.11868322079340025,3.595010231744538,0.0003939700256625986,0.8688822046465009,1.1509039944106618,outputViewer0000000138_heading.xml,00000001389_lightTableData.bin
4,12,LN_TASP,ECF5R501,1.982233460318147e-06,0.7199868810078599,1.3889141960478073,0.5892766833537934,0.11884750192170213,outputViewer0000000138_heading.xml,00000001389_lightTableData.bin
4,12,LN_TASP,ECF5R502,1.174330654658625,0.5884697356007451,0.1095207812321031,0.17857910127328133,5.373133107529833,outputViewer0000000138_heading.xml,00000001389_lightTableData.bin
4,12,LN_TASP,ECF5R503,0.06817328452238666,-0.27781366885307407,-8.030130845802434,5.660698340620832e-14,0.7915536543912304,outputViewer0000000138_heading.xml,00000001389_lightTableData.bin
4,12,LN_TASP,ECF5R504,-8.176214227008916,1.801134307969422e-14,0.8658158079120182,1.154980067194173,-0.529730838689264,outputViewer0000000138_heading.xml,00000001389_lightTableData.bin
4,12,LN_TASP,ECF5R510,-0.12056089978431024,-3.486647977595095,0.0005908985622192104,0.8006020017307202,1.2490600795878932,outputViewer0000000138_heading.xml,00000001389_lightTableData.bin
4,12,LN_TASP,ECF5R512_513,3.6648535220985767,-0.1450180950555703,0.12155030011921313,-0.07074191355149943,-1.1930706457601554,outputViewer0000000138_heading.xml,00000001389_lightTableData.bin
4,12,LN_TASP,ECF5R517_521,-0.8558814490617496,0.393011789220129,0.5138487319193759,1.946098020451868,-0.17013343187622454,outputViewer0000000138_heading.xml,00000001389_lightTableData.bin
4,12,LN_TASP,ECF5R528,-0.03819017467147835,0.08294906538611635,-0.021187824880441474,-0.4604051232368732,0.6456907678118871,outputViewer0000000138_heading.xml,00000001389_lightTableData.bin
4,12,LN_TASP,ECF5R529,-0.062487376037344576,-1.1457345635967269,0.2531008871068387,0.31530928813517695,3.171489193719177,outputViewer0000000138_heading.xml,00000001389_lightTableData.bin
4,12,LN_TASP,ECF5R530_532_535,0.017681183634349132,0.5498400644321083,1.8187106845930383,-0.23036315158326237,0.0959250889087601,outputViewer0000000138_heading.xml,00000001389_lightTableData.bin
4,12,LN_TASP,ECF5R533,0.1192633703149019,0.029193658047642596,0.6877865528945442,0.4923390178320678,0.5471252851312519,outputViewer0000000138_heading.xml,00000001389_lightTableData.bin
4,12,LN_TASP,ECF5R534,-2.468480391878687,0.01431042240536253,0.696619192492035,1.4355045206588015,-0.2100564778514216,outputViewer0000000138_heading.xml,00000001389_lightTableData.bin
4,12,LN_TASP,ECF5R538,0.7885840997279059,1.2680955656410537,0.6617272777817795,0.514315703737504,0.04559517147948738,outputViewer0000000138_heading.xml,00000001389_lightTableData.bin
4,12,LN_TASP,ECF5R539,0.5930861306628556,0.46707810012854684,0.04086557217397386,1.2697793591684763,0.20547490962668197,outputViewer0000000138_heading.xml,00000001389_lightTableData.bin
4,13,LN_TASP,(Constant),,-0.6404268398363074,0.2869224258373586,,-2.2320557132028855,outputViewer0000000138_heading.xml,00000001389_lightTableData.bin
4,13,LN_TASP,LN_LANDRATIO,0.2126579194400452,-0.06583251427694223,54.5920780362627,9.666845809752904e-129,0.4306388732354793,outputViewer0000000138_heading.xml,00000001389_lightTableData.bin
4,13,LN_TASP,LN_BASE_BLDGSIZE_RATIO,81.22469632842767,7.245019532399856e-172,0.7415819214871211,1.3484686870395435,11.65478960547623,outputViewer0000000138_heading.xml,00000001389_lightTableData.bin
4,13,LN_TASP,ARTERIAL,0.31165085694147626,3.2087189164629386,0.4389579296698554,0.12498798505943425,0.19575942141611136,outputViewer0000000138_heading.xml,00000001389_lightTableData.bin
4,13,LN_TASP,SINGLE_FAMILY1STORY,0.4678859363245483,0.11090367965109146,0.20866027013686061,4.2188495259719145,3.533927312883737e-05,outputViewer0000000138_heading.xml,00000001389_lightTableData.bin
4,13,LN_TASP,HALF_DUPLEX2STORY,0.08840219003165592,0.7311024856985868,0.4655162953108515,0.06680984927761653,14.967852956001689,outputViewer0000000138_heading.xml,00000001389_lightTableData.bin
4,13,LN_TASP,ROW_HOUSE2STORY,0.2621387192062595,0.08405021188240831,11.897649959515446,0.3524560816091868,0.28678721548255515,outputViewer0000000138_heading.xml,00000001389_lightTableData.bin
4,13,LN_TASP,SMALLEST,1.4559126858284623,-0.17901902767964625,0.10619069254621076,-0.06371283821823275,-1.685825973888841,outputViewer0000000138_heading.xml,00000001389_lightTableData.bin
4,13,LN_TASP,LARGE,0.6388801011763492,0.5235938363107049,0.7205075049105153,1.3879105952188475,0.04429086585143071,outputViewer0000000138_heading.xml,00000001389_lightTableData.bin
4,13,LN_TASP,TWO_BATHS,-0.32736218180961274,0.610346836823074,-0.022556323906645307,-0.5363543514267574,0.5922813736377617,outputViewer0000000138_heading.xml,00000001389_lightTableData.bin
4,13,LN_TASP,THREE_PLUS_BATHS,0.02592032375952947,0.7367314759986596,0.4620565625815347,0.7615371047804178,1.313133652612161,outputViewer0000000138_heading.xml,00000001389_lightTableData.bin
4,13,LN_TASP,POWDER_ROOM,0.057373840881972595,0.7720517691854251,1.2952499300080331,-0.20352966319017637,0.09770339348658165,outputViewer0000000138_heading.xml,00000001389_lightTableData.bin
4,13,LN_TASP,EXCELLENT,1.3060433043039288,-1.2386888866404127,0.5020866309603008,-0.08534971141801714,-2.4670819939405115,outputViewer0000000138_heading.xml,00000001389_lightTableData.bin
4,13,LN_TASP,QBEST,0.46183052804944064,0.6065808803856083,0.031821632306686616,0.7613667739673088,0.44725337775584106,outputViewer0000000138_heading.xml,00000001389_lightTableData.bin
4,13,LN_TASP,QABOVE_AVG,-0.1116094825174219,-3.4832617839249123,0.0005910736536174918,0.9143633278573173,1.0936571596143956,outputViewer0000000138_heading.xml,00000001389_lightTableData.bin
4,13,LN_TASP,QBELOW_AVG,0.07228297260794989,0.1553092931594172,6.4387647362064175,0.25624959724389956,0.1462179648913751,outputViewer0000000138_heading.xml,00000001389_lightTableData.bin
4,13,LN_TASP,EXT_BRICK,3.680550215069461,0.30114685354919174,0.11188546808341568,0.15816244095516857,2.6915636025643037,outputViewer0000000138_heading.xml,00000001389_lightTableData.bin
4,13,LN_TASP,EXT_BRICK_SIDING,0.19635465876324631,0.22795919759079003,2.1050049920303335,0.036441288293540285,0.08223629936948698,outputViewer0000000138_heading.xml,00000001389_lightTableData.bin
4,13,LN_TASP,YB_PRE_1910,2.3902533635747356,0.01763928718215353,0.10324721830389061,9.685490964576598,0.5190027854024309,outputViewer0000000138_heading.xml,00000001389_lightTableData.bin
4,13,LN_TASP,YB_1930_TO_1945,0.28033537845996875,3.567155902667482,0.29256386779481985,0.1124998377413258,0.1527130030894162,outputViewer0000000138_heading.xml,00000001389_lightTableData.bin
4,13,LN_TASP,YB_1946_TO_1960,0.26075679778449207,0.10670604933950595,0.13611029265437707,2.4436927371834734,0.015290765176949791,outputViewer0000000138_heading.xml,00000001389_lightTableData.bin
4,13,LN_TASP,SLAB,2.589590049238879,-0.02150471436959563,0.09012465180236676,-0.012027307229186601,-0.23861079005057412,outputViewer0000000138_heading.xml,00000001389_lightTableData.bin
4,13,LN_TASP,LN_GARAGESPACES,0.22166361160277145,0.11905358990806567,1.5805965759219924,0.1153626628101259,0.16535421247209373,outputViewer0000000138_heading.xml,00000001389_lightTableData.bin
4,13,LN_TASP,FIREPLACE,3.130220840653659,0.0019940518611614826,0.701752880737695,1.425003056558574,1.7049794056443905,outputViewer0000000138_heading.xml,00000001389_lightTableData.bin
4,13,LN_TASP,HOT_WATER,0.7602311010892874,1.3153894895475373,1.751531049202193,0.5098852626683454,0.12068621201128216,outputViewer0000000138_heading.xml,00000001389_lightTableData.bin
4,13,LN_TASP,CENTRAL_AIR,0.5721544758686001,0.12820545507514391,0.17362801501727826,4.46279353349862,1.3189272254113004e-05,outputViewer0000000138_heading.xml,00000001389_lightTableData.bin
4,13,LN_TASP,ECF5R501,0.17882398048421771,4.958258893333866,1.4041860191234642e-06,0.7247034784171779,1.3798747070789508,outputViewer0000000138_heading.xml,00000001389_lightTableData.bin
4,13,LN_TASP,ECF5R502,1.8415166403566874e-07,0.854255242371485,1.1706103169164233,0.5824927885623001,0.10962758455671964,outputViewer0000000138_heading.xml,00000001389_lightTableData.bin
4,13,LN_TASP,ECF5R503,1.2633382392367096,-0.544301494840174,0.0679372506966521,-0.27622074777764083,-8.011826932334145,outputViewer0000000138_heading.xml,00000001389_lightTableData.bin
4,13,LN_TASP,ECF5R504,0.06492981498423735,-0.26882646799746673,-8.158514525535978,1.9899530370346288e-14,0.8660599921155155,outputViewer0000000138_heading.xml,00000001389_lightTableData.bin
4,13,LN_TASP,ECF5R510,-0.3839514788819377,0.10903554311951227,-0.12143253288169394,-3.5213423797146044,0.0005218994528825295,outputViewer0000000138_heading.xml,00000001389_lightTableData.bin
4,13,LN_TASP,ECF5R512_513,0.23413855810980708,0.2732525197864202,3.6596185857009504,-0.15225503460580508,0.12029572572043343,outputViewer0000000138_heading.xml,00000001389_lightTableData.bin
4,13,LN_TASP,ECF5R517_521,0.19291655260621351,-0.03813075861627855,-0.8819016801710401,0.3788057958293527,0.5158946052641821,outputViewer0000000138_heading.xml,00000001389_lightTableData.bin
4,13,LN_TASP,ECF5R528,0.4592104036447811,2.1776510115253025,-0.03341800914408686,0.08064747479862079,-0.01854023794572226,outputViewer0000000138_heading.xml,00000001389_lightTableData.bin
4,13,LN_TASP,ECF5R529,-0.3679393788720654,0.10617847062697794,-0.1163683777269441,-3.4652917554698606,0.0006317678176797982,outputViewer0000000138_heading.xml,00000001389_lightTableData.bin
4,13,LN_TASP,ECF5R530_532_535,-0.10119917814290888,-2.40149010236909,0.017183233066716517,0.5500696080392115,1.8179517380802386,outputViewer0000000138_heading.xml,00000001389_lightTableData.bin
4,13,LN_TASP,ECF5R533,1.827734939649346,0.0813329723991887,0.11871634858407644,0.028946389551118456,0.685103386089976,outputViewer0000000138_heading.xml,00000001389_lightTableData.bin
4,13,LN_TASP,ECF5R534,0.08340840491208945,-0.09227839945779996,-2.5184090029394075,0.012477906269667861,0.6987319478177895,outputViewer0000000138_heading.xml,00000001389_lightTableData.bin
4,13,LN_TASP,ECF5R538,1.2866169027565049,0.1996376808966179,0.7885944293631104,1.2680789551197138,0.6653346308355935,outputViewer0000000138_heading.xml,00000001389_lightTableData.bin
4,13,LN_TASP,ECF5R539,0.9082625020879438,1.101003286716304,0.5882931597064902,0.4667584611070094,0.04053532081515992,outputViewer0000000138_heading.xml,00000001389_lightTableData.bin
4,14,LN_TASP,(Constant),0.026566893515162462,,,-0.6533464691180569,0.28667192034366035,outputViewer0000000138_heading.xml,00000001389_lightTableData.bin
4,14,LN_TASP,LN_LANDRATIO,2.3221312848206024,11.596466871710229,0.20968775511769605,-0.0667452201541209,55.303500508178104,outputViewer0000000138_heading.xml,00000001389_lightTableData.bin
4,14,LN_TASP,LN_BASE_BLDGSIZE_RATIO,0.11509403836385693,-0.06853406747264837,101.2631911361987,5.3491391722146425e-194,0.762630147953075,outputViewer0000000138_heading.xml,00000001389_lightTableData.bin
4,14,LN_TASP,ARTERIAL,3.512001009225985,0.0005414387506171276,0.3116627283293614,3.2085966947681084,0.4502648131806465,outputViewer0000000138_heading.xml,00000001389_lightTableData.bin
4,14,LN_TASP,SINGLE_FAMILY1STORY,0.38392988326735084,2.604642263034385,0.4592635770826919,0.11047244136286602,0.2048150085700012,outputViewer0000000138_heading.xml,00000001389_lightTableData.bin
4,14,LN_TASP,HALF_DUPLEX2STORY,0.2597851317985891,0.3197561054215659,0.09527824893286511,0.812447760633339,0.4174334195812702,outputViewer0000000138_heading.xml,00000001389_lightTableData.bin
4,14,LN_TASP,ROW_HOUSE2STORY,0.12926605171345185,1.228981149024149,0.2203402477404619,0.08477636397021748,11.795740618827518,outputViewer0000000138_heading.xml,00000001389_lightTableData.bin
4,14,LN_TASP,SMALLEST,0.09329360412404131,0.6869097723824003,1.4557952735651336,-0.18077038685113367,0.10570304665900197,outputViewer0000000138_heading.xml,00000001389_lightTableData.bin
4,14,LN_TASP,LARGE,0.06966864150600008,0.02346242882342263,0.6357360340895444,0.52563415003466,0.7237093418489463,outputViewer0000000138_heading.xml,00000001389_lightTableData.bin
4,14,LN_TASP,TWO_BATHS,0.5626178106404083,1.7774055159429363,-0.33041678808169594,0.6072541230100182,-0.02276679625900899,outputViewer0000000138_heading.xml,00000001389_lightTableData.bin
4,14,LN_TASP,THREE_PLUS_BATHS,-0.20363190850024987,0.10036687997369012,-0.07247255786442572,-2.0288755469297177,0.04364883910789509,outputViewer0000000138_heading.xml,00000001389_lightTableData.bin
4,14,LN_TASP,POWDER_ROOM,-0.07243616877783687,-2.083138117593926,0.038301881435354894,0.7831852071025993,1.2768371911664533,outputViewer0000000138_heading.xml,00000001389_lightTableData.bin
4,14,LN_TASP,EXCELLENT,0.014375017344463285,0.7897088164935301,1.2662895223079895,-1.2616493171895486,0.5001334447275726,outputViewer0000000138_heading.xml,00000001389_lightTableData.bin
4,14,LN_TASP,QBEST,0.5462073671898356,1.8308065032972134,0.47438081022580125,0.6047897277856982,0.032686387753772514,outputViewer0000000138_heading.xml,00000001389_lightTableData.bin
4,14,LN_TASP,QABOVE_AVG,-1.6485902882958623,0.46429715059506477,-0.11359325724978774,-3.550722390139488,0.0004639947217723969,outputViewer0000000138_heading.xml,00000001389_lightTableData.bin
4,14,LN_TASP,QBELOW_AVG,0.13458238502649222,1.7525178758592808,0.08108422585308696,0.16231621279569483,6.160814023295911,outputViewer0000000138_heading.xml,00000001389_lightTableData.bin
4,14,LN_TASP,EXT_BRICK,0.0076274738357895696,0.2717095668989295,3.6804004047895007,0.29179763757688715,0.11157176127140662,outputViewer0000000138_heading.xml,00000001389_lightTableData.bin
4,14,LN_TASP,EXT_BRICK_SIDING,12.160080252480826,0.41133306023306476,0.19590875810376135,0.22685919998317147,2.0996154751550504,outputViewer0000000138_heading.xml,00000001389_lightTableData.bin
4,14,LN_TASP,YB_PRE_1910,0.1304542469842056,0.2862414137553649,3.978427666408345,9.276382146123353e-05,0.18120736658934636,outputViewer0000000138_heading.xml,00000001389_lightTableData.bin
4,14,LN_TASP,YB_1930_TO_1945,2.600571464534203,0.009949592880445125,0.28080607560474546,3.56117650889994,0.28706118656971696,outputViewer0000000138_heading.xml,00000001389_lightTableData.bin
4,14,LN_TASP,YB_1946_TO_1960,0.3027294255217665,3.3032798125800267,0.2769753745945286,0.10521092534497921,0.14457609394817889,outputViewer0000000138_heading.xml,00000001389_lightTableData.bin
4,14,LN_TASP,SLAB,0.8116368053710602,0.38616371608259653,2.589575245816492,0.39248814451414893,0.242165626384232,outputViewer0000000138_heading.xml,00000001389_lightTableData.bin
4,14,LN_TASP,LN_GARAGESPACES,6.04762337197044,0.3343966450366995,0.22081569092433936,0.11362894261271712,1.5143699419045258,outputViewer0000000138_heading.xml,00000001389_lightTableData.bin
4,14,LN_TASP,FIREPLACE,0.543631294513491,0.11747865167345681,3.1362789869744687,0.0019539342452442156,0.7025349394990412,outputViewer0000000138_heading.xml,00000001389_lightTableData.bin
4,14,LN_TASP,HOT_WATER,3.4351474291216673,0.0007045592371068483,0.7612267926962185,1.3136689480648225,1.7744025093079518,outputViewer0000000138_heading.xml,00000001389_lightTableData.bin
4,14,LN_TASP,CENTRAL_AIR,0.6573860654235408,1.5211761438169817,0.5725465148370572,0.12777330949214283,0.17374698454521786,outputViewer0000000138_heading.xml,00000001389_lightTableData.bin
4,14,LN_TASP,ECF5R501,0.5713846098539057,0.11622145527234545,0.17339438876143587,4.916343617578716,1.699662625269787e-06,outputViewer0000000138_heading.xml,00000001389_lightTableData.bin
4,14,LN_TASP,ECF5R502,0.17676531584658664,5.3133779323663495,2.463933979889519e-07,0.8556311685958751,1.168727877972281,outputViewer0000000138_heading.xml,00000001389_lightTableData.bin
4,14,LN_TASP,ECF5R503,6.257578793075282e-14,0.7951598787180302,1.2576087234333508,-0.5398899936501205,0.067495302710384,outputViewer0000000138_heading.xml,00000001389_lightTableData.bin
4,14,LN_TASP,ECF5R504,1.1546544224463142,-0.5241741810089419,0.06491400969217224,-0.26600658939313987,-8.074900680063061,outputViewer0000000138_heading.xml,00000001389_lightTableData.bin
4,14,LN_TASP,ECF5R510,0.8023447568887412,1.2463470240370338,-0.3847303626066822,0.10882118528215982,-0.1216788708403117,outputViewer0000000138_heading.xml,00000001389_lightTableData.bin
4,14,LN_TASP,ECF5R512_513,-0.0742721968023169,-1.2656728549079532,0.20697506682602534,0.27797377276234897,3.5974616959814423,outputViewer0000000138_heading.xml,00000001389_lightTableData.bin
4,14,LN_TASP,ECF5R517_521,1.9383804168448606,,,,,outputViewer0000000138_heading.xml,00000001389_lightTableData.bin
4,14,LN_TASP,ECF5R528,-0.4143714261051899,0.6790133164896247,0.48369315616013564,2.067426398873693,-0.03165759864353532,outputViewer0000000138_heading.xml,00000001389_lightTableData.bin
4,14,LN_TASP,ECF5R529,0.832823606676994,1.2007344556310644,-0.37616743680504355,0.10576807463176044,-0.1189706698665873,outputViewer0000000138_heading.xml,00000001389_lightTableData.bin
4,14,LN_TASP,ECF5R530_532_535,-0.23245487208667565,0.09532550634988593,-0.10211807682264668,-2.4385380260500846,0.015558251147446793,outputViewer0000000138_heading.xml,00000001389_lightTableData.bin
4,14,LN_TASP,ECF5R533,0.4940235590148888,0.5496060953720714,1.8194849155066626,0.07886310920626388,0.11800335564698733,outputViewer0000000138_heading.xml,00000001389_lightTableData.bin
4,14,LN_TASP,ECF5R534,1.4311639865947179,-0.21108247945182765,0.08335965319134067,-0.09272912483649351,-2.5321899908498504,outputViewer0000000138_heading.xml,00000001389_lightTableData.bin
4,14,LN_TASP,ECF5R538,0.511577075386545,0.04584372989108416,1.3005559921403245,0.19482245471942217,0.7933314603223546,outputViewer0000000138_heading.xml,00000001389_lightTableData.bin
4,14,LN_TASP,ECF5R539,1.2603802795802295,0.20883198257069363,0.9083946887007651,1.1008430723326375,0.5910654728991629,outputViewer0000000138_heading.xml,00000001389_lightTableData.bin
4,15,LN_TASP,(Constant),,-2.2790738218616933,0.023568137133567323,,,outputViewer0000000138_heading.xml,00000001389_lightTableData.bin
4,15,LN_TASP,LN_LANDRATIO,2.880069840103345e-130,0.43189237333125746,2.3153916617856303,11.607027826008167,0.20803274426241247,outputViewer0000000138_heading.xml,00000001389_lightTableData.bin
4,15,LN_TASP,LN_BASE_BLDGSIZE_RATIO,1.3112515977555224,11.666682374210884,0.11451587529679719,-0.07613879445818605,101.87829717035906,outputViewer0000000138_heading.xml,00000001389_lightTableData.bin
4,15,LN_TASP,ARTERIAL,0.12067167320040605,0.20080188408618221,3.731321537514998,0.0002432559127209132,0.3330131021993118,outputViewer0000000138_heading.xml,00000001389_lightTableData.bin
4,15,LN_TASP,SINGLE_FAMILY1STORY,4.157268287157342,4.540120102256881e-05,0.38668111775194436,2.5861102445697886,,outputViewer0000000138_heading.xml,00000001389_lightTableData.bin
4,15,LN_TASP,HALF_DUPLEX2STORY,0.07071434630692207,14.141402024133711,0.2646065323895933,0.31850842257555456,0.09704653568020258,outputViewer0000000138_heading.xml,00000001389_lightTableData.bin
4,15,LN_TASP,ROW_HOUSE2STORY,0.2715239127742834,0.2781406963868882,0.09958353957142912,0.9762106599337732,0.3299857140448128,outputViewer0000000138_heading.xml,00000001389_lightTableData.bin
4,15,LN_TASP,SMALLEST,-0.06433614661735261,-1.7101719634846375,0.0886834015729126,0.6902072121503345,1.4488402647728191,outputViewer0000000138_heading.xml,00000001389_lightTableData.bin
4,15,LN_TASP,LARGE,1.3817701971970973,0.04420241389557249,0.0694986888709913,0.023415572712603357,0.6360179539159989,outputViewer0000000138_heading.xml,00000001389_lightTableData.bin
4,15,LN_TASP,TWO_BATHS,-0.544116170745612,0.5869360370146197,0.5656819618870109,1.7677777751020802,-0.32253307982505736,outputViewer0000000138_heading.xml,00000001389_lightTableData.bin
4,15,LN_TASP,THREE_PLUS_BATHS,0.7372820533642895,1.3563330280954256,-0.20015186244029165,0.10022213561107636,-0.0712340101274394,outputViewer0000000138_heading.xml,00000001389_lightTableData.bin
4,15,LN_TASP,POWDER_ROOM,-1.2991050213764397,0.7145678012410129,-0.08951258049702976,-1.8180290507356225,0.07048455957214592,outputViewer0000000138_heading.xml,00000001389_lightTableData.bin
4,15,LN_TASP,EXCELLENT,-0.08693176010073135,-2.5226253722679575,0.012342700372315165,0.7937834421494818,1.2597894424354652,outputViewer0000000138_heading.xml,00000001389_lightTableData.bin
4,15,LN_TASP,QBEST,0.7843731274382587,0.43366112979308813,0.5474356343627965,1.8266987701010344,0.48138177993829184,outputViewer0000000138_heading.xml,00000001389_lightTableData.bin
4,15,LN_TASP,QABOVE_AVG,0.9175852689376163,1.0898169727133957,-1.7165202531914172,0.4604175972513548,-0.11827385377648825,outputViewer0000000138_heading.xml,00000001389_lightTableData.bin
4,15,LN_TASP,QBELOW_AVG,0.2537979763342647,0.1459125199382505,0.1332947928009894,1.7393845054671857,0.08336580678386184,outputViewer0000000138_heading.xml,00000001389_lightTableData.bin
4,15,LN_TASP,EXT_BRICK,0.15325222920376072,2.6153359438959436,0.009493416546170088,0.2733947199396149,3.657715116886206,outputViewer0000000138_heading.xml,00000001389_lightTableData.bin
4,15,LN_TASP,EXT_BRICK_SIDING,0.036912980895953525,0.08229097322571695,12.152001134524044,0.3953815437745544,0.1924235288252758,outputViewer0000000138_heading.xml,00000001389_lightTableData.bin
4,15,LN_TASP,YB_PRE_1910,5.518539443632048,0.5214518242585097,0.1304449439737527,0.2875921123724488,3.9974858999781,outputViewer0000000138_heading.xml,00000001389_lightTableData.bin
4,15,LN_TASP,YB_1930_TO_1945,0.11121633201917647,0.14984070385006332,2.5811064018926686,0.010507145048705367,0.28616976380095255,outputViewer0000000138_heading.xml,00000001389_lightTableData.bin
4,15,LN_TASP,YB_1946_TO_1960,2.6325723653351196,0.009045708326232698,0.3111917525819561,3.2134527721348847,0.329348739810834,outputViewer0000000138_heading.xml,00000001389_lightTableData.bin
4,15,LN_TASP,SLAB,0.1333686013634362,1.6207425899966816,0.1065453813444344,0.14425501332001187,6.932168088894241,outputViewer0000000138_heading.xml,00000001389_lightTableData.bin
4,15,LN_TASP,LN_GARAGESPACES,0.13131706366731175,0.1664642076545904,6.007297388967712,0.29787785342860773,0.21829496528663936,outputViewer0000000138_heading.xml,00000001389_lightTableData.bin
4,15,LN_TASP,FIREPLACE,1.4234167495115233,1.7032872614307675,0.5420137054859279,0.11736205740844963,3.1425169588723425,outputViewer0000000138_heading.xml,00000001389_lightTableData.bin
4,15,LN_TASP,HOT_WATER,0.5086902319513665,0.1222621303397574,3.48817885199257,0.000583924201237912,0.7636102556676412,outputViewer0000000138_heading.xml,00000001389_lightTableData.bin
4,15,LN_TASP,CENTRAL_AIR,4.480955507161414,1.2178247145597129e-05,0.658718131812396,1.5181000062175327,0.5707645173940612,outputViewer0000000138_heading.xml,00000001389_lightTableData.bin
4,15,LN_TASP,ECF5R501,0.7562831194279969,1.322256142324497,0.5744840224034007,0.11609328104078696,0.17433494742414923,outputViewer0000000138_heading.xml,00000001389_lightTableData.bin
4,15,LN_TASP,ECF5R502,-0.5556534828624679,0.07132262673351421,-0.28198162598577725,-7.7907041329055335,3.0251302941063287e-13,outputViewer0000000138_heading.xml,00000001389_lightTableData.bin
4,15,LN_TASP,ECF5R503,-0.2739820102965021,-7.998926917429169,6.686744201642011e-14,0.8034758432792718,1.2445924894501408,outputViewer0000000138_heading.xml,00000001389_lightTableData.bin
4,15,LN_TASP,ECF5R504,3.36318493486282e-14,0.8695274737070896,1.1500499181890849,-0.5182026152694611,0.06488088307995124,outputViewer0000000138_heading.xml,00000001389_lightTableData.bin
4,15,LN_TASP,ECF5R510,-3.535436244414395,0.0004958314220230891,0.8025593997732416,1.2460136910520816,-0.3798902076849484,outputViewer0000000138_heading.xml,00000001389_lightTableData.bin
4,15,LN_TASP,ECF5R512_513,-0.15945530328527147,0.11936448926310823,-0.07778459147468654,-1.335868852366916,0.18297239575807703,outputViewer0000000138_heading.xml,00000001389_lightTableData.bin
4,15,LN_TASP,ECF5R528,0.08033484712714899,-0.0175635660733301,-0.39407056558444237,0.6939159135621017,0.4855054781074192,outputViewer0000000138_heading.xml,00000001389_lightTableData.bin
4,15,LN_TASP,ECF5R529,-3.556531005359594,0.0004558214252148101,0.8387524486877732,1.1922468918743525,-0.3784960707856907,outputViewer0000000138_heading.xml,00000001389_lightTableData.bin
4,15,LN_TASP,ECF5R530_532_535,0.5545720568681062,1.8031921868682068,-0.22846586813101524,0.09383681612092772,-0.10036569620470857,outputViewer0000000138_heading.xml,00000001389_lightTableData.bin
4,15,LN_TASP,ECF5R533,0.028067365706158323,0.668312428692169,0.5046543708439223,0.5538163694327104,1.8056526588846191,outputViewer0000000138_heading.xml,00000001389_lightTableData.bin
4,15,LN_TASP,ECF5R534,0.012008184201886415,0.6988678954557388,1.4308855886818064,-0.2092561744146416,0.08337308657163241,outputViewer0000000138_heading.xml,00000001389_lightTableData.bin
4,15,LN_TASP,ECF5R538,1.2605071776602301,0.6653494887873479,0.5103837987276708,0.04584475365250495,1.3036258016927438,outputViewer0000000138_heading.xml,00000001389_lightTableData.bin
4,15,LN_TASP,ECF5R539,0.4663801926036135,0.040726342252025094,1.2673468605076932,0.20632986662719005,0.9084444042605053,outputViewer0000000138_heading.xml,00000001389_lightTableData.bin
4,16,LN_TASP,(Constant),-0.6836757541704703,0.28533303659229253,,-2.3960623779690917,0.017358735059123567,outputViewer0000000138_heading.xml,00000001389_lightTableData.bin
4,16,LN_TASP,LN_LANDRATIO,-0.06518694435306611,55.79423502372811,1.9423547919838158e-131,0.4349379671044212,2.299178447578289,outputViewer0000000138_heading.xml,00000001389_lightTableData.bin
4,16,LN_TASP,LN_BASE_BLDGSIZE_RATIO,3.2603781846848236e-195,0.8061501175235062,1.240463752671774,11.70181066498239,0.10968763832722499,outputViewer0000000138_heading.xml,00000001389_lightTableData.bin
4,16,LN_TASP,ARTERIAL,3.0028848516641533,0.45034019538915976,0.12043750511223408,0.2008355018352333,3.7392022939157847,outputViewer0000000138_heading.xml,00000001389_lightTableData.bin
4,16,LN_TASP,HALF_DUPLEX2STORY,0.830767771382325,0.4070221739291513,0.07096107019170145,14.092233914997314,0.272195897026461,outputViewer0000000138_heading.xml,00000001389_lightTableData.bin
4,16,LN_TASP,ROW_HOUSE2STORY,0.09025169150614977,11.080124741283766,0.25911200493207837,0.2777240319870422,0.0950313743380537,outputViewer0000000138_heading.xml,00000001389_lightTableData.bin
4,16,LN_TASP,SMALLEST,-0.18215537594833747,0.1053166692304532,-0.06482906397607087,-1.7295968176675465,0.08513754112742533,outputViewer0000000138_heading.xml,00000001389_lightTableData.bin
4,16,LN_TASP,LARGE,0.5254475223256132,0.7238645346591113,1.3814739528176068,0.044659480940546455,0.06931903990577186,outputViewer0000000138_heading.xml,00000001389_lightTableData.bin
4,16,LN_TASP,TWO_BATHS,0.5996031079526897,-0.022223583001939322,-0.5379109540081072,0.5912027657666816,0.5774961270623716,outputViewer0000000138_heading.xml,00000001389_lightTableData.bin
4,16,LN_TASP,THREE_PLUS_BATHS,-1.9970823932250277,0.04701559732352358,0.7385090044091898,1.3540796307554896,-0.19642531848073833,outputViewer0000000138_heading.xml,00000001389_lightTableData.bin
4,16,LN_TASP,POWDER_ROOM,0.4104686444163497,2.436239682624021,-1.3017607356870489,0.7118148143931531,-0.08969556788996098,outputViewer0000000138_heading.xml,00000001389_lightTableData.bin
4,16,LN_TASP,EXCELLENT,-1.2625470866934867,0.4996235379667358,-0.08699361935280621,-2.5269968101013394,0.012191320604878746,outputViewer0000000138_heading.xml,00000001389_lightTableData.bin
4,16,LN_TASP,QBEST,0.6035956524443964,0.03316877744100704,0.79752360373841,0.4259991950111037,0.547735004438044,outputViewer0000000138_heading.xml,00000001389_lightTableData.bin
4,16,LN_TASP,QABOVE_AVG,-3.7281812498889373,0.00024150848846459197,0.9339811946640568,1.0706853689486644,-1.7271930110203615,outputViewer0000000138_heading.xml,00000001389_lightTableData.bin
4,16,LN_TASP,QBELOW_AVG,0.16247234385234996,6.154893665526056,0.24891072030142683,0.14521631553794,0.13072800409104113,outputViewer0000000138_heading.xml,00000001389_lightTableData.bin
4,16,LN_TASP,EXT_BRICK,0.2971426706821019,0.11147614873521751,0.1560594426046102,2.665526877752897,0.008220011520330407,outputViewer0000000138_heading.xml,00000001389_lightTableData.bin
4,16,LN_TASP,EXT_BRICK_SIDING,0.2180615889663336,2.054746351386001,0.04109046578895799,0.08499072229832602,11.765990133486559,outputViewer0000000138_heading.xml,00000001389_lightTableData.bin
4,16,LN_TASP,YB_PRE_1910,8.594496066221443e-05,0.18126848045010516,5.516678892639881,0.5067062782894629,0.12974394160852498,outputViewer0000000138_heading.xml,00000001389_lightTableData.bin
4,16,LN_TASP,YB_1930_TO_1945,3.494429274140776,0.2825180414735328,0.1104026603317008,0.1474692649695936,2.5589785665011835,outputViewer0000000138_heading.xml,00000001389_lightTableData.bin
4,16,LN_TASP,YB_1946_TO_1960,0.08895920665048168,0.17191403538423472,3.7022445704224443,0.00026704468286004393,0.4350361962128411,outputViewer0000000138_heading.xml,00000001389_lightTableData.bin
4,16,LN_TASP,SLAB,0.3931414628345428,0.2416198376263923,0.13359060080941668,1.6271075533228474,0.10517890119092622,outputViewer0000000138_heading.xml,00000001389_lightTableData.bin
4,16,LN_TASP,LN_GARAGESPACES,0.10121975209746473,1.364565843456213,0.17372892035523366,0.1704557927351809,5.866623738353052,outputViewer0000000138_heading.xml,00000001389_lightTableData.bin
4,16,LN_TASP,FIREPLACE,0.0019134392172891505,0.7034414396865134,1.4215824425209398,1.7321021125383314,0.527224138814373,outputViewer0000000138_heading.xml,00000001389_lightTableData.bin
4,16,LN_TASP,HOT_WATER,1.3095685823727945,1.7646064293852528,0.5083211439956457,0.12158714842666551,3.4714401520161213,outputViewer0000000138_heading.xml,00000001389_lightTableData.bin
4,16,LN_TASP,CENTRAL_AIR,0.1259603687035775,0.1732062133167423,4.5313023712818845,9.787556489314404e-06,0.6746454733986028,outputViewer0000000138_heading.xml,00000001389_lightTableData.bin
4,16,LN_TASP,ECF5R501,4.948469172833247,1.4611491434573056e-06,0.7570271313658175,1.3209566190789153,0.5748879327560539,outputViewer0000000138_heading.xml,00000001389_lightTableData.bin
4,16,LN_TASP,ECF5R502,0.7595533900297037,1.3165631450356547,-0.5558370779427718,0.07110319790987697,-0.28207479635339633,outputViewer0000000138_heading.xml,00000001389_lightTableData.bin
4,16,LN_TASP,ECF5R503,-0.5418084664434966,0.06737648795483513,-0.2749555920239104,-8.041506509016768,5.030919207548424e-14,outputViewer0000000138_heading.xml,00000001389_lightTableData.bin
4,16,LN_TASP,ECF5R504,-0.2629761542949466,-7.986984619658949,5.831411066401469e-14,0.8735187758964882,1.1447950835100307,outputViewer0000000138_heading.xml,00000001389_lightTableData.bin
4,16,LN_TASP,ECF5R510,0.10819684270418607,-0.12014807253892879,-3.5111025256400636,0.0005403928370565103,0.8090879637823949,outputViewer0000000138_heading.xml,00000001389_lightTableData.bin
4,16,LN_TASP,ECF5R512_513,0.2814201024279172,3.553406424674795,-0.15206069269311462,0.1179413895630295,-0.07417739402076254,outputViewer0000000138_heading.xml,00000001389_lightTableData.bin
4,16,LN_TASP,ECF5R528,2.059708994218079,-0.16691109779233196,0.19236939271358208,-0.037408560505190626,-0.867659326870388,outputViewer0000000138_heading.xml,00000001389_lightTableData.bin
4,16,LN_TASP,ECF5R529,0.10570909694023714,-0.11970714814047699,-3.5805439809941264,0.00041757605139149166,0.8392197756378899,outputViewer0000000138_heading.xml,00000001389_lightTableData.bin
4,16,LN_TASP,ECF5R530_532_535,-2.4347146202892347,0.01571521455895052,0.5698315272956468,1.7549046553213405,-0.22800887233863176,outputViewer0000000138_heading.xml,00000001389_lightTableData.bin
4,16,LN_TASP,ECF5R533,0.07781908703290251,0.11766600712741176,0.02769579841138643,0.6613557214416056,0.5090923315864373,outputViewer0000000138_heading.xml,00000001389_lightTableData.bin
4,16,LN_TASP,ECF5R534,-0.0919268239149649,-2.5098767842168477,0.012768751644269827,0.699155217619893,1.430297557392565,outputViewer0000000138_heading.xml,00000001389_lightTableData.bin
4,16,LN_TASP,ECF5R538,0.19376842199363822,0.793331549329437,1.2605070362388202,0.6639457267923575,0.5092241332023203,outputViewer0000000138_heading.xml,00000001389_lightTableData.bin
4,16,LN_TASP,ECF5R539,1.100782827556765,0.5843461960151473,0.46609073736604184,0.04026336212103844,1.2537176759130362,outputViewer0000000138_heading.xml,00000001389_lightTableData.bin
4,17,LN_TASP,(Constant),,,-0.689115039905624,0.2853411664120012,,outputViewer0000000138_heading.xml,00000001389_lightTableData.bin
4,17,LN_TASP,LN_LANDRATIO,11.662621807633585,0.18057589318096232,-0.06508091054147586,64.58570743961934,5.277131539281191e-145,outputViewer0000000138_heading.xml,00000001389_lightTableData.bin
4,17,LN_TASP,LN_BASE_BLDGSIZE_RATIO,-0.07767477786358255,106.68303961539434,2.0467820040647762e-200,0.8077167702388899,1.2380577410869413,outputViewer0000000138_heading.xml,00000001389_lightTableData.bin
4,17,LN_TASP,ARTERIAL,0.00023594891727199893,0.3330139390374465,3.0028773056480156,0.44068407450026514,0.1183539200382132,outputViewer0000000138_heading.xml,00000001389_lightTableData.bin
4,17,LN_TASP,HALF_DUPLEX2STORY,0.31715984137355213,0.09982999510340923,0.8582293894701114,0.3917127559368958,0.07127811457304212,outputViewer0000000138_heading.xml,00000001389_lightTableData.bin
4,17,LN_TASP,ROW_HOUSE2STORY,0.9329837359705615,0.3518025133221314,0.09046374082306122,11.054152646151438,0.48986394455075094,outputViewer0000000138_heading.xml,00000001389_lightTableData.bin
4,17,LN_TASP,SMALLEST,0.692236389664808,1.4445932270105246,-0.17995168950755766,0.10473617028885596,-0.06404477238704287,outputViewer0000000138_heading.xml,00000001389_lightTableData.bin
4,17,LN_TASP,LARGE,0.023657697195926985,0.6442599464916691,0.5200968225278844,0.724414852743107,1.3804244849665188,outputViewer0000000138_heading.xml,00000001389_lightTableData.bin
4,17,LN_TASP,TWO_BATHS,1.7316133444683628,-0.3208666662153776,0.5978971830487079,-0.02210876165961262,-0.536658601700149,outputViewer0000000138_heading.xml,00000001389_lightTableData.bin
4,17,LN_TASP,THREE_PLUS_BATHS,0.1000362044966112,-0.06990773383443534,-1.9635422942040186,0.050804018168507506,0.7400963344650721,outputViewer0000000138_heading.xml,00000001389_lightTableData.bin
4,17,LN_TASP,POWDER_ROOM,-1.8287912942593716,0.06884252805455529,0.4116984482369456,2.42896227635152,-1.3049889658308618,outputViewer0000000138_heading.xml,00000001389_lightTableData.bin
4,17,LN_TASP,EXCELLENT,0.7937881545703078,1.2597819635407868,,,,outputViewer0000000138_heading.xml,00000001389_lightTableData.bin
4,17,LN_TASP,GOOD,0.4737005007045759,0.6448366003517754,0.0326395122050066,0.7346054805917651,0.46339929255757784,outputViewer0000000138_heading.xml,00000001389_lightTableData.bin
4,17,LN_TASP,QBEST,1.825700369517123,0.48194461080991985,0.6028739224673952,0.033207558326981475,0.7994119381336892,outputViewer0000000138_heading.xml,00000001389_lightTableData.bin
4,17,LN_TASP,QABOVE_AVG,0.4603817162156067,-0.11900924166166205,-3.7516542255806695,0.0002209300698002032,0.9344457213688744,outputViewer0000000138_heading.xml,00000001389_lightTableData.bin
4,17,LN_TASP,QBELOW_AVG,1.7140685561354505,0.0879181825447579,0.1634333273373523,6.118703059479671,0.2413434066855632,outputViewer0000000138_heading.xml,00000001389_lightTableData.bin
4,17,LN_TASP,EXT_BRICK,0.2739707070482997,3.6500252555237775,0.30550519110265995,0.11127029362214987,0.16045144148045717,outputViewer0000000138_heading.xml,00000001389_lightTableData.bin
4,17,LN_TASP,EXT_BRICK_SIDING,0.39189415689619145,0.1920060122672318,0.21613821865224075,2.0410514872355017,0.04243960353964418,outputViewer0000000138_heading.xml,00000001389_lightTableData.bin
4,17,LN_TASP,YB_PRE_1910,0.27945962051789763,3.9054330553509957,0.00012310309661950748,0.18333653716566856,5.4544501355797355,outputViewer0000000138_heading.xml,00000001389_lightTableData.bin
4,17,LN_TASP,YB_1930_TO_1945,0.011175455508513302,0.28927821326462755,3.456879758467031,0.2809215086249928,0.11014780314115219,outputViewer0000000138_heading.xml,00000001389_lightTableData.bin
4,17,LN_TASP,YB_1946_TO_1960,2.298659303996743,0.3393315453077805,0.08843035598207089,0.17712487778315117,3.8372744465325845,outputViewer0000000138_heading.xml,00000001389_lightTableData.bin
4,17,LN_TASP,SLAB,0.1442729423784501,6.93130661587844,0.39170005529626567,0.24103092311544402,0.1331008063785232,outputViewer0000000138_heading.xml,00000001389_lightTableData.bin
4,17,LN_TASP,LN_GARAGESPACES,0.30670073368129197,0.21830735225370762,0.10421779220579507,1.4049033645227729,0.16139915241084155,outputViewer0000000138_heading.xml,00000001389_lightTableData.bin
4,17,LN_TASP,FIREPLACE,0.11934749479560013,3.2853239922464477,0.0011901898208987337,0.7401842085656963,1.3510150425091692,outputViewer0000000138_heading.xml,00000001389_lightTableData.bin
4,17,LN_TASP,HOT_WATER,0.0006191161489085999,0.7639744866033595,1.308944235096139,1.7541369779387759,0.5084152072225532,outputViewer0000000138_heading.xml,00000001389_lightTableData.bin
4,17,LN_TASP,CENTRAL_AIR,1.4822600008896332,0.5706093149495332,0.12565387885857493,0.17315911503558612,4.5411197818394555,outputViewer0000000138_heading.xml,00000001389_lightTableData.bin
4,17,LN_TASP,ECF5R501,0.11600128226000436,0.17445751948420282,4.955875672714588,1.4079219826197196e-06,0.7570413470966939,outputViewer0000000138_heading.xml,00000001389_lightTableData.bin
4,17,LN_TASP,ECF5R502,-7.817328816170732,2.5291166505935824e-13,0.7606433970764316,1.3146765012929142,-0.5566894993758489,outputViewer0000000138_heading.xml,00000001389_lightTableData.bin
4,17,LN_TASP,ECF5R503,0.8046735913745993,1.2427399267468573,-0.547971225010631,0.06694489752300453,-0.278083053175357,outputViewer0000000138_heading.xml,00000001389_lightTableData.bin
4,17,LN_TASP,ECF5R504,-0.3855489278265291,0.114586248796008,-0.12193775888591665,-3.364705031167414,0.0009108695752114877,outputViewer0000000138_heading.xml,00000001389_lightTableData.bin
4,17,LN_TASP,ECF5R510,1.2359595554049685,-0.37772308334493304,0.10802118627015483,-0.11946267500264646,-3.4967500023585107,outputViewer0000000138_heading.xml,00000001389_lightTableData.bin
4,17,LN_TASP,ECF5R512_513,-1.2892903268012734,0.1986449359996625,0.2871969429198087,3.4819312135896263,-0.15346851309128356,outputViewer0000000138_heading.xml,00000001389_lightTableData.bin
4,17,LN_TASP,ECF5R528,0.38653494808286926,0.5168231356003384,1.934897900494347,-0.16037032501965937,0.1914889893086866,outputViewer0000000138_heading.xml,00000001389_lightTableData.bin
4,17,LN_TASP,ECF5R529,1.1915829786540735,-0.38042096503171396,0.1057026131178343,-0.12031593543960309,-3.598974082198246,outputViewer0000000138_heading.xml,00000001389_lightTableData.bin
4,17,LN_TASP,ECF5R530_532_535,0.09363931017264396,-0.10016493667226546,-2.4349695861518947,0.015700674838542993,0.5699374282600913,outputViewer0000000138_heading.xml,00000001389_lightTableData.bin
4,17,LN_TASP,ECF5R533,0.5545575521270835,1.803239350297114,0.08045384815623068,0.11696016645556719,0.028633509398705025,outputViewer0000000138_heading.xml,00000001389_lightTableData.bin
4,17,LN_TASP,ECF5R534,-0.19375282285452836,0.08232360219062526,-0.08511615812245003,-2.353551323056564,0.019437819953718197,outputViewer0000000138_heading.xml,00000001389_lightTableData.bin
4,17,LN_TASP,ECF5R538,0.045748029864583546,1.3038379045726898,0.19368963873296477,0.7934369699274789,1.2603395580261418,outputViewer0000000138_heading.xml,00000001389_lightTableData.bin
4,17,LN_TASP,ECF5R539,0.21122862565948824,0.9086868861302345,1.100489085144207,,,outputViewer0000000138_heading.xml,00000001389_lightTableData.bin
4,18,LN_TASP,(Constant),-2.4150565043622825,0.016497342125048397,,,-0.7161440522204309,outputViewer0000000138_heading.xml,00000001389_lightTableData.bin
4,18,LN_TASP,LN_LANDRATIO,0.4349485748757496,2.2991223739166564,11.675809372816365,0.17770787860018192,-0.07142447826413786,outputViewer0000000138_heading.xml,00000001389_lightTableData.bin
4,18,LN_TASP,LN_BASE_BLDGSIZE_RATIO,11.70748558313688,0.10957443968233706,-0.08128055303886983,106.84504175497123,3.3398649001423374e-201,outputViewer0000000138_heading.xml,00000001389_lightTableData.bin
4,18,LN_TASP,ARTERIAL,0.19652921981919652,3.7234429950269536,0.00024996991499136724,0.3435963861334095,2.9103914952461873,outputViewer0000000138_heading.xml,00000001389_lightTableData.bin
4,18,LN_TASP,HALF_DUPLEX2STORY,14.029551791458399,0.26862649654621906,0.3164156621018461,0.09852088928529316,0.8489671300144274,outputViewer0000000138_heading.xml,00000001389_lightTableData.bin
4,18,LN_TASP,ROW_HOUSE2STORY,0.1054618980742465,0.2184616699600187,4.6449376836161305,5.700290217666253e-06,0.42405983318067125,outputViewer0000000138_heading.xml,00000001389_lightTableData.bin
4,18,LN_TASP,SMALLEST,-1.718142729596298,0.08720357490841048,0.6969025506437149,1.4349208495166508,-0.18178220393374547,outputViewer0000000138_heading.xml,00000001389_lightTableData.bin
4,18,LN_TASP,LARGE,0.043680368703305744,0.06904919851605794,0.023139027020151675,0.6325977656807635,0.5276685450477185,outputViewer0000000138_heading.xml,00000001389_lightTableData.bin
4,18,LN_TASP,TWO_BATHS,0.5920635349880631,0.5780900190001292,1.7298343979880693,-0.3596686144130998,0.5740890411716386,outputViewer0000000138_heading.xml,00000001389_lightTableData.bin
4,18,LN_TASP,THREE_PLUS_BATHS,1.3511754530209659,-0.1985377314931788,0.0999587964847839,-0.07065954122751622,-1.9861956973781787,outputViewer0000000138_heading.xml,00000001389_lightTableData.bin
4,18,LN_TASP,POWDER_ROOM,0.7092608952222457,-0.08991800349436256,-1.8399279794241945,0.06717691180534784,0.4127288190424006,outputViewer0000000138_heading.xml,00000001389_lightTableData.bin
4,18,LN_TASP,GOOD,0.5040429136311068,1.9839580578487581,,,,outputViewer0000000138_heading.xml,00000001389_lightTableData.bin
4,18,LN_TASP,QBEST,0.42490225856545616,0.5477360232796205,1.8256969735392004,0.49794841642761956,0.6015549895243489,outputViewer0000000138_heading.xml,00000001389_lightTableData.bin
4,18,LN_TASP,QABOVE_AVG,1.0701531155122577,-1.7296197710509187,0.4611866411382842,-0.11917645335664269,-3.7503683254613223,outputViewer0000000138_heading.xml,00000001389_lightTableData.bin
4,18,LN_TASP,QBELOW_AVG,0.14416415317638576,0.12675364812865095,1.6740874993402695,0.09552165616427005,0.1652637890503029,outputViewer0000000138_heading.xml,00000001389_lightTableData.bin
4,18,LN_TASP,EXT_BRICK,2.745613237438649,0.006504878993366873,0.2752409611396786,3.633180162790241,0.30757539762348624,outputViewer0000000138_heading.xml,00000001389_lightTableData.bin
4,18,LN_TASP,EXT_BRICK_SIDING,0.08508625410753665,11.752779699716777,0.38153859674773716,0.19018760605425777,0.21042690021524266,outputViewer0000000138_heading.xml,00000001389_lightTableData.bin
4,18,LN_TASP,YB_PRE_1910,0.5077647696876275,0.1297652832460789,0.2800434017282886,3.912947723658366,0.00011942980039528983,outputViewer0000000138_heading.xml,00000001389_lightTableData.bin
4,18,LN_TASP,YB_1930_TO_1945,0.14663590394087478,2.5504050068524524,0.011442559101191517,0.2895683504296256,3.4534160881751204,outputViewer0000000138_heading.xml,00000001389_lightTableData.bin
4,18,LN_TASP,YB_1946_TO_1960,0.00016025891683813277,0.44034082364179633,2.2709681826218073,0.3357529971447605,0.08839148570024423,outputViewer0000000138_heading.xml,00000001389_lightTableData.bin
4,18,LN_TASP,SLAB,1.625102913075835,0.10559883441421283,0.1443515042844588,6.92753431948587,0.3767659840201854,outputViewer0000000138_heading.xml,00000001389_lightTableData.bin
4,18,LN_TASP,LN_GARAGESPACES,0.17066817480331775,5.8593232226947105,0.32572343588013347,0.21725880047308221,0.11068176117370665,outputViewer0000000138_heading.xml,00000001389_lightTableData.bin
4,18,LN_TASP,FIREPLACE,1.7373240308763607,0.5256278089951307,0.11970730203049675,3.3052361407545976,0.0011118092704532282,outputViewer0000000138_heading.xml,00000001389_lightTableData.bin
4,18,LN_TASP,HOT_WATER,0.12086576901550015,3.4502055662763085,0.0006667784967046592,0.7642520542284352,1.3084688414865544,outputViewer0000000138_heading.xml,00000001389_lightTableData.bin
4,18,LN_TASP,CENTRAL_AIR,9.359878419040197e-06,0.6747817328659468,1.481960686387848,0.5764040584971879,0.12301276149231119,outputViewer0000000138_heading.xml,00000001389_lightTableData.bin
4,18,LN_TASP,ECF5R501,1.320931814140759,0.5688932692356287,0.115745553629167,0.1726383577514072,4.91503346260959,outputViewer0000000138_heading.xml,00000001389_lightTableData.bin
4,18,LN_TASP,ECF5R502,0.07031523041273034,-0.2825073810291657,-7.91705432959887,1.3442267340126809e-13,0.774148204102604,outputViewer0000000138_heading.xml,00000001389_lightTableData.bin
4,18,LN_TASP,ECF5R503,-8.185406883658752,1.9799698015985893e-14,0.8140856795708495,1.2283719331940053,-0.5479772826488942,outputViewer0000000138_heading.xml,00000001389_lightTableData.bin
4,18,LN_TASP,ECF5R504,0.7576420698867588,1.3198844675421275,-0.38514949772492874,0.11416535356974547,-0.12181143092101919,outputViewer0000000138_heading.xml,00000001389_lightTableData.bin
4,18,LN_TASP,ECF5R510,0.0005682302630256013,0.8097829542601734,1.234898801881562,-0.3826746271688464,0.10759964871006614,outputViewer0000000138_heading.xml,00000001389_lightTableData.bin
4,18,LN_TASP,ECF5R512_513,0.11770649305690864,-0.07486414906926281,-1.3038236813077486,0.19364406219379873,0.28736394604942694,outputViewer0000000138_heading.xml,00000001389_lightTableData.bin
4,18,LN_TASP,ECF5R528,-0.03594262506258959,-0.8374911037894565,0.403229597618046,0.5197018332671342,1.9241802433396185,outputViewer0000000138_heading.xml,00000001389_lightTableData.bin
4,18,LN_TASP,ECF5R529,0.0003902091127527098,0.8394860596129207,1.1912050099570335,-0.3855740994660536,0.10562162857413128,outputViewer0000000138_heading.xml,00000001389_lightTableData.bin
4,18,LN_TASP,ECF5R530_532_535,1.7545785737441502,-0.21272554916669673,0.08506488923852719,-0.09345092996736382,-2.5007444442818376,outputViewer0000000138_heading.xml,00000001389_lightTableData.bin
4,18,LN_TASP,ECF5R533,0.6878739197656225,0.49227019303745834,0.5588425660205835,1.7894127269524556,0.07755695681509484,outputViewer0000000138_heading.xml,00000001389_lightTableData.bin
4,18,LN_TASP,ECF5R534,0.718069858443288,1.3926221637653915,-0.1965852922641312,0.0822394292222815,-0.08636046987281751,outputViewer0000000138_heading.xml,00000001389_lightTableData.bin
4,18,LN_TASP,ECF5R538,0.6677388184427896,0.507867286747009,0.046009386272345076,1.314789977357647,0.18998119901822005,outputViewer0000000138_heading.xml,00000001389_lightTableData.bin
4,19,LN_TASP,(Constant),0.2844214572648972,,-2.51789741571237,0.01246895904481238,,outputViewer0000000138_heading.xml,00000001389_lightTableData.bin
4,19,LN_TASP,LN_LANDRATIO,65.70226072579099,5.176861186608702e-147,0.463946308614045,2.155421826692226,11.67432240775267,outputViewer0000000138_heading.xml,00000001389_lightTableData.bin
4,19,LN_TASP,LN_BASE_BLDGSIZE_RATIO,0.8157774550635555,1.2258245110758694,11.724756904920481,0.10850279161562987,-0.08192721653394455,outputViewer0000000138_heading.xml,00000001389_lightTableData.bin
4,19,LN_TASP,ARTERIAL,0.429452562338357,0.11633052165461373,0.19152037005517286,3.6916585280465357,0.00028099391101545085,outputViewer0000000138_heading.xml,00000001389_lightTableData.bin
4,19,LN_TASP,HALF_DUPLEX2STORY,0.3968308676297183,0.07133629765778755,14.018109052942043,0.29657034754271305,0.3098859341900816,outputViewer0000000138_heading.xml,00000001389_lightTableData.bin
4,19,LN_TASP,ROW_HOUSE2STORY,2.3581577922612365,0.4881449709149685,0.10545875484613265,0.21769506965136634,4.628776165878177,outputViewer0000000138_heading.xml,00000001389_lightTableData.bin
4,19,LN_TASP,SMALLEST,0.10440029399365917,-0.06469625212639521,-1.7412039466554199,0.0830650637645668,0.6985742584564217,outputViewer0000000138_heading.xml,00000001389_lightTableData.bin
4,19,LN_TASP,LARGE,0.726891003539574,1.3757220754288193,0.04514490000562083,0.06866224272174737,0.023914840741100465,outputViewer0000000138_heading.xml,00000001389_lightTableData.bin
4,19,LN_TASP,TWO_BATHS,-0.02478234266679722,-0.6265031878662314,0.5316526722784908,0.6242691509869338,1.6018731638733985,outputViewer0000000138_heading.xml,00000001389_lightTableData.bin
4,19,LN_TASP,THREE_PLUS_BATHS,0.04820922006767292,0.7405208373750091,1.3504008928969373,-0.19136922032796946,0.09977505677881864,outputViewer0000000138_heading.xml,00000001389_lightTableData.bin
4,19,LN_TASP,POWDER_ROOM,2.4228984114076795,-1.3208551061061629,0.683652424108245,-0.09101123239826232,-1.9320564946860006,outputViewer0000000138_heading.xml,00000001389_lightTableData.bin
4,19,LN_TASP,POOR,0.035367456542119945,0.5201088234186643,0.002436933310709113,0.06800010872657457,0.9458502484264579,outputViewer0000000138_heading.xml,00000001389_lightTableData.bin
4,19,LN_TASP,QBEST,0.03431027282276207,0.8277687411775084,0.4086824951895952,0.5486850963308257,1.8225390240908916,outputViewer0000000138_heading.xml,00000001389_lightTableData.bin
4,19,LN_TASP,QABOVE_AVG,0.00022179627404460026,0.9344598587863459,1.0701369251952417,-1.7450314310012478,0.4618687007727588,outputViewer0000000138_heading.xml,00000001389_lightTableData.bin
4,19,LN_TASP,QBELOW_AVG,6.050932304932332,0.24888438404016333,0.14356986373404843,0.13071417227670212,1.7335419674229233,outputViewer0000000138_heading.xml,00000001389_lightTableData.bin
4,19,LN_TASP,EXT_BRICK,0.11127146628490577,0.1615387147252421,2.7641893100963797,0.0061550006303443825,0.2753291326270143,outputViewer0000000138_heading.xml,00000001389_lightTableData.bin
4,19,LN_TASP,EXT_BRICK_SIDING,2.006117037084371,0.046062676128269614,0.08640353773646942,11.573600181163851,0.372227499138296,outputViewer0000000138_heading.xml,00000001389_lightTableData.bin
4,19,LN_TASP,YB_PRE_1910,0.18334771589412546,5.454117577212973,0.559437658601573,0.12109048392050506,0.30854213274007486,outputViewer0000000138_heading.xml,00000001389_lightTableData.bin
4,19,LN_TASP,YB_1930_TO_1945,0.2811327664811748,0.10996986818851534,0.14674617668879458,2.5564527002909947,0.01124822498112251,outputViewer0000000138_heading.xml,00000001389_lightTableData.bin
4,19,LN_TASP,YB_1946_TO_1960,0.17525694090907976,3.7984766800206953,0.00018561854750164815,0.44097831518471076,2.2676852025731336,outputViewer0000000138_heading.xml,00000001389_lightTableData.bin
4,19,LN_TASP,SLAB,0.2369011302773196,0.1280261659681276,1.5903933576810636,0.11320194221606793,0.14882749253264854,outputViewer0000000138_heading.xml,00000001389_lightTableData.bin
4,19,LN_TASP,LN_GARAGESPACES,1.4992416195379379,0.13517634707601325,0.17220729867341789,5.806954802168098,0.47983306035969125,outputViewer0000000138_heading.xml,00000001389_lightTableData.bin
4,19,LN_TASP,FIREPLACE,0.7414261049687457,1.348752078323644,1.7266930627138044,0.5228463281091036,0.11897479358987512,outputViewer0000000138_heading.xml,00000001389_lightTableData.bin
4,19,LN_TASP,HOT_WATER,1.6499024195653786,0.5005492395363254,0.11368366738134178,3.2961840499323016,0.0011351343831192688,outputViewer0000000138_heading.xml,00000001389_lightTableData.bin
4,19,LN_TASP,CENTRAL_AIR,0.1749176083484035,4.685725704427956,4.95945993085207e-06,0.7009655625179982,1.4266036071840884,outputViewer0000000138_heading.xml,00000001389_lightTableData.bin
4,19,LN_TASP,ECF5R501,1.696201227806392e-06,0.759649405884473,1.3163967380922026,0.562812915342031,0.11565113290783842,outputViewer0000000138_heading.xml,00000001389_lightTableData.bin
4,19,LN_TASP,ECF5R502,1.2917423236280763,-0.5565917913712036,0.07014221205728621,-0.2824577964177641,-7.935190166466758,outputViewer0000000138_heading.xml,00000001389_lightTableData.bin
4,19,LN_TASP,ECF5R503,0.06689247429018685,-0.2780861272903221,-8.191912296018666,1.869069070407867e-14,0.8140856899112088,outputViewer0000000138_heading.xml,00000001389_lightTableData.bin
4,19,LN_TASP,ECF5R504,-3.3736110446996044,0.0008826773435703296,0.7596382705675999,1.3164160347698153,-0.384228116193979,outputViewer0000000138_heading.xml,00000001389_lightTableData.bin
4,19,LN_TASP,ECF5R508_509,0.07707478597707063,0.3021222672645308,0.011784098195765081,0.25511123915135275,0.7988868547052264,outputViewer0000000138_heading.xml,00000001389_lightTableData.bin
4,19,LN_TASP,ECF5R510,-0.12102870232975411,-3.5564672539032793,0.000458588933031604,0.8139811303100302,1.2285297075856276,outputViewer0000000138_heading.xml,00000001389_lightTableData.bin
4,19,LN_TASP,ECF5R512_513,3.479907670212737,-0.13322516399026968,0.11378556187854522,-0.06498915207976305,-1.1708441896387023,outputViewer0000000138_heading.xml,00000001389_lightTableData.bin
4,19,LN_TASP,ECF5R528,-0.1682314531391972,0.19062937832128546,-0.037704482067836,-0.8825053862141913,0.3784668152811528,outputViewer0000000138_heading.xml,00000001389_lightTableData.bin
4,19,LN_TASP,ECF5R529,-0.1219457199333728,-3.650522195796628,0.0003228179938752221,0.8412510539881143,1.1887057915224064,outputViewer0000000138_heading.xml,00000001389_lightTableData.bin
4,19,LN_TASP,ECF5R530_532_535,0.013129248403695096,0.6879499303662482,1.4535941583243184,-0.2152074653805508,0.08473772890961162,outputViewer0000000138_heading.xml,00000001389_lightTableData.bin
4,19,LN_TASP,ECF5R533,0.11644400852410319,0.02760250631626246,0.6660450614686716,0.5060897206316965,0.5615413308658579,outputViewer0000000138_heading.xml,00000001389_lightTableData.bin
4,19,LN_TASP,ECF5R534,-2.39040195345701,0.01763232825255994,0.7190718598819273,1.3906815935812054,-0.19983045820655582,outputViewer0000000138_heading.xml,00000001389_lightTableData.bin
4,19,LN_TASP,ECF5R538,0.794189355911082,1.259145558369786,0.6847357008133871,0.5024085134864789,0.04718052700104817,outputViewer0000000138_heading.xml,00000001389_lightTableData.bin
4,20,LN_TASP,(Constant),,-0.73289346187682,0.28401330182409806,,-2.580489917795235,outputViewer0000000138_heading.xml,00000001389_lightTableData.bin
4,20,LN_TASP,LN_LANDRATIO,0.17738017349206794,-0.0721818271215494,65.81526096136511,1.2773289765336912e-147,0.46462547832443624,outputViewer0000000138_heading.xml,00000001389_lightTableData.bin
4,20,LN_TASP,LN_BASE_BLDGSIZE_RATIO,108.05949533957913,5.66342954220388e-203,0.8160491067067336,1.225416450776624,11.737482411432794,outputViewer0000000138_heading.xml,00000001389_lightTableData.bin
4,20,LN_TASP,ARTERIAL,0.3545093716730992,2.8207998995358627,0.4302372581622837,0.11610350455245264,0.19187031612083585,outputViewer0000000138_heading.xml,00000001389_lightTableData.bin
4,20,LN_TASP,HALF_DUPLEX2STORY,0.10876951734554348,0.9570306839444966,0.3396070489052574,0.07410555267210545,13.494265462464009,outputViewer0000000138_heading.xml,00000001389_lightTableData.bin
4,20,LN_TASP,ROW_HOUSE2STORY,6.110198114348408e-06,0.4241676353033934,2.3575584669130456,0.4737263367458974,0.1046146831617444,outputViewer0000000138_heading.xml,00000001389_lightTableData.bin
4,20,LN_TASP,SMALLEST,1.4314870436388714,-0.18119738716888262,0.10418730424314371,-0.06448811594997884,-1.7391503550760767,outputViewer0000000138_heading.xml,00000001389_lightTableData.bin
4,20,LN_TASP,LARGE,0.6574923599360104,0.5115644053446036,0.731926354127818,1.3662576765549388,0.04715512253029119,outputViewer0000000138_heading.xml,00000001389_lightTableData.bin
4,20,LN_TASP,TWO_BATHS,-0.3519908971522411,0.5719554131682126,-0.02425332286236456,-0.6154166724333812,0.5389304613530812,outputViewer0000000138_heading.xml,00000001389_lightTableData.bin
4,20,LN_TASP,THREE_PLUS_BATHS,-0.06810826945459672,-1.9180066291738305,0.05635395266418131,0.743795981474944,1.3444546957849983,outputViewer0000000138_heading.xml,00000001389_lightTableData.bin
4,20,LN_TASP,POWDER_ROOM,0.05467905276659887,0.44215828752090935,2.261633510494159,-1.365794775152389,0.6557482580708179,outputViewer0000000138_heading.xml,00000001389_lightTableData.bin
4,20,LN_TASP,POOR,0.7747800506007786,1.290688885477345,0.4667306817734963,0.6351350715812037,0.03215926890838924,outputViewer0000000138_heading.xml,00000001389_lightTableData.bin
4,20,LN_TASP,QBEST,0.5109808314839255,0.6006835798756736,0.035208248800533505,0.8506655560481372,0.39585951626226223,outputViewer0000000138_heading.xml,00000001389_lightTableData.bin
4,20,LN_TASP,QABOVE_AVG,-0.12023836708124289,-3.778198063825524,0.00019948819222293977,0.9350236402490116,1.0694916758828517,outputViewer0000000138_heading.xml,00000001389_lightTableData.bin
4,20,LN_TASP,QBELOW_AVG,0.08438156466399138,0.16623684932118535,6.01551343209053,0.2535742981068944,0.14319192627106184,outputViewer0000000138_heading.xml,00000001389_lightTableData.bin
4,20,LN_TASP,EXT_BRICK,3.63201667204135,0.30102263955838693,0.11136156340892683,0.15809720372039446,2.7031107533306837,outputViewer0000000138_heading.xml,00000001389_lightTableData.bin
4,20,LN_TASP,EXT_BRICK_SIDING,0.18893365113975877,0.20529162576527213,1.9701492925839366,0.050064356833525545,0.0872565706337327,outputViewer0000000138_heading.xml,00000001389_lightTableData.bin
4,20,LN_TASP,YB_PRE_1910,4.619996885707711,6.313465634004184e-06,0.21075408592633818,4.744866490273007,0.5734114039203589,outputViewer0000000138_heading.xml,00000001389_lightTableData.bin
4,20,LN_TASP,YB_1930_TO_1945,0.2895719915522049,3.4533726643922225,0.27827653566188565,0.1095741300241639,0.14525527629423152,outputViewer0000000138_heading.xml,00000001389_lightTableData.bin
4,20,LN_TASP,YB_1946_TO_1960,0.33280150899762073,0.08836356046637468,0.1737163179267208,3.766275456094404,0.0002094801525326717,outputViewer0000000138_heading.xml,00000001389_lightTableData.bin
4,20,LN_TASP,SLAB,6.719188659182901,0.36925463804896574,0.23567514123052458,0.12547378898415903,1.5667950218295656,outputViewer0000000138_heading.xml,00000001389_lightTableData.bin
4,20,LN_TASP,LN_GARAGESPACES,0.14108882168049863,0.16304865520798506,3.400928965487377,0.0007906576583541151,0.4081112177186904,outputViewer0000000138_heading.xml,00000001389_lightTableData.bin
4,20,LN_TASP,FIREPLACE,3.302486734407153,0.0011214345573773137,0.7460933914161753,1.3403147803010014,1.7346458603665145,outputViewer0000000138_heading.xml,00000001389_lightTableData.bin
4,20,LN_TASP,HOT_WATER,0.7895327195930212,1.2665719547575787,1.6521694049823736,0.5003801616957972,0.11383987008342152,outputViewer0000000138_heading.xml,00000001389_lightTableData.bin
4,20,LN_TASP,CENTRAL_AIR,0.5759774452724719,0.1227305404981916,0.17478814679472934,4.693024596277719,4.789559180391257e-06,outputViewer0000000138_heading.xml,00000001389_lightTableData.bin
4,20,LN_TASP,ECF5R501,0.1707931921157714,4.866471267432656,2.1150648406815433e-06,0.7614484851505375,1.313286478995754,outputViewer0000000138_heading.xml,00000001389_lightTableData.bin
4,20,LN_TASP,ECF5R502,1.1820253676595906e-13,0.7743470750047677,1.2914105732159482,-0.5565879860089475,0.06998748666110254,outputViewer0000000138_heading.xml,00000001389_lightTableData.bin
4,20,LN_TASP,ECF5R503,1.2283719175914622,-0.5457567745744835,0.06681250535337314,-0.27695926946139016,-8.168482407417011,outputViewer0000000138_heading.xml,00000001389_lightTableData.bin
4,20,LN_TASP,ECF5R504,0.11344688191521492,-0.12152002510750481,-3.386854796777348,0.0008425774674140274,0.7656916526034642,outputViewer0000000138_heading.xml,00000001389_lightTableData.bin
4,20,LN_TASP,ECF5R508_509,0.46635107621239635,2.1443072633643006,0.07846150493455621,0.30072139919878493,0.011996116071102424,outputViewer0000000138_heading.xml,00000001389_lightTableData.bin
4,20,LN_TASP,ECF5R510,-0.38438912685434284,0.10746512204239345,-0.12157094803236466,-3.576873310604969,0.0004256695727456479,outputViewer0000000138_heading.xml,00000001389_lightTableData.bin
4,20,LN_TASP,ECF5R512_513,0.24291103097526515,0.3067753089863629,3.259714751177883,-0.13111438681194656,0.11358694651569769,outputViewer0000000138_heading.xml,00000001389_lightTableData.bin
4,20,LN_TASP,ECF5R528,0.5227131068527009,1.9130953230177892,-0.16706654089708864,0.19026143643940382,-0.03744339882850355,outputViewer0000000138_heading.xml,00000001389_lightTableData.bin
4,20,LN_TASP,ECF5R529,-0.3870969687159289,0.10563216366325177,-0.12242735857896028,-3.6645748348956286,0.0003062467858404195,outputViewer0000000138_heading.xml,00000001389_lightTableData.bin
4,20,LN_TASP,ECF5R530_532_535,-0.09454124271632275,-2.5396888511150584,0.011788533270502702,0.6907674115370944,1.447665282551187,outputViewer0000000138_heading.xml,00000001389_lightTableData.bin
4,20,LN_TASP,ECF5R533,1.7808128182801242,0.07650519527370236,0.116187658534814,0.027228184581866648,0.6584623206842459,outputViewer0000000138_heading.xml,00000001389_lightTableData.bin
4,20,LN_TASP,ECF5R534,0.08214289813812513,-0.08778608036674247,-2.432717407541872,0.01574316212754421,0.7203604516706433,outputViewer0000000138_heading.xml,00000001389_lightTableData.bin
4,20,LN_TASP,ECF5R538,1.3629062454806813,0.17433118657260613,0.8080297256451296,1.2375782329067184,0.6746165626178432,outputViewer0000000138_heading.xml,00000001389_lightTableData.bin
5,1,LN_TASP,(Constant),,-3.090128578269164,0.002120685092594197,,,outputViewer0000000152_heading.xml,00000001529_lightTableData.bin
5,1,LN_TASP,LN_LANDRATIO,9.914396972221463e-16,0.5446154238575646,1.8361580597863014,10.417041326457655,1.237600014942568,outputViewer0000000152_heading.xml,00000001529_lightTableData.bin
5,1,LN_TASP,LNSBLDSFINT,1.297876016320455,9.973423751503859,0.5837932210311249,-0.08931748909955214,17.083829328967365,outputViewer0000000152_heading.xml,00000001529_lightTableData.bin
5,1,LN_TASP,ARTERIAL,0.08783098664477174,0.17874654778254592,4.8678751342782505,1.5562908950821147e-06,0.39485859710537885,outputViewer0000000152_heading.xml,00000001529_lightTableData.bin
5,1,LN_TASP,SINGLE_FAMILY1STORY,5.174427289673699,3.3897927453711926e-07,0.4584877899111448,2.181083165145577,0.41917807767307047,outputViewer0000000152_heading.xml,00000001529_lightTableData.bin
5,1,LN_TASP,HALF_DUPLEX2STORY,0.07585632795457943,13.18281581727461,0.1744300180050211,0.13530423684212461,0.0902794527900147,outputViewer0000000152_heading.xml,00000001529_lightTableData.bin
5,1,LN_TASP,ROW_HOUSE2STORY,0.2758545656735696,0.08114584234472562,0.1427735863555329,3.3994910608195785,0.0007321141222508752,outputViewer0000000152_heading.xml,00000001529_lightTableData.bin
5,1,LN_TASP,SMALLEST,-0.05451450555399331,-2.149574919145656,0.032107469695811235,0.8213844415573155,1.217456710166114,outputViewer0000000152_heading.xml,00000001529_lightTableData.bin
5,1,LN_TASP,LARGEST,0.49190077455739034,-0.02018178467140928,-0.8117931340518826,0.41733669576913746,0.8685931982037947,outputViewer0000000152_heading.xml,00000001529_lightTableData.bin
5,1,LN_TASP,TWO_BATHS,1.4493896404295639,0.1478999770185025,0.8743807916618278,1.1436664775073835,0.06463310977872146,outputViewer0000000152_heading.xml,00000001529_lightTableData.bin
5,1,LN_TASP,THREE_PLUS_BATHS,0.8353142488270521,1.1971542463260978,-1.1813651818659723,0.49145040521401734,-0.059706395683226755,outputViewer0000000152_heading.xml,00000001529_lightTableData.bin
5,1,LN_TASP,EXCELLENT,-0.016796753102907538,-0.5159774854448668,0.6061191334152474,0.50158320761455,1.993687158618888,outputViewer0000000152_heading.xml,00000001529_lightTableData.bin
5,1,LN_TASP,GOOD,0.008204247010762134,0.9087691377483721,1.1003894811807404,-1.2625959053003715,0.4780964272516089,outputViewer0000000152_heading.xml,00000001529_lightTableData.bin
5,1,LN_TASP,FAIR,1.191067020008068,-0.29646340021254286,0.2227613502188511,-0.033370748606933676,-1.3308565418609801,outputViewer0000000152_heading.xml,00000001529_lightTableData.bin
5,1,LN_TASP,UNSOUND,1.1437102384896423,0.25333480127198105,0.19650840451147802,5.08884086910181,0.10687707736369381,outputViewer0000000152_heading.xml,00000001529_lightTableData.bin
5,1,LN_TASP,QBEST,,,0.11958086613067291,0.14745891468659567,0.06802225925383856,outputViewer0000000152_heading.xml,00000001529_lightTableData.bin
5,1,LN_TASP,QABOVE_AVG,-0.3434928789589503,0.21788426437744787,-0.03866451812869029,-1.5764923636885801,0.11559096569622507,outputViewer0000000152_heading.xml,00000001529_lightTableData.bin
5,1,LN_TASP,QBELOW_AVG,0.11084077919491092,2.161100885541992,0.031209748109151423,0.20363446977755878,4.910759956761522,outputViewer0000000152_heading.xml,00000001529_lightTableData.bin
5,1,LN_TASP,EXT_BRICK,0.0031002361948780912,0.46390789988182807,2.155600282415392,0.20405530095521543,0.06861376014130847,outputViewer0000000152_heading.xml,00000001529_lightTableData.bin
5,1,LN_TASP,YB_1930_TO_1945,2.0510828806785604,0.04082599535481203,0.23942367478351656,4.1766963977317015,0.31275182906150145,outputViewer0000000152_heading.xml,00000001529_lightTableData.bin
5,1,LN_TASP,YB_1946_TO_1960,0.3794120763266355,2.635656749995224,0.24259215157278288,0.1317462945766164,0.06816403417034755,outputViewer0000000152_heading.xml,00000001529_lightTableData.bin
5,1,LN_TASP,YB_1961_TO_1990,1.7739090243685558,0.48954473346742905,0.08965366149331111,3.6235892311699835,0.000322788139111189,outputViewer0000000152_heading.xml,00000001529_lightTableData.bin
5,1,LN_TASP,CRAWL,0.08094899453626488,3.33174219042828,0.000930218939844311,0.9075536599780268,1.1018632220867375,outputViewer0000000152_heading.xml,00000001529_lightTableData.bin
5,1,LN_TASP,SLAB,9.956245312752133e-16,0.8064090500112814,1.2400654481568756,0.6842201901924082,0.0822994179381483,outputViewer0000000152_heading.xml,00000001529_lightTableData.bin
5,1,LN_TASP,GARAGE,1.2155144168165624,-0.47573200674480015,0.04834400867579022,-0.2513139925367453,-9.84055769837386,outputViewer0000000152_heading.xml,00000001529_lightTableData.bin
5,1,LN_TASP,FIREPLACE,0.04735095393177957,-0.2501386597201594,-9.999949052164673,1.8350581913003015e-21,0.8411050483590518,outputViewer0000000152_heading.xml,00000001529_lightTableData.bin
5,1,LN_TASP,HOT_WATER,-6.138808401457402,1.8120403277953572e-09,0.8670344416385946,1.1533567203052695,-0.47034216560784703,outputViewer0000000152_heading.xml,00000001529_lightTableData.bin
5,1,LN_TASP,CENTRAL_AIR,0.8806545790172813,1.1355189921522872,-0.46202870807961505,0.07547434586784196,-0.14966376960360495,outputViewer0000000152_heading.xml,00000001529_lightTableData.bin
5,1,LN_TASP,ECF5R501,-1.5249665539141375,0.47439899362688503,-0.07707206701984394,-3.2145231638360605,0.0013989423745188407,outputViewer0000000152_heading.xml,00000001529_lightTableData.bin
5,1,LN_TASP,ECF5R503,0.0014455439359904948,0.9254595216505923,1.0805442881137166,-1.5208227250913438,0.47301365134398865,outputViewer0000000152_heading.xml,00000001529_lightTableData.bin
5,1,LN_TASP,ECF5R508_509,,,,,-0.08765255001722745,outputViewer0000000152_heading.xml,00000001529_lightTableData.bin
5,1,LN_TASP,ECF5R510,0.36982947821270107,2.70394887079517,-0.09767179043091259,0.09180293877716575,-0.04013556061593121,outputViewer0000000152_heading.xml,00000001529_lightTableData.bin
5,1,LN_TASP,ECF5R511_518,0.07725432280840248,0.05718857027568224,0.04214002187916316,1.350869980417269,0.17740995279285085,outputViewer0000000152_heading.xml,00000001529_lightTableData.bin
5,1,LN_TASP,ECF5R512_513,0.043640201949388197,1.4408044346992521,0.15030862877934606,0.5734888405350934,1.7437130931213074,outputViewer0000000152_heading.xml,00000001529_lightTableData.bin
5,1,LN_TASP,ECF5R514,0.044830137202713234,0.623902396705943,1.6028148077003121,,,outputViewer0000000152_heading.xml,00000001529_lightTableData.bin
5,1,LN_TASP,ECF5R523,0.0689099739600207,-0.05864548950937122,-2.0195392637436043,0.04401183864473341,0.6293038516261715,outputViewer0000000152_heading.xml,00000001529_lightTableData.bin
5,1,LN_TASP,ECF5R533,0.8823120837607712,0.46956335445465097,2.1296380786814084,-0.042241406954512895,0.360129176208518,outputViewer0000000152_heading.xml,00000001529_lightTableData.bin
5,1,LN_TASP,ECF5R534,1.0942281919669659,-0.127591279650698,0.06745895090134733,-0.05376767061375023,-1.8913914009319357,outputViewer0000000152_heading.xml,00000001529_lightTableData.bin
5,2,LN_TASP,(Constant),-0.67037573942166,0.2122315133330039,,-3.1587002744959953,0.0016877265994054114,outputViewer0000000152_heading.xml,00000001529_lightTableData.bin
5,2,LN_TASP,LN_LANDRATIO,0.019939493197410906,8.417130899066018,5.057460078422532e-16,0.5446156587759851,1.8361572677647278,outputViewer0000000152_heading.xml,00000001529_lightTableData.bin
5,2,LN_TASP,LNSBLDSFINT,3.141649305395396e-51,0.8427196772345172,1.1866342118432744,10.0262520294325,0.5822165642218857,outputViewer0000000152_heading.xml,00000001529_lightTableData.bin
5,2,LN_TASP,ARTERIAL,2.532552177743575,0.43139388803068274,0.08743098659440068,0.18035345213228166,4.934107515358981,outputViewer0000000152_heading.xml,00000001529_lightTableData.bin
5,2,LN_TASP,SINGLE_FAMILY1STORY,0.08123750878132023,0.17524637104069243,5.159908076470415,3.645345729851901e-07,0.4585050058630297,outputViewer0000000152_heading.xml,00000001529_lightTableData.bin
5,2,LN_TASP,HALF_DUPLEX2STORY,1.289168928305986,0.19798724413981236,0.10802679842369295,9.256962296317349,0.16899208118784606,outputViewer0000000152_heading.xml,00000001529_lightTableData.bin
5,2,LN_TASP,ROW_HOUSE2STORY,0.30175591351302533,3.3139367124841277,0.2783566782847796,0.08127295347594733,0.14406860059644488,outputViewer0000000152_heading.xml,00000001529_lightTableData.bin
5,2,LN_TASP,SMALLEST,-0.14440178546667098,0.06745404545187475,-0.05425449180333326,-2.1407431459347355,0.032816408931582434,outputViewer0000000152_heading.xml,00000001529_lightTableData.bin
5,2,LN_TASP,LARGEST,1.1512869339386351,-0.39975948624742735,0.4913520500470106,-0.020203911906657292,-0.8135907567887016,outputViewer0000000152_heading.xml,00000001529_lightTableData.bin
5,2,LN_TASP,TWO_BATHS,0.044375185842144955,0.035727026684968875,1.456514683873993,0.14592094980110845,0.8744286683204261,outputViewer0000000152_heading.xml,00000001529_lightTableData.bin
5,2,LN_TASP,THREE_PLUS_BATHS,-2.4038339765973133,0.016622247671567413,0.8646684469024741,1.1565126535868493,-1.1779045376757982,outputViewer0000000152_heading.xml,00000001529_lightTableData.bin
5,2,LN_TASP,EXCELLENT,-0.1513223862865548,0.3213099329051005,-0.015250217385396577,-0.4709545855566443,0.6378969045454131,outputViewer0000000152_heading.xml,00000001529_lightTableData.bin
5,2,LN_TASP,GOOD,-0.06381181015578503,-2.64088128112261,0.008542635493981165,0.9088023030844286,1.1003493241665994,outputViewer0000000152_heading.xml,00000001529_lightTableData.bin
5,2,LN_TASP,FAIR,0.18389406666458089,0.8413715330921997,1.1885355763402294,-0.3075831691212111,0.22186061605680207,outputViewer0000000152_heading.xml,00000001529_lightTableData.bin
5,2,LN_TASP,UNSOUND,0.09361132841901709,0.05913624303107866,1.1417109357245463,0.2541630438465483,0.19651061297752537,outputViewer0000000152_heading.xml,00000001529_lightTableData.bin
5,2,LN_TASP,QBEST,0.8109436203625,0.41782483728254927,0.07646678852837158,13.077572881578106,0.11987469340795992,outputViewer0000000152_heading.xml,00000001529_lightTableData.bin
5,2,LN_TASP,QABOVE_AVG,0.8752741794361862,1.1424991431189673,-0.3474956762379554,0.21779686180287938,-0.039115084173694276,outputViewer0000000152_heading.xml,00000001529_lightTableData.bin
5,2,LN_TASP,QBELOW_AVG,0.2262250003096082,0.1043680848035398,0.11103223723673242,2.1675687614221264,0.030709426882067493,outputViewer0000000152_heading.xml,00000001529_lightTableData.bin
5,2,LN_TASP,EXT_BRICK,0.10015125010084942,2.9739705349913512,0.0030912416417544484,0.46390821501884266,2.155598818096771,outputViewer0000000152_heading.xml,00000001529_lightTableData.bin
5,2,LN_TASP,YB_1930_TO_1945,0.15403055214558112,0.08787764247431103,2.030453210126169,0.04288525863880867,0.282825692598161,outputViewer0000000152_heading.xml,00000001529_lightTableData.bin
5,2,LN_TASP,YB_1946_TO_1960,1.8413584408759567,0.06619371215129122,0.388409481753452,2.5746024414377273,0.26450794165778574,outputViewer0000000152_heading.xml,00000001529_lightTableData.bin
5,2,LN_TASP,YB_1961_TO_1990,0.8629930800270853,1.158757843074031,1.7745584428740226,0.4892718677715655,0.08968648321418676,outputViewer0000000152_heading.xml,00000001529_lightTableData.bin
5,2,LN_TASP,CRAWL,1.604208569915489,0.48104473289627514,0.0810769718830804,3.3348428123448453,0.0009200022300167957,outputViewer0000000152_heading.xml,00000001529_lightTableData.bin
5,2,LN_TASP,SLAB,0.2124737529770181,8.313791364923508,1.030148213659151e-15,0.8065199928004543,1.2398948679842778,outputViewer0000000152_heading.xml,00000001529_lightTableData.bin
5,2,LN_TASP,GARAGE,7.757441236212461e-21,0.8230967703693035,1.2149239749189202,-0.4758496860178125,0.04828107014267469,outputViewer0000000152_heading.xml,00000001529_lightTableData.bin
5,2,LN_TASP,FIREPLACE,1.188912136422131,-0.47503563358019507,0.04731536404283796,-0.2509461208825132,-10.039775518795787,outputViewer0000000152_heading.xml,00000001529_lightTableData.bin
5,2,LN_TASP,HOT_WATER,0.07656821902635326,-0.1523567264921199,-6.142785761360919,1.7677464523101398e-09,0.8671412657572672,outputViewer0000000152_heading.xml,00000001529_lightTableData.bin
5,2,LN_TASP,CENTRAL_AIR,-6.121665617197165,1.9553846523998794e-09,0.880827971982328,1.1352954626877618,-0.4646040796333327,outputViewer0000000152_heading.xml,00000001529_lightTableData.bin
5,2,LN_TASP,ECF5R501,0.9246370000826719,1.0815054988180117,,,,outputViewer0000000152_heading.xml,00000001529_lightTableData.bin
5,2,LN_TASP,ECF5R503,-0.07686263721174134,-3.215177238056834,0.0013952177769966986,0.9256280346860563,1.080347572163983,outputViewer0000000152_heading.xml,00000001529_lightTableData.bin
5,2,LN_TASP,ECF5R508_509,0.10957676572092062,-0.02241842989428205,-0.7999191200848945,0.4241778521393975,0.6849760736491538,outputViewer0000000152_heading.xml,00000001529_lightTableData.bin
5,2,LN_TASP,ECF5R510,-1.0639287993600333,0.28791194326021385,0.36995767436943844,2.703011909955417,-0.09891105648653183,outputViewer0000000152_heading.xml,00000001529_lightTableData.bin
5,2,LN_TASP,ECF5R511_518,0.5504754304827745,1.8166115045733944,0.07721060551103466,0.05712739502335936,0.0421161753447479,outputViewer0000000152_heading.xml,00000001529_lightTableData.bin
5,2,LN_TASP,ECF5R512_513,0.08118748716181338,0.05551379131386225,0.044285450456902936,1.4624741931747725,0.1442810734499752,outputViewer0000000152_heading.xml,00000001529_lightTableData.bin
5,2,LN_TASP,ECF5R523,1.5890574917282327,-0.14123038527568466,0.06871227531302418,-0.05951526512583661,-2.0553879875509655,outputViewer0000000152_heading.xml,00000001529_lightTableData.bin
5,2,LN_TASP,ECF5R533,-0.003690404692091274,-0.11729515336478805,0.9066781516986974,0.542321672389672,1.8439240969176582,outputViewer0000000152_heading.xml,00000001529_lightTableData.bin
5,2,LN_TASP,ECF5R534,0.05919065978729509,0.6512334185761732,1.535547733693326,-0.13188282576218374,0.0672905290378887,outputViewer0000000152_heading.xml,00000001529_lightTableData.bin
5,3,LN_TASP,(Constant),,,-0.6674025409316573,0.21216470034388196,,outputViewer0000000152_heading.xml,00000001529_lightTableData.bin
5,3,LN_TASP,LN_LANDRATIO,10.572822587934962,1.0623686078882246,0.019733614010614936,9.952122558432528,3.015836292907027e-21,outputViewer0000000152_heading.xml,00000001529_lightTableData.bin
5,3,LN_TASP,LNSBLDSFINT,-0.08987675318590249,17.220829233589864,7.0062779840431e-52,0.8431499445258787,1.1860286613223008,outputViewer0000000152_heading.xml,00000001529_lightTableData.bin
5,3,LN_TASP,ARTERIAL,1.1289603461325838e-06,0.3978326844513391,2.5136195166546575,0.437058202964014,0.0866328467302695,outputViewer0000000152_heading.xml,00000001529_lightTableData.bin
5,3,LN_TASP,SINGLE_FAMILY1STORY,2.1810012698067083,0.4207923594155576,0.08136369809980101,0.1759212560890197,5.17174574463678,outputViewer0000000152_heading.xml,00000001529_lightTableData.bin
5,3,LN_TASP,HALF_DUPLEX2STORY,0.13487358007873088,0.08746494892321406,1.2529665267964185,0.21085304731213186,0.10855955871139236,outputViewer0000000152_heading.xml,00000001529_lightTableData.bin
5,3,LN_TASP,ROW_HOUSE2STORY,3.4249607819058654,0.0006681971759340877,0.30186382333995443,3.312752051357328,0.2844838815203283,outputViewer0000000152_heading.xml,00000001529_lightTableData.bin
5,3,LN_TASP,SMALLEST,0.8215622548752186,1.2171932121588072,-0.1439653475679193,0.06742039322673231,-0.054090513800402314,outputViewer0000000152_heading.xml,00000001529_lightTableData.bin
5,3,LN_TASP,SMALL,0.07701069514512987,0.046421037044128824,0.042568942913278535,1.6589611100657202,0.09781730698305793,outputViewer0000000152_heading.xml,00000001529_lightTableData.bin
5,3,LN_TASP,LARGEST,0.41630591854928267,0.8686432140031264,1.1512206437341728,-0.40012120204744855,0.4908267451669596,outputViewer0000000152_heading.xml,00000001529_lightTableData.bin
5,3,LN_TASP,TWO_BATHS,1.1436038595586844,0.0639512451884463,0.044368985430051334,0.035350114689001205,1.441350181181556,outputViewer0000000152_heading.xml,00000001529_lightTableData.bin
5,3,LN_TASP,THREE_PLUS_BATHS,0.4908646144335656,-0.05953149414176518,-2.399652578410126,0.016809978828368585,0.8650500534456117,outputViewer0000000152_heading.xml,00000001529_lightTableData.bin
5,3,LN_TASP,EXCELLENT,0.5060937917225364,1.9759183304667869,-1.1634058532516207,0.48725860967399826,-0.058798728183868186,outputViewer0000000152_heading.xml,00000001529_lightTableData.bin
5,3,LN_TASP,FAIR,-0.03462242086243749,-1.3863802173994766,0.16629950082066813,0.8470621916859967,1.1805508613359252,outputViewer0000000152_heading.xml,00000001529_lightTableData.bin
5,3,LN_TASP,UNSOUND,5.088783678642174,,,,,outputViewer0000000152_heading.xml,00000001529_lightTableData.bin
5,3,LN_TASP,QBEST,0.14727225687169468,0.06818939966583078,0.8139665674601304,0.41609175252702524,0.07649344374069936,outputViewer0000000152_heading.xml,00000001529_lightTableData.bin
5,3,LN_TASP,QABOVE_AVG,-1.5955035961558623,0.11127613915659314,0.8756354556316466,1.142027762316502,-0.3374320388826353,outputViewer0000000152_heading.xml,00000001529_lightTableData.bin
5,3,LN_TASP,QBELOW_AVG,0.20371622011452162,4.90878929246693,0.24304221716919341,0.07880435541667474,0.11928620213654255,outputViewer0000000152_heading.xml,00000001529_lightTableData.bin
5,3,LN_TASP,EXT_BRICK,0.19177122371518177,0.06781247155314027,0.09412217030647167,2.827963932341015,0.004884584904235227,outputViewer0000000152_heading.xml,00000001529_lightTableData.bin
5,3,LN_TASP,YB_1930_TO_1945,3.5357466671912334,0.31681609690349444,0.15375555975485872,0.08901962868558355,2.0605179897794423,outputViewer0000000152_heading.xml,00000001529_lightTableData.bin
5,3,LN_TASP,YB_1946_TO_1960,0.1312879154951432,0.07432197726347398,2.0147165918524372,0.044497363579881856,0.39249303449122863,outputViewer0000000152_heading.xml,00000001529_lightTableData.bin
5,3,LN_TASP,YB_1961_TO_1990,3.626937414072906,0.0003186765863606962,0.8629962069962536,1.1587536444460191,1.7746245374338154,outputViewer0000000152_heading.xml,00000001529_lightTableData.bin
5,3,LN_TASP,CRAWL,0.907569125454006,1.1018444457327214,0.6800164990843407,0.08399681010398538,0.2111683632225356,outputViewer0000000152_heading.xml,00000001529_lightTableData.bin
5,3,LN_TASP,SLAB,0.6846288189855981,0.08227513193542847,0.21260064618260896,8.321212046465163,9.709222287528837e-16,outputViewer0000000152_heading.xml,00000001529_lightTableData.bin
5,3,LN_TASP,GARAGE,-0.25137615873014885,-9.85582309198276,6.783892774408743e-21,0.8234514142577706,1.2144007317072423,outputViewer0000000152_heading.xml,00000001529_lightTableData.bin
5,3,LN_TASP,FIREPLACE,1.3051360255508334e-21,0.8421228140512261,1.1874752510138862,-0.47652336905710757,0.04729061272941653,outputViewer0000000152_heading.xml,00000001529_lightTableData.bin
5,3,LN_TASP,HOT_WATER,1.1532146369792566,-0.469908100839971,0.07648289053682691,-0.1522161210096544,-6.143963670066938,outputViewer0000000152_heading.xml,00000001529_lightTableData.bin
5,3,LN_TASP,CENTRAL_AIR,0.07553970895328382,-0.15049800307896913,-6.150461605837783,1.6509293704417799e-09,0.881321230994013,outputViewer0000000152_heading.xml,00000001529_lightTableData.bin
5,3,LN_TASP,ECF5R503,-1.5205983775783636,0.47269135311389104,-0.07685129865056978,-3.2168948459947564,0.00138687493159222,outputViewer0000000152_heading.xml,00000001529_lightTableData.bin
5,3,LN_TASP,ECF5R508_509,1.459905007590385,-0.08778821538520754,0.10944976999543032,-0.022453128309109067,-0.802086796426094,outputViewer0000000152_heading.xml,00000001529_lightTableData.bin
5,3,LN_TASP,ECF5R510,0.09177482533460136,-0.040644803230151065,-1.077758046674701,0.28169813624484774,0.3700401081636063,outputViewer0000000152_heading.xml,00000001529_lightTableData.bin
5,3,LN_TASP,ECF5R511_518,1.351551308780372,0.17719044257621863,0.550484694495772,1.8165809331283427,0.07607418816187086,outputViewer0000000152_heading.xml,00000001529_lightTableData.bin
5,3,LN_TASP,ECF5R512_513,0.5737540697053959,1.7429070272450837,0.08008740984591442,0.05552570858494019,0.04368538976805677,outputViewer0000000152_heading.xml,00000001529_lightTableData.bin
5,3,LN_TASP,ECF5R523,0.040405549212608007,0.6318595661018719,1.5826301501919091,-0.13989032730281248,0.06862257762794503,outputViewer0000000152_heading.xml,00000001529_lightTableData.bin
5,3,LN_TASP,ECF5R530_532_535,,,,,0.09872557514190661,outputViewer0000000152_heading.xml,00000001529_lightTableData.bin
5,3,LN_TASP,ECF5R533,0.10070499137948036,0.21828444688938667,0.011335635185924313,0.4613475344421197,0.6447702370594445,outputViewer0000000152_heading.xml,00000001529_lightTableData.bin
5,3,LN_TASP,ECF5R534,-0.055576151870289026,-1.959901752116195,0.05060029060290444,0.6543047282708394,1.5283398648864193,outputViewer0000000152_heading.xml,00000001529_lightTableData.bin
5,4,LN_TASP,(Constant),-3.145681349677464,0.0017627907480984237,,,-0.7250782525475918,outputViewer0000000152_heading.xml,00000001529_lightTableData.bin
5,4,LN_TASP,LN_LANDRATIO,0.5452923801030736,1.8338785511929867,10.565449414077628,1.0611089972141283,0.019903754187502152,outputViewer0000000152_heading.xml,00000001529_lightTableData.bin
5,4,LN_TASP,LNSBLDSFINT,9.96104709619001,0.5811241336877613,-0.08760315463156325,17.14099711016664,1.5507301019243503e-51,outputViewer0000000152_heading.xml,00000001529_lightTableData.bin
5,4,LN_TASP,ARTERIAL,0.18272154027755938,5.044947955188294,6.547035211144272e-07,0.4045376101613317,2.471958045139968,outputViewer0000000152_heading.xml,00000001529_lightTableData.bin
5,4,LN_TASP,SINGLE_FAMILY1STORY,3.43064739903889e-07,0.45857617596951683,2.1806627827662672,0.42124621468453494,0.08148973675873974,outputViewer0000000152_heading.xml,00000001529_lightTableData.bin
5,4,LN_TASP,HALF_DUPLEX2STORY,9.21153339116382,0.15599671893441394,0.13308424894490584,0.08073896100859898,1.172165152308846,outputViewer0000000152_heading.xml,00000001529_lightTableData.bin
5,4,LN_TASP,ROW_HOUSE2STORY,0.08130121959000719,0.1472398469310214,3.4991342436798383,0.0005106268118202353,0.30256796726599394,outputViewer0000000152_heading.xml,00000001529_lightTableData.bin
5,4,LN_TASP,SMALLEST,-2.1353382956959197,0.03325643950786512,0.8216224790586714,1.2171039929989438,-0.1422523944826952,outputViewer0000000152_heading.xml,00000001529_lightTableData.bin
5,4,LN_TASP,SMALL,0.8171095969172084,1.2238260372571814,0.07672508279374239,0.04629326342112312,0.04241106593452087,outputViewer0000000152_heading.xml,00000001529_lightTableData.bin
5,4,LN_TASP,LARGEST,-0.020222193084241034,-0.8151984503439056,0.415385225227738,0.8686567709969341,1.151202676809077,outputViewer0000000152_heading.xml,00000001529_lightTableData.bin
5,4,LN_TASP,TWO_BATHS,0.15015310992745776,0.8746390217881047,1.143328819191726,0.06517016408216464,0.044372511498144425,outputViewer0000000152_heading.xml,00000001529_lightTableData.bin
5,4,LN_TASP,THREE_PLUS_BATHS,1.1560024717839903,-1.18996735448546,0.48988738360165823,-0.060141150939296964,-2.429063075143526,outputViewer0000000152_heading.xml,00000001529_lightTableData.bin
5,4,LN_TASP,EXCELLENT,-2.387655815933146,0.01735895113765489,0.8735690983609657,1.144729136912295,-1.1714549173408424,outputViewer0000000152_heading.xml,00000001529_lightTableData.bin
5,4,LN_TASP,FAIR,-0.31927183975041007,0.2211028278002172,-0.03593813028503942,-1.4439970891683749,0.14941610665930208,outputViewer0000000152_heading.xml,00000001529_lightTableData.bin
5,4,LN_TASP,QBEST,13.073015818059407,0.12071695631914245,0.1469372345374179,0.06866851165053361,0.8215545685147736,outputViewer0000000152_heading.xml,00000001529_lightTableData.bin
5,4,LN_TASP,QABOVE_AVG,0.2174950016962976,-0.03798229303652533,-1.551447326379544,0.12147047077634975,0.877809167541089,outputViewer0000000152_heading.xml,00000001529_lightTableData.bin
5,4,LN_TASP,QBELOW_AVG,3.0841216311473882,0.0021655258330825085,0.356586546209798,2.8043682820597753,0.24247558774433278,outputViewer0000000152_heading.xml,00000001529_lightTableData.bin
5,4,LN_TASP,EXT_BRICK,0.475279537814664,2.1040249378250144,0.19961392028441025,0.06767160127889721,0.09797140069594468,outputViewer0000000152_heading.xml,00000001529_lightTableData.bin
5,4,LN_TASP,YB_1930_TO_1945,0.03990957971788884,0.2834252180706792,3.52826755080991,0.33486487944945326,0.1507696940622147,outputViewer0000000152_heading.xml,00000001529_lightTableData.bin
5,4,LN_TASP,YB_1946_TO_1960,2.54781591550091,0.24942461819017006,0.13113087795747827,0.0700838344810992,1.9021043866651364,outputViewer0000000152_heading.xml,00000001529_lightTableData.bin
5,4,LN_TASP,YB_1961_TO_1990,0.489045690193986,0.08968982364439418,3.6287499777983703,0.00031643891252074126,0.8629962345708736,outputViewer0000000152_heading.xml,00000001529_lightTableData.bin
5,4,LN_TASP,CRAWL,8.095741948325204,5.3240846067686375e-15,0.7907682761497095,1.264592966309992,0.6798201226944303,outputViewer0000000152_heading.xml,00000001529_lightTableData.bin
5,4,LN_TASP,SLAB,0.8065468436464055,1.239853590498217,0.695146283913386,0.08143331825129081,0.21586667848776916,outputViewer0000000152_heading.xml,00000001529_lightTableData.bin
5,4,LN_TASP,GARAGE,-0.4753812190193883,0.04816440316538859,-0.2511286826089787,-9.869970097771331,5.986153023771896e-21,outputViewer0000000152_heading.xml,00000001529_lightTableData.bin
5,4,LN_TASP,FIREPLACE,-0.2517320439174164,-10.076489636191416,9.517299771538125e-22,0.8429717305969817,1.186279401435933,outputViewer0000000152_heading.xml,00000001529_lightTableData.bin
5,4,LN_TASP,HOT_WATER,1.7528350848687166e-09,0.8673892625679328,1.1528849193261501,-0.4714698343177322,0.07635854054339428,outputViewer0000000152_heading.xml,00000001529_lightTableData.bin
5,4,LN_TASP,CENTRAL_AIR,1.1346600590480875,-0.4608608865829019,0.07557980961339206,-0.14928548019351898,-6.097671970071245,outputViewer0000000152_heading.xml,00000001529_lightTableData.bin
5,4,LN_TASP,ECF5R503,0.9256285960794863,1.0803469169335465,-1.505087221660312,0.47190473823605306,-0.07606736221248668,outputViewer0000000152_heading.xml,00000001529_lightTableData.bin
5,4,LN_TASP,ECF5R508_509,0.4229233130828375,0.6850682353853701,1.459708607621359,-0.08726049420921522,0.10923841512630267,outputViewer0000000152_heading.xml,00000001529_lightTableData.bin
5,4,LN_TASP,ECF5R510,2.702409760289738,-0.10703927219476682,0.09134294366439087,-0.0439848719728039,-1.1718395302438125,outputViewer0000000152_heading.xml,00000001529_lightTableData.bin
5,4,LN_TASP,ECF5R511_518,0.05688177325034732,0.04149629220789884,1.3374088713278,0.18175590606752168,0.5541051605616454,outputViewer0000000152_heading.xml,00000001529_lightTableData.bin
5,4,LN_TASP,ECF5R512_513,1.4423482723034697,0.14987018802150637,0.5739222971985579,1.7423961481915267,-1.4922603106142027,outputViewer0000000152_heading.xml,00000001529_lightTableData.bin
5,4,LN_TASP,ECF5R523,-0.05895055728776199,-2.038546672805908,0.04206535899452024,0.6325905696430051,1.5808013081262624,outputViewer0000000152_heading.xml,00000001529_lightTableData.bin
5,4,LN_TASP,ECF5R530_532_535,0.21920593911655326,0.011112826563999314,0.45037819476877206,0.6526537074604437,0.8836886378985962,outputViewer0000000152_heading.xml,00000001529_lightTableData.bin
5,4,LN_TASP,ECF5R533,0.8872888797299558,1.1270286632064492,0.10283330637764651,0.21775409002770674,0.011575204268344776,outputViewer0000000152_heading.xml,00000001529_lightTableData.bin
5,5,LN_TASP,(Constant),0.2028387881735491,,-3.574652851540476,0.0003871158778787874,,outputViewer0000000152_heading.xml,00000001529_lightTableData.bin
5,5,LN_TASP,LN_LANDRATIO,9.956987870064733,2.8703983659315434e-21,0.5455583863395718,1.8329843790130471,10.554445319428826,outputViewer0000000152_heading.xml,00000001529_lightTableData.bin
5,5,LN_TASP,LNSBLDSFINT,0.8483963143578478,1.178694418017246,10.098812049861362,0.5738036688534142,-0.08762969182584585,outputViewer0000000152_heading.xml,00000001529_lightTableData.bin
5,5,LN_TASP,ARTERIAL,0.4357630704822336,0.08651591406271313,0.18218008241146852,5.036796700389253,6.811456583506591e-07,outputViewer0000000152_heading.xml,00000001529_lightTableData.bin
5,5,LN_TASP,SINGLE_FAMILY1STORY,0.17611100000241206,5.169316179431104,3.470360736254428e-07,0.45858193969216804,2.180635374937071,outputViewer0000000152_heading.xml,00000001529_lightTableData.bin
5,5,LN_TASP,HALF_DUPLEX2STORY,0.24173483798351703,0.11134654708152181,8.980970009495266,0.16801589431034275,0.13188871456372048,outputViewer0000000152_heading.xml,00000001529_lightTableData.bin
5,5,LN_TASP,ROW_HOUSE2STORY,3.305042529901649,0.287226119934584,0.0813263086267179,0.1486591426823504,3.5317737246987555,outputViewer0000000152_heading.xml,00000001529_lightTableData.bin
5,5,LN_TASP,SMALLEST,0.06735793690949489,-0.0534469248113781,-2.1118876410040857,0.035228837351038225,0.8224767788662579,outputViewer0000000152_heading.xml,00000001529_lightTableData.bin
5,5,LN_TASP,SMALL,1.6573703628492427,0.09813695186646285,0.8198333368897707,1.2197601085529575,0.07639024209121174,outputViewer0000000152_heading.xml,00000001529_lightTableData.bin
5,5,LN_TASP,LARGEST,-0.40857437697253485,0.48911876102596313,-0.020649417971688233,-0.8353275513609815,0.4039707549265301,outputViewer0000000152_heading.xml,00000001529_lightTableData.bin
5,5,LN_TASP,TWO_BATHS,0.0360238923857851,1.4687057793627465,0.14258156723685567,0.8751320405425471,1.1426847077614022,outputViewer0000000152_heading.xml,00000001529_lightTableData.bin
5,5,LN_TASP,THREE_PLUS_BATHS,0.015521617376021634,0.8670941902729148,1.15327724625309,-1.1816752050410397,0.48921173460528233,outputViewer0000000152_heading.xml,00000001529_lightTableData.bin
5,5,LN_TASP,EXCELLENT,0.48670206489053375,-0.059205529241464654,-2.406924075007406,0.016479744127068523,0.8742939472077863,outputViewer0000000152_heading.xml,00000001529_lightTableData.bin
5,5,LN_TASP,FAIR,0.8519310193460258,1.1738039551226078,-0.3185633083962892,0.22099863443284526,-0.03585837601627793,outputViewer0000000152_heading.xml,00000001529_lightTableData.bin
5,5,LN_TASP,POOR,0.10689377105630454,0.10104566674424573,0.05914547983178153,1.0578758545565423,0.2906770719995718,outputViewer0000000152_heading.xml,00000001529_lightTableData.bin
5,5,LN_TASP,QBEST,0.4117616693775559,0.07667572887303936,13.041936668848791,0.12394585606327041,0.145757124845908,outputViewer0000000152_heading.xml,00000001529_lightTableData.bin
5,5,LN_TASP,QABOVE_AVG,1.1391997679873758,-0.3454484444871543,0.2173402356318926,-0.03888464204813294,-1.5894362287903172,outputViewer0000000152_heading.xml,00000001529_lightTableData.bin
5,5,LN_TASP,QBELOW_AVG,0.07870968254904537,0.11900809789235937,3.080632266471689,0.002190254150531366,0.356750636405699,outputViewer0000000152_heading.xml,00000001529_lightTableData.bin
5,5,LN_TASP,EXT_BRICK,2.9497443020704472,0.003338700586681592,0.4783550807366867,2.090497290130082,0.1988309533830609,outputViewer0000000152_heading.xml,00000001529_lightTableData.bin
5,5,LN_TASP,YB_1930_TO_1945,0.09409101216695229,2.2210357428414773,0.026832649706737297,0.2943609997174549,3.397189168945136,outputViewer0000000152_heading.xml,00000001529_lightTableData.bin
5,5,LN_TASP,YB_1946_TO_1960,0.05776084865089605,0.39462576520631176,2.5340464008405443,0.260707540394857,0.13091852909752247,outputViewer0000000152_heading.xml,00000001529_lightTableData.bin
5,5,LN_TASP,YB_1961_TO_1990,1.158753607421302,1.7599432965916444,0.48849202619476856,0.08894783125431976,3.6028086482826858,outputViewer0000000152_heading.xml,00000001529_lightTableData.bin
5,5,LN_TASP,CRAWL,0.08388497770126944,0.21110738164210519,8.104193877423448,4.9880543601486895e-15,0.7911477888842567,outputViewer0000000152_heading.xml,00000001529_lightTableData.bin
5,5,LN_TASP,SLAB,8.536386565610288,1.9595609358861005e-16,0.8229874848252965,1.2150853062027787,0.7069374789845823,outputViewer0000000152_heading.xml,00000001529_lightTableData.bin
5,5,LN_TASP,GARAGE,0.8256900687147036,1.2111081844022091,-0.4757230952907291,0.04809474674433401,-0.2513092849007861,outputViewer0000000152_heading.xml,00000001529_lightTableData.bin
5,5,LN_TASP,FIREPLACE,-0.4727551697464562,0.047195462039841145,-0.24974142482934225,-10.016962422094077,1.5502856658401083e-21,outputViewer0000000152_heading.xml,00000001529_lightTableData.bin
5,5,LN_TASP,HOT_WATER,-0.1527220093133691,-6.174421760324212,1.4652682056811814e-09,0.8688033504929682,1.151008452525637,outputViewer0000000152_heading.xml,00000001529_lightTableData.bin
5,5,LN_TASP,CENTRAL_AIR,2.2409008390034583e-09,0.8823709365223379,1.1333102197827027,-0.45681769099888453,0.07566049761029921,outputViewer0000000152_heading.xml,00000001529_lightTableData.bin
5,5,LN_TASP,ECF5R503,-3.1893878143419854,0.0015224694286898747,0.9276853572786352,1.0779516914371698,-1.5046525907424304,outputViewer0000000152_heading.xml,00000001529_lightTableData.bin
5,5,LN_TASP,ECF5R504,,,-0.08088724161864305,0.10217550380491355,-0.033238407678590445,outputViewer0000000152_heading.xml,00000001529_lightTableData.bin
5,5,LN_TASP,ECF5R508_509,-0.022318155850402657,-0.798807764725657,0.42481956755076966,0.6862277800904072,1.4572420834788338,outputViewer0000000152_heading.xml,00000001529_lightTableData.bin
5,5,LN_TASP,ECF5R510,0.2418577002049498,0.37343758484442996,2.677823659384979,-0.10571099317229153,0.09133132747090651,outputViewer0000000152_heading.xml,00000001529_lightTableData.bin
5,5,LN_TASP,ECF5R511_518,1.804711580354877,0.07690069036480503,0.05677311450701387,0.04194712550302979,1.354526540116177,outputViewer0000000152_heading.xml,00000001529_lightTableData.bin
5,5,LN_TASP,ECF5R512_513,0.47093895164892935,-0.07541908796328044,-3.168691622107821,0.0016308783137710418,0.9314888966156413,outputViewer0000000152_heading.xml,00000001529_lightTableData.bin
5,5,LN_TASP,ECF5R523,-0.1395383412692878,0.06857340871470503,-0.05880222842733354,-2.034875382232018,0.04243381128591432,outputViewer0000000152_heading.xml,00000001529_lightTableData.bin
5,5,LN_TASP,ECF5R530_532_535,1.1316202982738255,0.09913048992499775,0.21893382783749835,0.011158404903261693,0.45278745136898835,outputViewer0000000152_heading.xml,00000001529_lightTableData.bin
5,5,LN_TASP,ECF5R533,0.47224512000928265,0.6369782479485708,0.8897247135377612,1.1239431531847166,0.10564774287756502,outputViewer0000000152_heading.xml,00000001529_lightTableData.bin
5,6,LN_TASP,(Constant),,-0.7296183513628594,0.20278307793400535,,-3.598023852859703,outputViewer0000000152_heading.xml,00000001529_lightTableData.bin
5,6,LN_TASP,LN_LANDRATIO,1.0600244066170037,0.020633811639562134,9.956794629958216,2.848622501823551e-21,0.5482169401448703,outputViewer0000000152_heading.xml,00000001529_lightTableData.bin
5,6,LN_TASP,LNSBLDSFINT,17.599769046512037,1.1231190346939344e-53,0.8483967771460338,1.1786937750564686,10.012904973145115,outputViewer0000000152_heading.xml,00000001529_lightTableData.bin
5,6,LN_TASP,ARTERIAL,0.4049456493712285,2.4694672027041915,0.4445090391827094,0.0851002367535818,0.18583652190015107,outputViewer0000000152_heading.xml,00000001529_lightTableData.bin
5,6,LN_TASP,SINGLE_FAMILY1STORY,0.4284856429466807,0.08151077266476511,0.17913759800198575,5.256797708309583,2.2194931845543068e-07,outputViewer0000000152_heading.xml,00000001529_lightTableData.bin
5,6,LN_TASP,HALF_DUPLEX2STORY,0.08695970551310758,1.2739216912237616,0.20333026764133355,0.11324840594107341,8.830146364447112,outputViewer0000000152_heading.xml,00000001529_lightTableData.bin
5,6,LN_TASP,ROW_HOUSE2STORY,0.0004528967889155828,0.30277953056216406,3.3027331740138512,-0.13898761959141723,0.0690762504864805,outputViewer0000000152_heading.xml,00000001529_lightTableData.bin
5,6,LN_TASP,SMALLEST,1.2158397971775552,-0.13737799713406984,0.06710065481314303,-0.05161552120274182,-2.047342123808329,outputViewer0000000152_heading.xml,00000001529_lightTableData.bin
5,6,LN_TASP,SMALL,0.04615494826255733,0.04222597716569197,1.6550823902273215,0.09859885552463331,0.8229627358225724,outputViewer0000000152_heading.xml,00000001529_lightTableData.bin
5,6,LN_TASP,LARGEST,0.8729318983307013,1.1455647363927126,-0.40381701259795183,0.48843786774959014,-0.020408979973245204,outputViewer0000000152_heading.xml,00000001529_lightTableData.bin
5,6,LN_TASP,TWO_BATHS,0.06380751675763537,0.0444133026535496,0.03527066640776344,1.436675791831386,0.1514740348985034,outputViewer0000000152_heading.xml,00000001529_lightTableData.bin
5,6,LN_TASP,THREE_PLUS_BATHS,-0.059722064306820616,-2.4154678260006732,0.016104679519535745,0.8680763241301127,1.1519724386010484,outputViewer0000000152_heading.xml,00000001529_lightTableData.bin
5,6,LN_TASP,EXCELLENT,1.1437800789925154,-1.171883750107223,0.48637007824584005,-0.05922720252185626,-2.409448694569743,outputViewer0000000152_heading.xml,00000001529_lightTableData.bin
5,6,LN_TASP,FAIR,-1.4414718408275544,0.15012596304431144,0.8519463376784655,1.173782849662782,-0.31304747275971706,outputViewer0000000152_heading.xml,00000001529_lightTableData.bin
5,6,LN_TASP,POOR,0.1721154762049916,5.810052774156044,0.10705014137433932,0.10092474008349862,0.05923200122026116,outputViewer0000000152_heading.xml,00000001529_lightTableData.bin
5,6,LN_TASP,QBEST,0.07050523572359489,0.8503588156963435,0.3955728770372554,0.07775704055416649,12.860571761387806,outputViewer0000000152_heading.xml,00000001529_lightTableData.bin
5,6,LN_TASP,QABOVE_AVG,0.11263578356210689,0.8790255417958776,1.1376233709397883,-0.3577572887692729,0.2171583358379311,outputViewer0000000152_heading.xml,00000001529_lightTableData.bin
5,6,LN_TASP,QBELOW_AVG,2.8030783913242803,0.24024238867407266,0.07852207381050176,0.11791203384715385,3.0595522636584005,outputViewer0000000152_heading.xml,00000001529_lightTableData.bin
5,6,LN_TASP,EXT_BRICK,0.06774563794521932,0.0975871170552323,2.934963186025943,0.0034985350778254844,0.47838610738847964,outputViewer0000000152_heading.xml,00000001529_lightTableData.bin
5,6,LN_TASP,YB_1930_TO_1945,0.3257121958139508,0.15011315003199702,0.09151927257836302,2.169777902499044,0.030531566736657894,outputViewer0000000152_heading.xml,00000001529_lightTableData.bin
5,6,LN_TASP,YB_1946_TO_1960,0.07325413281810417,1.9913723610555802,0.04700984365425476,0.3964283490202236,2.522523937734295,outputViewer0000000152_heading.xml,00000001529_lightTableData.bin
5,6,LN_TASP,YB_1961_TO_1990,0.0003487310253094259,0.8642495029478336,1.1570732717683267,1.7269592501398665,0.48685032190310373,outputViewer0000000152_heading.xml,00000001529_lightTableData.bin
5,6,LN_TASP,CRAWL,1.2639863424383506,0.679961773121051,0.08378513102816176,0.2111513689406186,8.115542277931189,outputViewer0000000152_heading.xml,00000001529_lightTableData.bin
5,6,LN_TASP,SLAB,0.08042528226593781,0.21952824753348332,8.789990648052578,2.8642879593163385e-17,0.843498678852842,outputViewer0000000152_heading.xml,00000001529_lightTableData.bin
5,6,LN_TASP,GARAGE,-9.891373330638725,4.975453215990208e-21,0.826377531937635,1.2101006638639686,-0.4760840717735156,outputViewer0000000152_heading.xml,00000001529_lightTableData.bin
5,6,LN_TASP,FIREPLACE,0.8469858774095663,1.1806572301517166,-0.4753761943476568,0.04721452167816896,-0.2511260282357263,outputViewer0000000152_heading.xml,00000001529_lightTableData.bin
5,6,LN_TASP,HOT_WATER,-0.47113064297152263,0.07629342762758765,-0.1526121359340684,-6.175245465064964,1.4558489719896213e-09,outputViewer0000000152_heading.xml,00000001529_lightTableData.bin
5,6,LN_TASP,CENTRAL_AIR,-0.14797577825992309,-6.03773045945049,3.1630456620221276e-09,0.8833645524220789,1.1320354628880238,outputViewer0000000152_heading.xml,00000001529_lightTableData.bin
5,6,LN_TASP,ECF5R503,0.47168624627501426,-0.0760453958925396,-3.18994374465002,0.0015193952430669836,0.9276867351339061,outputViewer0000000152_heading.xml,00000001529_lightTableData.bin
5,6,LN_TASP,ECF5R504,-0.7916500394564557,0.4289799979897524,0.30519659728554327,3.27657650476488,-0.0813322554900454,outputViewer0000000152_heading.xml,00000001529_lightTableData.bin
5,6,LN_TASP,ECF5R508_509,-0.08851357568745556,0.10891552766709843,-0.02263864988356237,-0.8126809609553408,0.4168260068348315,outputViewer0000000152_heading.xml,00000001529_lightTableData.bin
5,6,LN_TASP,ECF5R510,-0.04343905190555392,-1.1574450530784812,0.24767970190590705,0.3735180383777233,2.6772468723150165,outputViewer0000000152_heading.xml,00000001529_lightTableData.bin
5,6,LN_TASP,ECF5R511_518,0.17623774329805358,0.5551478873737096,1.8013218148605308,0.07950157231066748,0.05649414302919367,outputViewer0000000152_heading.xml,00000001529_lightTableData.bin
5,6,LN_TASP,ECF5R512_513,1.0735501020283533,-1.4531455573562524,0.47068093986972187,-0.07344222173180559,-3.0873261147104523,outputViewer0000000152_heading.xml,00000001529_lightTableData.bin
5,6,LN_TASP,ECF5R523,0.6326354447732736,1.5806891761469104,-0.13698430272264256,0.06843736459245366,-0.05772594246416434,outputViewer0000000152_heading.xml,00000001529_lightTableData.bin
5,6,LN_TASP,ECF5R530_532_535,0.6509185747884407,0.8839533463175713,1.1312814235794946,,,outputViewer0000000152_heading.xml,00000001529_lightTableData.bin
5,6,LN_TASP,ECF5R533,0.2172294603405656,0.01189200510393401,0.48634169008169414,0.6269585686604227,0.8921855961176794,outputViewer0000000152_heading.xml,00000001529_lightTableData.bin
5,7,LN_TASP,(Constant),0.00035472671346095165,,,-0.7111613069094758,0.20222815155949683,outputViewer0000000152_heading.xml,00000001529_lightTableData.bin
5,7,LN_TASP,LN_LANDRATIO,1.8240954023342342,10.48152397579969,1.0492186054961248,0.02153272279330746,9.989838076540288,outputViewer0000000152_heading.xml,00000001529_lightTableData.bin
5,7,LN_TASP,LNSBLDSFINT,0.5722022757457343,-0.09009596122032934,17.498890510520237,3.11823084190098e-53,0.852435497023309,outputViewer0000000152_heading.xml,00000001529_lightTableData.bin
5,7,LN_TASP,ARTERIAL,5.223358431655601,2.66553813770174e-07,0.4179215297885227,2.3927936914521286,0.44032865240741803,outputViewer0000000152_heading.xml,00000001529_lightTableData.bin
5,7,LN_TASP,SINGLE_FAMILY1STORY,0.45994677123871586,2.174164626282358,0.42831278732653627,0.08163409222433868,0.17906533200870564,outputViewer0000000152_heading.xml,00000001529_lightTableData.bin
5,7,LN_TASP,HALF_DUPLEX2STORY,0.16758240725877746,0.131826501201515,0.0867353463445742,1.2712345828143055,0.20428209717343407,outputViewer0000000152_heading.xml,00000001529_lightTableData.bin
5,7,LN_TASP,ROW_HOUSE2STORY,-0.052220286913473093,-2.0120898081840686,0.04480327394233975,0.7987481172883397,1.25195913249209,outputViewer0000000152_heading.xml,00000001529_lightTableData.bin
5,7,LN_TASP,SMALLEST,0.04118469967198954,0.8283345724835265,1.2072416547842297,-0.13815794201521484,0.06708203863424955,outputViewer0000000152_heading.xml,00000001529_lightTableData.bin
5,7,LN_TASP,SMALL,1.215121847528703,0.07701856173414824,0.04598276729433502,0.04257329130122925,1.6749440337323231,outputViewer0000000152_heading.xml,00000001529_lightTableData.bin
5,7,LN_TASP,LARGEST,-0.8267520584726218,0.4088090550759791,0.8736672080337448,1.1446005879636674,-0.40328206227553254,outputViewer0000000152_heading.xml,00000001529_lightTableData.bin
5,7,LN_TASP,TWO_BATHS,0.875528929611616,1.1421667133758782,-0.13915114377331328,0.067043451511152,-0.05228172605259214,outputViewer0000000152_heading.xml,00000001529_lightTableData.bin
5,7,LN_TASP,EXCELLENT,0.016366763202354286,0.8742957771750458,1.143777684974208,-1.1699655757574017,0.48609207892639283,outputViewer0000000152_heading.xml,00000001529_lightTableData.bin
5,7,LN_TASP,FAIR,0.22079792319095964,-0.035237498146519795,-1.4178008028135949,0.156918678081391,0.8528011475268017,outputViewer0000000152_heading.xml,00000001529_lightTableData.bin
5,7,LN_TASP,POOR,1.0606927626048177,0.28939473477888067,0.17215165884411388,5.808831623896905,0.10796779938871454,outputViewer0000000152_heading.xml,00000001529_lightTableData.bin
5,7,LN_TASP,QBEST,0.1290633650632303,0.14411746902218822,0.07341627438047107,0.8955428230796906,0.37096946605656267,outputViewer0000000152_heading.xml,00000001529_lightTableData.bin
5,7,LN_TASP,QABOVE_AVG,-0.04027015994978957,-1.6474490255638776,0.10013413598786786,0.881135121964751,1.1348997163683643,outputViewer0000000152_heading.xml,00000001529_lightTableData.bin
5,7,LN_TASP,QBELOW_AVG,0.00234675286134668,0.35787524107225677,2.794269860647038,0.23896428389620264,0.07841712000712595,outputViewer0000000152_heading.xml,00000001529_lightTableData.bin
5,7,LN_TASP,EXT_BRICK,2.090361706904538,0.19228311612616394,0.06773144547309659,0.09437340938057077,2.8389046591740046,outputViewer0000000152_heading.xml,00000001529_lightTableData.bin
5,7,LN_TASP,YB_1930_TO_1945,0.29661164551215563,3.371411794278382,0.3242075740119289,0.1500305614795019,0.091096500896503,outputViewer0000000152_heading.xml,00000001529_lightTableData.bin
5,7,LN_TASP,YB_1946_TO_1960,1.7634023270226997,0.5030397639762662,0.08912265123612312,3.505492911900099,0.0005012443224696476,outputViewer0000000152_heading.xml,00000001529_lightTableData.bin
5,7,LN_TASP,YB_1961_TO_1990,0.08728081197957428,3.5472077812111986,0.00042875485855281526,0.8696035004268412,1.1499493729143848,outputViewer0000000152_heading.xml,00000001529_lightTableData.bin
5,7,LN_TASP,CRAWL,4.5766283476409445e-15,0.7913117930540682,1.2637243736005748,0.6801069712965124,0.08369258997210334,outputViewer0000000152_heading.xml,00000001529_lightTableData.bin
5,7,LN_TASP,SLAB,1.1855383121168603,0.7086748900171355,0.08040459886293749,0.2200677730368837,8.813860152765455,outputViewer0000000152_heading.xml,00000001529_lightTableData.bin
5,7,LN_TASP,GARAGE,0.04803597709938918,-0.25149997722296485,-9.910989648206186,4.195305780855254e-21,0.8267918928829872,outputViewer0000000152_heading.xml,00000001529_lightTableData.bin
5,7,LN_TASP,FIREPLACE,-10.068431860604047,9.996309258654412e-22,0.8482434177662771,1.1789068786803572,-0.48101295111509884,outputViewer0000000152_heading.xml,00000001529_lightTableData.bin
5,7,LN_TASP,HOT_WATER,0.8688710523618748,1.1509187666934857,-0.4688993587511588,0.0760817409534178,-0.15188936178251256,outputViewer0000000152_heading.xml,00000001529_lightTableData.bin
5,7,LN_TASP,CENTRAL_AIR,-0.452222335019764,0.07572169856379415,-0.14648721643145088,-5.972163113044472,4.5980158063059735e-09,outputViewer0000000152_heading.xml,00000001529_lightTableData.bin
5,7,LN_TASP,ECF5R503,1.077950090399488,-1.4919574079299367,0.47121935475642207,-0.07540377921049347,-3.166163258937325,outputViewer0000000152_heading.xml,00000001529_lightTableData.bin
5,7,LN_TASP,ECF5R504,0.10197895657676019,-0.03342127400193519,-0.7975395926788691,0.425555561585257,0.3057055443505751,outputViewer0000000152_heading.xml,00000001529_lightTableData.bin
5,7,LN_TASP,ECF5R508_509,0.6888380821341514,1.45171997010068,-0.08843332499226772,0.10880279009549017,-0.022618124586994474,outputViewer0000000152_heading.xml,00000001529_lightTableData.bin
5,7,LN_TASP,ECF5R510,-1.477754285915487,0.4705072651377429,-0.07468595102666939,-3.14076826312739,0.001791305144588591,outputViewer0000000152_heading.xml,00000001529_lightTableData.bin
5,7,LN_TASP,ECF5R511_518,0.04336583216072175,1.4072533549112267,0.16003054051150756,0.5597336005916104,1.7865641779286614,outputViewer0000000152_heading.xml,00000001529_lightTableData.bin
5,7,LN_TASP,ECF5R512_513,0.00213855306266053,0.9346125730121138,1.0699620665032918,-1.4528893127140918,0.4714486244160308,outputViewer0000000152_heading.xml,00000001529_lightTableData.bin
5,7,LN_TASP,ECF5R523,-2.00160107769181,0.04591065222846339,0.6344475746385102,1.576174360142792,-0.13667807553365502,outputViewer0000000152_heading.xml,00000001529_lightTableData.bin
5,7,LN_TASP,ECF5R528,,,0.36554035019849235,0.49239360801570886,0.018474470995212187,outputViewer0000000152_heading.xml,00000001529_lightTableData.bin
5,7,LN_TASP,ECF5R533,1.1208430222943206,0.10967245648189049,0.21668677571244033,0.012345038111747324,0.5061335936228711,outputViewer0000000152_heading.xml,00000001529_lightTableData.bin
5,8,LN_TASP,(Constant),,-3.516628626753024,0.0004794788359654288,,,outputViewer0000000152_heading.xml,00000001529_lightTableData.bin
5,8,LN_TASP,LN_LANDRATIO,2.147151765216675e-21,0.5500033575376809,1.8181707189514558,10.209592338890658,0.8753082554384968,outputViewer0000000152_heading.xml,00000001529_lightTableData.bin
5,8,LN_TASP,LNSBLDSFINT,1.1731092891978148,9.762432575863327,0.5504673838384374,-0.09546632322978355,17.73480657071702,outputViewer0000000152_heading.xml,00000001529_lightTableData.bin
5,8,LN_TASP,ARTERIAL,0.08476518831849818,0.18408882169602045,5.194687360959072,3.081616175883742e-07,0.42065828677657413,outputViewer0000000152_heading.xml,00000001529_lightTableData.bin
5,8,LN_TASP,SINGLE_FAMILY1STORY,5.246739146060322,2.3351192748432783e-07,0.45994761817622315,2.1741606228230594,0.4451222335520634,outputViewer0000000152_heading.xml,00000001529_lightTableData.bin
5,8,LN_TASP,HALF_DUPLEX2STORY,0.11325054807686429,8.829979342098106,0.24551527424418745,0.08717351763935252,0.12707093001456665,outputViewer0000000152_heading.xml,00000001529_lightTableData.bin
5,8,LN_TASP,ROW_HOUSE2STORY,-0.1391303560398607,0.06898790510806825,-0.05227391570654574,-2.016735481703867,0.044312653784179555,outputViewer0000000152_heading.xml,00000001529_lightTableData.bin
5,8,LN_TASP,SMALLEST,-0.051908561299333286,-2.0595370210570287,0.03999656818532968,0.8284714059662891,1.207042262169143,outputViewer0000000152_heading.xml,00000001529_lightTableData.bin
5,8,LN_TASP,SMALL,0.09463231001220199,0.8273783862362853,1.208636842145423,0.07773914164745195,0.04584215494421622,outputViewer0000000152_heading.xml,00000001529_lightTableData.bin
5,8,LN_TASP,LARGEST,0.48803993278693253,-0.02038194349366081,-0.8263300504378944,0.409047148820025,0.8736712990009247,outputViewer0000000152_heading.xml,00000001529_lightTableData.bin
5,8,LN_TASP,TWO_BATHS,-2.075536695036754,0.03847777664826449,0.8335261257158058,1.199722443182248,-0.14969925331392228,outputViewer0000000152_heading.xml,00000001529_lightTableData.bin
5,8,LN_TASP,EXCELLENT,-0.05913025766646535,-2.406880561274411,0.01647998132006631,0.8743237776183882,1.1437410552003369,outputViewer0000000152_heading.xml,00000001529_lightTableData.bin
5,8,LN_TASP,GOOD,,,,-0.30955959789377036,0.23417812287314269,outputViewer0000000152_heading.xml,00000001529_lightTableData.bin
5,8,LN_TASP,FAIR,1.1726063020671207,,,,,outputViewer0000000152_heading.xml,00000001529_lightTableData.bin
5,8,LN_TASP,POOR,0.10051170099782623,0.059739751326234256,1.074181396960435,0.28331196264067526,0.17319238170421697,outputViewer0000000152_heading.xml,00000001529_lightTableData.bin
5,8,LN_TASP,QBEST,0.07937256478370433,12.598811727012581,0.1272976162060669,0.14388127354334923,0.07241184758189037,outputViewer0000000152_heading.xml,00000001529_lightTableData.bin
5,8,LN_TASP,QABOVE_AVG,-0.35597504238789396,0.2174037299098897,-0.04006954531774402,-1.6373916056336282,0.10221656416616412,outputViewer0000000152_heading.xml,00000001529_lightTableData.bin
5,8,LN_TASP,QBELOW_AVG,0.11728473433244217,3.047348383547973,0.00244186755152315,0.35825004720730136,2.791346457021819,outputViewer0000000152_heading.xml,00000001529_lightTableData.bin
5,8,LN_TASP,EXT_BRICK,0.004721713907786302,0.48014909738407563,2.0826864102174723,0.17778696338825203,0.06720627738975608,outputViewer0000000152_heading.xml,00000001529_lightTableData.bin
5,8,LN_TASP,YB_1930_TO_1945,2.160943549199635,0.031210699354192236,0.2966638312132185,3.370818734155965,0.2737441482632167,outputViewer0000000152_heading.xml,00000001529_lightTableData.bin
5,8,LN_TASP,YB_1946_TO_1960,0.832368475917178,1.2013910052253127,1.7611138008545142,0.5020339777132815,0.08900698873732382,outputViewer0000000152_heading.xml,00000001529_lightTableData.bin
5,8,LN_TASP,YB_1961_TO_1990,1.734214500157693,0.48668937145584273,0.0876474935400219,3.5632882118837026,0.0004038907686329852,outputViewer0000000152_heading.xml,00000001529_lightTableData.bin
5,8,LN_TASP,CRAWL,0.21119645793639497,8.126250741232978,4.218070394586753e-15,0.7913802376851534,1.2636150770267842,outputViewer0000000152_heading.xml,00000001529_lightTableData.bin
5,8,LN_TASP,SLAB,2.372765040497902e-17,0.8438998371562608,1.1849747517072158,0.7136744973973446,0.0803174955988419,outputViewer0000000152_heading.xml,00000001529_lightTableData.bin
5,8,LN_TASP,GARAGE,1.2094942011502359,-0.4771184758655516,0.04795349335547469,-0.25204641979689363,-9.949608307547432,outputViewer0000000152_heading.xml,00000001529_lightTableData.bin
5,8,LN_TASP,FIREPLACE,0.04710422563044241,-0.2541037464218064,-10.211673043707375,2.9717211797155523e-22,0.8541416210741185,outputViewer0000000152_heading.xml,00000001529_lightTableData.bin
5,8,LN_TASP,HOT_WATER,-6.163099751335206,1.560317301309402e-09,0.8722347026465327,1.1464804105658741,-0.46810885367303734,outputViewer0000000152_heading.xml,00000001529_lightTableData.bin
5,8,LN_TASP,CENTRAL_AIR,0.8846828099041416,1.1303486275587895,-0.4441942840518662,0.0756934164179723,-0.14388671055505323,outputViewer0000000152_heading.xml,00000001529_lightTableData.bin
5,8,LN_TASP,ECF5R503,0.0016461355807086196,0.9287693092442225,1.0766936310737278,-1.4719997848933684,0.47051722857713785,outputViewer0000000152_heading.xml,00000001529_lightTableData.bin
5,8,LN_TASP,ECF5R504,3.271121569366194,-0.0794812244428913,0.10064103509688295,-0.03266064323570003,-0.7897496718548057,outputViewer0000000152_heading.xml,00000001529_lightTableData.bin
5,8,LN_TASP,ECF5R508_509,-0.8127854526033267,0.4167652148410156,0.6888442569564868,1.451706956835627,-0.08875330760263735,outputViewer0000000152_heading.xml,00000001529_lightTableData.bin
5,8,LN_TASP,ECF5R510,0.9310632966710826,1.0740408343615233,,,,outputViewer0000000152_heading.xml,00000001529_lightTableData.bin
5,8,LN_TASP,ECF5R511_518,0.07793064345189923,0.05636192423032601,0.04250893543219457,1.382682449474782,0.16743457510504994,outputViewer0000000152_heading.xml,00000001529_lightTableData.bin
5,8,LN_TASP,ECF5R512_513,-0.07342927108434164,-3.081755333391294,0.0021779061498501105,0.9346126818872431,1.069961941861009,outputViewer0000000152_heading.xml,00000001529_lightTableData.bin
5,8,LN_TASP,ECF5R523,0.06840452983405622,-0.057596896633794636,-1.9980851540859184,0.04629059299558839,0.6344698170363656,outputViewer0000000152_heading.xml,00000001529_lightTableData.bin
5,8,LN_TASP,ECF5R528,0.7423742799415676,0.45824620546867856,0.8687512518140762,1.1510774780604434,0.36554795640652205,outputViewer0000000152_heading.xml,00000001529_lightTableData.bin
5,8,LN_TASP,ECF5R533,0.6130069324646847,0.8949185739611254,1.1174200973098132,0.3799685053770036,0.47872307055945884,outputViewer0000000152_heading.xml,00000001529_lightTableData.bin
5,9,LN_TASP,(Constant),-0.7113767355187205,0.2024598965411322,,-3.513667386341846,0.00048462241555782446,outputViewer0000000152_heading.xml,00000001529_lightTableData.bin
5,9,LN_TASP,LN_LANDRATIO,0.02105473550713011,11.663996398361435,1.0173662002407004e-27,0.5505172921578091,1.8164733683121874,outputViewer0000000152_heading.xml,00000001529_lightTableData.bin
5,9,LN_TASP,LNSBLDSFINT,2.3793215517225058e-54,0.8682997921076238,1.1516759638657754,9.778734983402023,0.5513373063785036,outputViewer0000000152_heading.xml,00000001529_lightTableData.bin
5,9,LN_TASP,ARTERIAL,2.3772264363619535,0.4415594276790905,0.08469970548653513,0.18460337365237406,5.21323451058854,outputViewer0000000152_heading.xml,00000001529_lightTableData.bin
5,9,LN_TASP,SINGLE_FAMILY1STORY,0.08061718693308204,0.18609288093631157,5.521430981231661,5.531999896695255e-08,0.47224546230443354,outputViewer0000000152_heading.xml,00000001529_lightTableData.bin
5,9,LN_TASP,HALF_DUPLEX2STORY,2.8163974667159137,0.005063104932612695,0.2587753742481488,3.8643553425646484,0.24866684452592364,outputViewer0000000152_heading.xml,00000001529_lightTableData.bin
5,9,LN_TASP,ROW_HOUSE2STORY,0.7990475509795258,1.2514899755016247,-0.1390703577543542,0.06891103751703445,-0.05225137321180645,outputViewer0000000152_heading.xml,00000001529_lightTableData.bin
5,9,LN_TASP,SMALLEST,-0.14259038031165108,0.06690212928645377,-0.05357391250289084,-2.1313279836150527,0.03358255809880103,outputViewer0000000152_heading.xml,00000001529_lightTableData.bin
5,9,LN_TASP,SMALL,0.04297160383608007,1.6958003336023384,0.09060626497581513,0.8307468214684495,1.203736173473856,outputViewer0000000152_heading.xml,00000001529_lightTableData.bin
5,9,LN_TASP,LARGEST,1.1445952283696819,-0.4007044605819064,0.487615909077423,-0.020251671069015355,-0.8217624837959975,outputViewer0000000152_heading.xml,00000001529_lightTableData.bin
5,9,LN_TASP,TWO_BATHS,0.06682533382997646,-0.056244851028936144,-2.240157208863359,0.025544340294318384,0.8417153436493404,outputViewer0000000152_heading.xml,00000001529_lightTableData.bin
5,9,LN_TASP,EXCELLENT,-1.1796746185170017,0.4856976527831303,-0.059620954326235216,-2.4288250349929945,0.015526693212191224,outputViewer0000000152_heading.xml,00000001529_lightTableData.bin
5,9,LN_TASP,GOOD,-0.034844893206953886,-1.3218980240159444,0.18687071320830737,0.7743035732270586,1.291483127001866,outputViewer0000000152_heading.xml,00000001529_lightTableData.bin
5,9,LN_TASP,POOR,5.77392602468987,0.10996882957083928,0.09983036881075051,0.06084694297182889,1.1015568797437618,outputViewer0000000152_heading.xml,00000001529_lightTableData.bin
5,9,LN_TASP,QBEST,0.8847406828638756,0.3767617532165749,0.07947870879345473,12.581985983173805,0.12176118753157701,outputViewer0000000152_heading.xml,00000001529_lightTableData.bin
5,9,LN_TASP,QABOVE_AVG,0.8811636517675839,1.1348629712472076,-0.35304845719283956,0.21763908589220649,-0.03974012071170186,outputViewer0000000152_heading.xml,00000001529_lightTableData.bin
5,9,LN_TASP,QBELOW_AVG,0.2293786790294187,0.07566554689046645,0.11258007679163222,3.031481149028997,0.00257092948376203,outputViewer0000000152_heading.xml,00000001529_lightTableData.bin
5,9,LN_TASP,EXT_BRICK,0.0872586330843482,2.645392220687873,0.008430664392604547,0.4892006817050682,2.044150871815189,outputViewer0000000152_heading.xml,00000001529_lightTableData.bin
5,9,LN_TASP,YB_1930_TO_1945,0.13563392290227386,0.07691718530534708,2.018257250145697,0.04413814543618605,0.3626884688957426,outputViewer0000000152_heading.xml,00000001529_lightTableData.bin
5,9,LN_TASP,YB_1946_TO_1960,3.5079573874187266,0.0004966438628327364,0.8338831811477337,1.1992087412335475,1.7592957182250908,outputViewer0000000152_heading.xml,00000001529_lightTableData.bin
5,9,LN_TASP,YB_1961_TO_1990,0.8698396534962304,1.149637172760064,1.7328956141064609,0.48661563905921856,0.08758083681639003,outputViewer0000000152_heading.xml,00000001529_lightTableData.bin
5,9,LN_TASP,CRAWL,0.6818160139923841,0.08331801442672528,0.2117271741017389,8.183296477762475,2.7814166091982013e-15,outputViewer0000000152_heading.xml,00000001529_lightTableData.bin
5,9,LN_TASP,SLAB,0.22162032199511586,8.885666716525895,1.3591622772442931e-17,0.8463424541940184,1.1815548127646645,outputViewer0000000152_heading.xml,00000001529_lightTableData.bin
5,9,LN_TASP,GARAGE,3.022916822074869e-21,0.8282912322304393,1.2073048235789963,-0.47635838558722543,0.04789069476312972,outputViewer0000000152_heading.xml,00000001529_lightTableData.bin
5,9,LN_TASP,FIREPLACE,1.1707660361316412,-0.4795914669772625,0.04717261111766101,-0.25335282184884833,-10.166735646263763,outputViewer0000000152_heading.xml,00000001529_lightTableData.bin
5,9,LN_TASP,HOT_WATER,0.07601389359497984,-0.1516332955082453,-6.158201238410875,1.6029692134751844e-09,0.8725208847877635,outputViewer0000000152_heading.xml,00000001529_lightTableData.bin
5,9,LN_TASP,CENTRAL_AIR,-5.868334461204195,8.266181627865585e-09,0.8884375095614916,1.1255715672040598,-0.4423635804016669,outputViewer0000000152_heading.xml,00000001529_lightTableData.bin
5,9,LN_TASP,ECF5R502,0.14138638507279264,0.2733330766414882,0.01591484651840559,0.5172677482361172,0.6052222965285373,outputViewer0000000152_heading.xml,00000001529_lightTableData.bin
5,9,LN_TASP,ECF5R503,-0.07439511757376241,-3.1284715957049056,0.0018673115294783025,0.9310245686671355,1.074085511439951,outputViewer0000000152_heading.xml,00000001529_lightTableData.bin
5,9,LN_TASP,ECF5R504,0.43008624995050626,0.31320579774269264,3.1927889177247226,-0.07739349110238132,0.09990933734264822,outputViewer0000000152_heading.xml,00000001529_lightTableData.bin
5,9,LN_TASP,ECF5R508_509,0.10869289698615515,-0.02269996484967423,-0.8165511276596332,0.4146104274462631,0.6888972656648646,outputViewer0000000152_heading.xml,00000001529_lightTableData.bin
5,9,LN_TASP,ECF5R511_518,0.5614479000488657,1.7811091642037753,0.07685648547266197,0.05626810024778236,0.041923012999620826,outputViewer0000000152_heading.xml,00000001529_lightTableData.bin
5,9,LN_TASP,ECF5R512_513,-1.4279710916435395,0.47191541270947096,-0.07216989998571947,-3.025904755780148,0.0026137008445959336,outputViewer0000000152_heading.xml,00000001529_lightTableData.bin
5,9,LN_TASP,ECF5R523,1.5761191047212313,-0.1380453633416042,0.06835469975330459,-0.05817307927490671,-2.019544579082588,outputViewer0000000152_heading.xml,00000001529_lightTableData.bin
5,9,LN_TASP,ECF5R528,0.4918560211378407,0.01847485541424979,0.743201141587893,0.45774516532276255,0.868751270007851,outputViewer0000000152_heading.xml,00000001529_lightTableData.bin
5,9,LN_TASP,ECF5R533,0.019203672393129232,0.7937125422699058,0.4277738171984773,0.9080088288282918,1.1013108774398317,outputViewer0000000152_heading.xml,00000001529_lightTableData.bin
5,10,LN_TASP,(Constant),,,-0.731397879427844,0.20220724873008533,,outputViewer0000000152_heading.xml,00000001529_lightTableData.bin
5,10,LN_TASP,LN_LANDRATIO,10.246836325101798,0.8722622212619566,0.017746161982113443,11.747426490943349,4.692324510542782e-28,outputViewer0000000152_heading.xml,00000001529_lightTableData.bin
5,10,LN_TASP,LNSBLDSFINT,-0.09489979770361354,17.73639271326351,2.213254096275661e-54,0.8684840429313866,1.1514316332453371,outputViewer0000000152_heading.xml,00000001529_lightTableData.bin
5,10,LN_TASP,ARTERIAL,2.801845157207216e-07,0.4208409666192802,2.376194523155024,0.44760361163961265,0.08428228084266931,outputViewer0000000152_heading.xml,00000001529_lightTableData.bin
5,10,LN_TASP,SINGLE_FAMILY1STORY,2.117542845452158,0.1467170921250502,0.19430814394545196,0.07593612007544726,0.7550743326859117,outputViewer0000000152_heading.xml,00000001529_lightTableData.bin
5,10,LN_TASP,HALF_DUPLEX2STORY,0.08707230007919935,0.12870208297618718,2.8558662663067462,0.004483647117013281,0.2592329246961638,outputViewer0000000152_heading.xml,00000001529_lightTableData.bin
5,10,LN_TASP,ROW_HOUSE2STORY,-2.018114409030291,0.04416699199136632,0.7990914816804059,1.2514211738274377,-0.13967406500646604,outputViewer0000000152_heading.xml,00000001529_lightTableData.bin
5,10,LN_TASP,SMALLEST,0.8326878883601565,1.2009301612028218,-0.14321613082882648,0.06689784582666991,-0.05380901885005481,outputViewer0000000152_heading.xml,00000001529_lightTableData.bin
5,10,LN_TASP,SMALL,0.07795385383721685,0.04579314615589449,0.04309028957098563,1.7023039555272539,0.08937844115222142,outputViewer0000000152_heading.xml,00000001529_lightTableData.bin
5,10,LN_TASP,LARGEST,0.4116387307133903,0.8737675461445559,1.1444691490459182,-0.3997736520228337,0.4871992719767491,outputViewer0000000152_heading.xml,00000001529_lightTableData.bin
5,10,LN_TASP,TWO_BATHS,1.1880501021454601,-0.15343717447590272,0.06688696485932775,-0.057649258961904405,-2.293977231566743,outputViewer0000000152_heading.xml,00000001529_lightTableData.bin
5,10,LN_TASP,EXCELLENT,0.8749349464524695,1.1429421170735288,-1.135593199634111,0.4822717062938694,-0.057393071975798265,outputViewer0000000152_heading.xml,00000001529_lightTableData.bin
5,10,LN_TASP,GOOD,-0.30849731980250195,0.23371113508054647,-0.03472532021713809,-1.3199941016767605,0.18750360837861296,outputViewer0000000152_heading.xml,00000001529_lightTableData.bin
5,10,LN_TASP,POOR,0.2712367301018158,0.17519203249092755,5.708022138802378,0.11359323212763815,0.09863629246846238,outputViewer0000000152_heading.xml,00000001529_lightTableData.bin
5,10,LN_TASP,QBEST,0.14334831450026203,0.06926251107997038,0.8494078772816993,0.39609813977746955,0.07994075861830831,outputViewer0000000152_heading.xml,00000001529_lightTableData.bin
5,10,LN_TASP,QABOVE_AVG,-1.6221739571526201,0.1054338313268211,0.8812410205064509,1.134763335716372,-0.3428472957838419,outputViewer0000000152_heading.xml,00000001529_lightTableData.bin
5,10,LN_TASP,QBELOW_AVG,0.3841283359604359,2.603296623509173,0.2326868919677417,0.07539058807512904,0.11420376242891724,outputViewer0000000152_heading.xml,00000001529_lightTableData.bin
5,10,LN_TASP,EXT_BRICK,0.18295319368569288,0.06724875737174019,0.08979424191281545,2.720543855916287,0.006756560691319515,outputViewer0000000152_heading.xml,00000001529_lightTableData.bin
5,10,LN_TASP,YB_PRE_1910,,,,-0.015623910641628333,0.06232698539370105,outputViewer0000000152_heading.xml,00000001529_lightTableData.bin
5,10,LN_TASP,YB_1930_TO_1945,2.7571871888969737,0.2580378441373964,0.13436284528120526,0.07250399615565162,1.9204553431222318,outputViewer0000000152_heading.xml,00000001529_lightTableData.bin
5,10,LN_TASP,YB_1946_TO_1960,0.5012493116655259,0.08891510253437539,3.5098217140276797,0.0004931652573155166,0.8346788278645295,outputViewer0000000152_heading.xml,00000001529_lightTableData.bin
5,10,LN_TASP,YB_1961_TO_1990,3.5611178001937924,0.0004070713259885563,0.8698470623134137,1.1496273808644433,1.742047074938195,outputViewer0000000152_heading.xml,00000001529_lightTableData.bin
5,10,LN_TASP,CRAWL,0.796866833634031,1.2549148211371788,0.679778253837719,0.08301528820210267,0.21109437993118543,outputViewer0000000152_heading.xml,00000001529_lightTableData.bin
5,10,LN_TASP,SLAB,0.7169716403692703,0.08037698329715245,0.22264419757111992,8.92011134230601,1.0359253662250335e-17,outputViewer0000000152_heading.xml,00000001529_lightTableData.bin
5,10,LN_TASP,GARAGE,-0.25164488843085925,-9.946783773827523,3.0661166696848966e-21,0.8291138063511939,1.206107041445674,outputViewer0000000152_heading.xml,00000001529_lightTableData.bin
5,10,LN_TASP,FIREPLACE,4.300099905406119e-22,0.8544474582761198,1.170346977235485,-0.47754469546655004,0.04722801448824182,outputViewer0000000152_heading.xml,00000001529_lightTableData.bin
5,10,LN_TASP,HOT_WATER,1.1461043711787429,-0.46915639343790594,0.07594267318431355,-0.15197262236668133,-6.177770333410034,outputViewer0000000152_heading.xml,00000001529_lightTableData.bin
5,10,LN_TASP,CENTRAL_AIR,0.07579892558057906,-0.14329369543602583,-5.836013861850936,9.896964740943001e-09,0.88865035130102,outputViewer0000000152_heading.xml,00000001529_lightTableData.bin
5,10,LN_TASP,ECF5R502,0.5683547902877485,1.7594643646686199,0.14100212471576157,0.2730109787375649,0.01587159309904623,outputViewer0000000152_heading.xml,00000001529_lightTableData.bin
5,10,LN_TASP,ECF5R503,-1.4731561517682679,0.4704238033351131,-0.07445356055079232,-3.1315510425369446,0.0018480041047496097,outputViewer0000000152_heading.xml,00000001529_lightTableData.bin
5,10,LN_TASP,ECF5R504,-0.03180274611240313,-0.7746372177102252,0.4389564107821122,0.31713596592777005,3.1532216696852258,outputViewer0000000152_heading.xml,00000001529_lightTableData.bin
5,10,LN_TASP,ECF5R508_509,1.4515952520654667,-0.08987641420289083,0.10858196352548963,-0.02298721589458553,-0.8277287616169543,outputViewer0000000152_heading.xml,00000001529_lightTableData.bin
5,10,LN_TASP,ECF5R511_518,1.3658979978747556,0.1726384095685689,0.562368832715015,1.7781924278630108,0.07652867885323193,outputViewer0000000152_heading.xml,00000001529_lightTableData.bin
5,10,LN_TASP,ECF5R512_513,0.9356685266449772,1.0687545551902828,-1.4302504565368177,0.47273707722598285,-0.07228509947213871,outputViewer0000000152_heading.xml,00000001529_lightTableData.bin
5,10,LN_TASP,ECF5R523,0.0440037841971753,0.6348779660030764,1.575105852697295,-0.12879413336319298,0.06748520500267115,outputViewer0000000152_heading.xml,00000001529_lightTableData.bin
5,10,LN_TASP,ECF5R528,1.1510774539540678,0.36698072745256366,0.4911699541733519,0.018547267904740927,0.7471563037079477,outputViewer0000000152_heading.xml,00000001529_lightTableData.bin
5,10,LN_TASP,ECF5R533,0.3817782990563773,0.4783199890760006,0.01929513967114314,0.7981650522151109,0.4251874681000736,outputViewer0000000152_heading.xml,00000001529_lightTableData.bin
5,11,LN_TASP,(Constant),-3.6170705255188174,0.00033007334327441216,,,-0.7749944106404814,outputViewer0000000152_heading.xml,00000001529_lightTableData.bin
5,11,LN_TASP,LN_LANDRATIO,0.5802247663963189,1.7234700376732217,10.367779682359059,0.8487770422631757,0.01837701743399073,outputViewer0000000152_heading.xml,00000001529_lightTableData.bin
5,11,LN_TASP,LNSBLDSFINT,9.786904079239903,0.5521471275241968,-0.098713382750521,17.725174308383973,2.361774839485938e-54,outputViewer0000000152_heading.xml,00000001529_lightTableData.bin
5,11,LN_TASP,ARTERIAL,0.1871302741784316,5.310767662720939,1.6968214853562457e-07,0.42462703880307634,2.355007827148183,outputViewer0000000152_heading.xml,00000001529_lightTableData.bin
5,11,LN_TASP,SINGLE_FAMILY1STORY,0.4505976358310271,0.05319566480029155,18.798524348820983,0.14758316860093787,0.193926717201474,outputViewer0000000152_heading.xml,00000001529_lightTableData.bin
5,11,LN_TASP,HALF_DUPLEX2STORY,3.8575346907498673,0.24311487765437825,0.0868387216429377,0.12582856076479249,2.7996137328462156,outputViewer0000000152_heading.xml,00000001529_lightTableData.bin
5,11,LN_TASP,ROW_HOUSE2STORY,0.06876178534801149,-0.05247819748586554,-2.0312745560569603,0.042807887351195825,0.8008615842994573,outputViewer0000000152_heading.xml,00000001529_lightTableData.bin
5,11,LN_TASP,SMALLEST,-2.1408182738782755,0.03280362707083519,0.83276209596667,1.200823146062142,-0.14327268135051907,outputViewer0000000152_heading.xml,00000001529_lightTableData.bin
5,11,LN_TASP,SMALL,0.8309089863767617,1.2035012454981042,0.07815945929605246,0.045754144792192655,0.04320394140886785,outputViewer0000000152_heading.xml,00000001529_lightTableData.bin
5,11,LN_TASP,LARGEST,-0.020204627847337238,-0.820554699108648,0.4123249670096095,0.8737819013690391,1.1444503467435096,outputViewer0000000152_heading.xml,00000001529_lightTableData.bin
5,11,LN_TASP,TWO_BATHS,0.022228344297168405,0.842780479965303,1.1865486016491147,-0.1684658830639623,0.06636475731085838,outputViewer0000000152_heading.xml,00000001529_lightTableData.bin
5,11,LN_TASP,EXCELLENT,-2.3546751443513965,0.018953696100547805,0.886687383629811,1.1277931979885896,-1.1346653262072333,outputViewer0000000152_heading.xml,00000001529_lightTableData.bin
5,11,LN_TASP,GOOD,0.7757044368613265,1.2891508060031518,-0.30775779809862536,0.23337218236144158,-0.034642077588025205,outputViewer0000000152_heading.xml,00000001529_lightTableData.bin
5,11,LN_TASP,POOR,0.06285236411290258,1.1516372856771564,0.25007360145931967,0.17908968846658405,5.583794402471072,outputViewer0000000152_heading.xml,00000001529_lightTableData.bin
5,11,LN_TASP,QBEST,12.509263325541879,0.1108467277720616,0.1415827118212101,0.06305394080112615,0.7829114610549222,outputViewer0000000152_heading.xml,00000001529_lightTableData.bin
5,11,LN_TASP,QABOVE_AVG,0.21789992967550112,-0.03859184948282721,-1.5734162755096512,0.11629107878277646,0.8820026363795214,outputViewer0000000152_heading.xml,00000001529_lightTableData.bin
5,11,LN_TASP,QBELOW_AVG,3.0864183170432637,0.0021478508282136073,0.3863722943055689,2.5881772961938454,0.2401664654827014,outputViewer0000000152_heading.xml,00000001529_lightTableData.bin
5,11,LN_TASP,EXT_BRICK,0.4902899870567658,2.039609264719126,0.1719035132956717,0.0669772655817328,0.08437100958758248,outputViewer0000000152_heading.xml,00000001529_lightTableData.bin
5,11,LN_TASP,YB_PRE_1910,-0.00886989806503394,-0.25067650140523773,0.8021781370654635,0.4297180775909677,2.3271071247597406,outputViewer0000000152_heading.xml,00000001529_lightTableData.bin
5,11,LN_TASP,YB_1930_TO_1945,0.05541037532190657,0.36937722637270304,2.7072594859732804,0.26171513248342676,0.134275144435901,outputViewer0000000152_heading.xml,00000001529_lightTableData.bin
5,11,LN_TASP,YB_1946_TO_1960,1.1980656111266579,1.7584959308968586,0.5006989769492627,0.08887468114781781,3.5120821328841108,outputViewer0000000152_heading.xml,00000001529_lightTableData.bin
5,11,LN_TASP,YB_1961_TO_1990,0.4865185046143333,0.08804335319141644,3.580638883035144,0.00037850725706482596,0.8701605446200643,outputViewer0000000152_heading.xml,00000001529_lightTableData.bin
5,11,LN_TASP,CRAWL,8.18859114459475,2.664451254559614e-15,0.8011301884497803,1.2482365718049409,0.6816251398867059,outputViewer0000000152_heading.xml,00000001529_lightTableData.bin
5,11,LN_TASP,SLAB,0.8470285946666907,1.180597687370288,0.6987615588291126,0.07946069312632503,0.21698934490480679,outputViewer0000000152_heading.xml,00000001529_lightTableData.bin
5,11,LN_TASP,GARAGE,-0.4745718788263657,0.04769982452854855,-0.250701134089339,-9.949132591511578,2.9798812058007795e-21,outputViewer0000000152_heading.xml,00000001529_lightTableData.bin
5,11,LN_TASP,FIREPLACE,-0.25227157797020483,-10.11147092760892,6.781242162749029e-22,0.8550977187642886,1.1694569849222745,outputViewer0000000152_heading.xml,00000001529_lightTableData.bin
5,11,LN_TASP,HOT_WATER,1.4275436539432433e-09,0.8729678654443324,1.1455175380264535,-0.4697217054594433,0.07589615132230089,outputViewer0000000152_heading.xml,00000001529_lightTableData.bin
5,11,LN_TASP,CENTRAL_AIR,1.1253019801724713,-0.435964596674019,0.07568263681997472,-0.14122088911562963,-5.760430859604457,outputViewer0000000152_heading.xml,00000001529_lightTableData.bin
5,11,LN_TASP,ECF5R502,0.5164705293822691,0.6057778412628766,0.5684533904030895,1.7591591797718038,0.14161719550344284,outputViewer0000000152_heading.xml,00000001529_lightTableData.bin
5,11,LN_TASP,ECF5R503,0.9310314432305506,1.0740775805918412,-1.4737041994928706,0.4703541680248202,-0.07448125897529366,outputViewer0000000152_heading.xml,00000001529_lightTableData.bin
5,11,LN_TASP,ECF5R504,-0.07837638445818158,0.09972659046073347,-0.032206639352065004,-0.7859126046131262,0.43232687338221887,outputViewer0000000152_heading.xml,00000001529_lightTableData.bin
5,11,LN_TASP,ECF5R508_509,0.40825520581763086,0.6891845055922724,1.450990252807002,-0.08991727389972924,0.1084935694823243,outputViewer0000000152_heading.xml,00000001529_lightTableData.bin
5,11,LN_TASP,ECF5R511_518,0.05622424488662577,0.0417442038713708,1.3611330664831398,0.17413659502368195,0.5624268283376059,outputViewer0000000152_heading.xml,00000001529_lightTableData.bin
5,11,LN_TASP,ECF5R512_513,-3.0254670628534477,0.0026171259601092344,0.9356767338255167,1.068745180732984,-1.4339649203127631,outputViewer0000000152_heading.xml,00000001529_lightTableData.bin
5,11,LN_TASP,ECF5R517_521,-0.02257987982077264,0.06860276068261194,-0.009468964306311578,-0.32913952144342407,0.7422026863423288,outputViewer0000000152_heading.xml,00000001529_lightTableData.bin
5,11,LN_TASP,ECF5R523,-0.05427455981798907,-1.9084795453773187,0.05694338821052273,0.6509804970980242,1.5361443306794191,outputViewer0000000152_heading.xml,00000001529_lightTableData.bin
5,11,LN_TASP,ECF5R528,0.45535599255185555,0.8692874132855881,1.150367513341032,0.38546854609089926,0.480534893582155,outputViewer0000000152_heading.xml,00000001529_lightTableData.bin
5,11,LN_TASP,ECF5R533,0.9080600766064756,1.1012487232531072,0.39305737125693757,0.47731578163202715,0.019865185883849907,outputViewer0000000152_heading.xml,00000001529_lightTableData.bin
5,12,LN_TASP,(Constant),0.20067830351017127,,-3.8618744382658248,0.00012818387689295238,,outputViewer0000000152_heading.xml,00000001529_lightTableData.bin
5,12,LN_TASP,LN_LANDRATIO,12.214962429608667,6.248939757308243e-30,0.5809941737483072,1.721187655890695,10.26537726771304,outputViewer0000000152_heading.xml,00000001529_lightTableData.bin
5,12,LN_TASP,LNSBLDSFINT,0.8763026227890919,1.1411582870963055,9.79626485580555,0.5524618114287471,-0.10396011453355807,outputViewer0000000152_heading.xml,00000001529_lightTableData.bin
5,12,LN_TASP,ARTERIAL,0.4483441531711178,0.08424273639669505,0.1874398734225562,5.322051162487012,1.599068865263012e-07,outputViewer0000000152_heading.xml,00000001529_lightTableData.bin
5,12,LN_TASP,SINGLE_FAMILY1STORY,0.07638437382908267,0.7610254570937279,0.44703782106360923,0.05328857863672682,18.765747287370765,outputViewer0000000152_heading.xml,00000001529_lightTableData.bin
5,12,LN_TASP,HALF_DUPLEX2STORY,0.005328348370862108,0.26052780111572144,3.838361954914052,0.24479262333512714,0.08680713859254341,outputViewer0000000152_heading.xml,00000001529_lightTableData.bin
5,12,LN_TASP,ROW_HOUSE2STORY,1.248655222830717,-0.14021341916079313,0.06865601898941925,-0.05268084307955031,-2.042259676932357,outputViewer0000000152_heading.xml,00000001529_lightTableData.bin
5,12,LN_TASP,SMALLEST,0.06692199786442,-0.053830265954484514,-2.140890677543444,0.03279665537950035,0.8327625401572866,outputViewer0000000152_heading.xml,00000001529_lightTableData.bin
5,12,LN_TASP,SMALL,1.7082487204391885,0.08826777236460995,0.8309743785278276,1.2034065379628454,0.0769650254621931,outputViewer0000000152_heading.xml,00000001529_lightTableData.bin
5,12,LN_TASP,LARGEST,-0.3726290433247068,0.48454341946957713,-0.018832734742246057,-0.7690312742924433,0.44226855775421015,outputViewer0000000152_heading.xml,00000001529_lightTableData.bin
5,12,LN_TASP,TWO_BATHS,-0.06329583005013903,-2.538484127574719,0.011451591895208708,0.8590871904708179,1.1640262025696781,outputViewer0000000152_heading.xml,00000001529_lightTableData.bin
5,12,LN_TASP,POWDER_ROOM,,-0.13385860082242979,0.3448228552640191,-0.01349022316884027,-0.38819526832100154,outputViewer0000000152_heading.xml,00000001529_lightTableData.bin
5,12,LN_TASP,EXCELLENT,0.4821362116482848,-0.057346177096196674,-2.353412373503619,0.019016517132553208,0.8866918159444411,outputViewer0000000152_heading.xml,00000001529_lightTableData.bin
5,12,LN_TASP,GOOD,-1.3187424267300933,0.187920056914,0.7762693677919265,1.2882126250124595,-0.3092661907017039,outputViewer0000000152_heading.xml,00000001529_lightTableData.bin
5,12,LN_TASP,POOR,0.11283872704034567,0.09851480755657141,0.062434888286365155,1.145398644518986,0.2526435176564206,outputViewer0000000152_heading.xml,00000001529_lightTableData.bin
5,12,LN_TASP,QBEST,0.4340828494499407,0.08181366555230625,12.22289691152716,0.08644225122390287,0.13164751546629275,outputViewer0000000152_heading.xml,00000001529_lightTableData.bin
5,12,LN_TASP,QABOVE_AVG,1.13378345908901,-1.2531425060323649,0.47880223226391894,-0.06333403376122801,-2.6172444938427617,outputViewer0000000152_heading.xml,00000001529_lightTableData.bin
5,12,LN_TASP,QBELOW_AVG,0.07433287487900005,0.11787477040684192,3.2309589246164268,0.001321851989308,0.3969050354315578,outputViewer0000000152_heading.xml,00000001529_lightTableData.bin
5,12,LN_TASP,EXT_BRICK,2.566594975214339,0.01057494255768636,0.4957704538252944,2.017062518115273,0.16996394105508267,outputViewer0000000152_heading.xml,00000001529_lightTableData.bin
5,12,LN_TASP,YB_PRE_1910,-0.015815072451510936,0.06223323294752537,-0.008978423120410814,-0.25412583763479063,0.7995136509193363,outputViewer0000000152_heading.xml,00000001529_lightTableData.bin
5,12,LN_TASP,YB_1930_TO_1945,0.07353724808424021,1.9490958924893347,0.05188230267561847,0.36971576287581165,2.704780537950453,outputViewer0000000152_heading.xml,00000001529_lightTableData.bin
5,12,LN_TASP,YB_1946_TO_1960,0.0004889996937426205,0.8347400288582182,1.1979777720350002,1.7737389990848833,0.4963410427784883,outputViewer0000000152_heading.xml,00000001529_lightTableData.bin
5,12,LN_TASP,YB_1961_TO_1990,1.1492132183913568,1.6356442435768852,0.4779270494613986,0.08266573613566443,3.4223721913630536,outputViewer0000000152_heading.xml,00000001529_lightTableData.bin
5,12,LN_TASP,CRAWL,0.08286767778911154,0.21166790116860876,8.225464476286659,2.0294698371743387e-15,0.8026810632217145,outputViewer0000000152_heading.xml,00000001529_lightTableData.bin
5,12,LN_TASP,SLAB,8.793801454994048,2.719746773187681e-17,0.868629777965013,1.151238450911452,0.6953547528934259,outputViewer0000000152_heading.xml,00000001529_lightTableData.bin
5,12,LN_TASP,GARAGE,0.8343485632248121,1.1985398478244322,-0.47589060811740325,0.04760972922253847,-0.25139777656558,outputViewer0000000152_heading.xml,00000001529_lightTableData.bin
5,12,LN_TASP,FIREPLACE,-0.47794146127554127,0.04730982421119358,-0.25248117664791825,-10.102372377077224,7.253268119223185e-22,outputViewer0000000152_heading.xml,00000001529_lightTableData.bin
5,12,LN_TASP,HOT_WATER,-0.15215574243404073,-6.189005598778274,1.3345257649982242e-09,0.8730674753775854,1.1453868437459758,outputViewer0000000152_heading.xml,00000001529_lightTableData.bin
5,12,LN_TASP,CENTRAL_AIR,1.5057640017982472e-08,0.8925572261207294,1.120376341969963,-1.5307135893131818,0.4779243716510217,outputViewer0000000152_heading.xml,00000001529_lightTableData.bin
5,12,LN_TASP,ECF5R502,0.272663972093817,0.015940827185332986,0.5193836003192818,0.6037463730153099,0.5686631804852481,outputViewer0000000152_heading.xml,00000001529_lightTableData.bin
5,12,LN_TASP,ECF5R503,-3.1331798454799795,0.0018377551102862516,0.9310329088403617,1.0740758898045177,-1.4751213119392272,outputViewer0000000152_heading.xml,00000001529_lightTableData.bin
5,12,LN_TASP,ECF5R504,0.3176435712060241,3.1481827137354483,-0.07571145130760874,0.09931272562537168,-0.031111557696140237,outputViewer0000000152_heading.xml,00000001529_lightTableData.bin
5,12,LN_TASP,ECF5R508_509,-0.022997666363498225,-0.8287797546782577,0.4076598022808883,0.6891848909656294,1.4509894414529052,outputViewer0000000152_heading.xml,00000001529_lightTableData.bin
5,12,LN_TASP,ECF5R511_518,1.7780090664518116,0.07629905830245283,0.05618468898529471,0.0416189524332379,1.358004461365314,outputViewer0000000152_heading.xml,00000001529_lightTableData.bin
5,12,LN_TASP,ECF5R512_513,0.47344674390951946,-0.07247282909830503,-3.0287776582255015,0.0025888771630780674,0.9357003873431191,outputViewer0000000152_heading.xml,00000001529_lightTableData.bin
5,12,LN_TASP,ECF5R517_521,0.6500529598482947,1.5383361999203475,-0.022587883443158884,0.06852782115510082,-0.009472320657864292,outputViewer0000000152_heading.xml,00000001529_lightTableData.bin
5,12,LN_TASP,ECF5R528,0.019481645379110603,0.8021655684926808,0.4228759506310852,0.9062641281153165,1.1034310737639128,outputViewer0000000152_heading.xml,00000001529_lightTableData.bin
5,12,LN_TASP,ECF5R533,0.823474492950987,0.41066493307907004,0.9103422905337499,1.098487909875836,0.3982705289556272,outputViewer0000000152_heading.xml,00000001529_lightTableData.bin
5,13,LN_TASP,(Constant),,-0.7703953635481352,0.2009691113886458,,-3.8334018507864114,outputViewer0000000152_heading.xml,00000001529_lightTableData.bin
5,13,LN_TASP,LN_LANDRATIO,0.8354970285617827,-0.08160523194566911,12.286551497835692,3.1507518751085646e-30,0.7508488952725368,outputViewer0000000152_heading.xml,00000001529_lightTableData.bin
5,13,LN_TASP,LNSBLDSFINT,17.73202174910692,2.0772674306223554e-54,0.8928131089429041,1.1200552388662905,0.42935033315481913,outputViewer0000000152_heading.xml,00000001529_lightTableData.bin
5,13,LN_TASP,ARTERIAL,0.42467979411152285,2.354715279289684,0.4356534645561756,0.08291875845357959,0.1821342593071381,outputViewer0000000152_heading.xml,00000001529_lightTableData.bin
5,13,LN_TASP,SINGLE_FAMILY1STORY,0.14728353988984003,0.19369915858502262,0.07622929549802779,0.7603726364417384,0.447426570986854,outputViewer0000000152_heading.xml,00000001529_lightTableData.bin
5,13,LN_TASP,HALF_DUPLEX2STORY,0.12669690879176143,2.8199595943847227,0.005006861247548196,0.26064064101816403,3.8367002018319547,outputViewer0000000152_heading.xml,00000001529_lightTableData.bin
5,13,LN_TASP,ROW_HOUSE2STORY,0.04170049313009263,0.8016759848516467,1.2473867483819587,-0.14048812077201456,0.06858442931315172,outputViewer0000000152_heading.xml,00000001529_lightTableData.bin
5,13,LN_TASP,SMALLEST,1.2008225055501738,-0.14130083823466402,0.06698472461457101,-0.053089407066757605,-2.109448669793101,outputViewer0000000152_heading.xml,00000001529_lightTableData.bin
5,13,LN_TASP,SMALL,0.04565535372248943,0.04254369823626141,1.6857831379429393,0.09251718220803754,0.8332166712133264,outputViewer0000000152_heading.xml,00000001529_lightTableData.bin
5,13,LN_TASP,LARGEST,0.8821012746765596,1.1336566771957906,-0.3731373926718591,0.48421269355816143,-0.018858426804050723,outputViewer0000000152_heading.xml,00000001529_lightTableData.bin
5,13,LN_TASP,TWO_BATHS,-0.1757019182041446,0.06630325640229336,-0.06601454580516176,-2.649974190378789,0.008317717854027963,outputViewer0000000152_heading.xml,00000001529_lightTableData.bin
5,13,LN_TASP,POWDER_ROOM,0.6980542995216097,0.44550834025206465,2.2446268894409673,-0.13220723350592786,0.3440995534110339,outputViewer0000000152_heading.xml,00000001529_lightTableData.bin
5,13,LN_TASP,EXCELLENT,1.127787560478238,-1.16059836693877,0.4811890654720311,-0.05865683735176703,-2.4119383631468434,outputViewer0000000152_heading.xml,00000001529_lightTableData.bin
5,13,LN_TASP,GOOD,0.2329842266215245,-0.03481186647367451,-1.3274125685945988,0.1850378798992026,0.7772044109225807,outputViewer0000000152_heading.xml,00000001529_lightTableData.bin
5,13,LN_TASP,POOR,0.17918296398118136,5.580887701495019,0.10721630412329855,0.09780697988061358,0.05932394086669936,outputViewer0000000152_heading.xml,00000001529_lightTableData.bin
5,13,LN_TASP,QBEST,0.049171722981269865,0.6566189336557262,0.5117543135402818,0.09446819829515973,10.585572902275167,outputViewer0000000152_heading.xml,00000001529_lightTableData.bin
5,13,LN_TASP,QABOVE_AVG,0.009147585957878804,0.908945850619746,1.1001755487614258,-1.2636902665511789,0.47959423084899167,outputViewer0000000152_heading.xml,00000001529_lightTableData.bin
5,13,LN_TASP,QBELOW_AVG,2.5194943644710692,0.23860536050497963,0.07425783610485848,0.11710857313421233,3.2132010979696237,outputViewer0000000152_heading.xml,00000001529_lightTableData.bin
5,13,LN_TASP,EXT_BRICK,0.06700409147876701,0.08341905889751672,2.5366203362214486,0.011510548440251926,0.4960259350513925,outputViewer0000000152_heading.xml,00000001529_lightTableData.bin
5,13,LN_TASP,YB_PRE_1910,0.43007314280343484,2.3251858822931672,-0.015778351537192693,0.06216481377806495,-0.008957576177905279,outputViewer0000000152_heading.xml,00000001529_lightTableData.bin
5,13,LN_TASP,YB_1930_TO_1945,0.2680103800415171,0.13408413259316332,0.07530609949546044,1.9988224919551922,0.04620544288480023,outputViewer0000000152_heading.xml,00000001529_lightTableData.bin
5,13,LN_TASP,YB_1946_TO_1960,0.0896450683867773,3.573629513198416,0.0003895848024567377,0.8477125809406753,1.179645109065548,outputViewer0000000152_heading.xml,00000001529_lightTableData.bin
5,13,LN_TASP,YB_1961_TO_1990,0.0006750215893741085,0.9023783184601235,1.1081826541516029,1.6241696849255045,0.4784085713155843,outputViewer0000000152_heading.xml,00000001529_lightTableData.bin
5,13,LN_TASP,CRAWL,1.245824831080863,0.6825726866214684,0.08277886266120246,0.2119621468131278,8.245736467956846,outputViewer0000000152_heading.xml,00000001529_lightTableData.bin
5,13,LN_TASP,SLAB,0.07956154209675514,0.21593141523071135,8.739835032958535,4.083911785830673e-17,0.8692578064515438,outputViewer0000000152_heading.xml,00000001529_lightTableData.bin
5,13,LN_TASP,GARAGE,-9.99565878421582,2.0085353622790485e-21,0.8362905810015637,1.195756621822015,-0.47656834651776697,outputViewer0000000152_heading.xml,00000001529_lightTableData.bin
5,13,LN_TASP,FIREPLACE,0.855120410365714,1.1694259520391106,-0.4836917733458371,0.04723792057532791,-0.25551888246596194,outputViewer0000000152_heading.xml,00000001529_lightTableData.bin
5,13,LN_TASP,HOT_WATER,-0.4677143436399987,0.07581459443018573,-0.15150550288917536,-6.1691861198399724,1.4962009966223004e-09,outputViewer0000000152_heading.xml,00000001529_lightTableData.bin
5,13,LN_TASP,CENTRAL_AIR,-0.07736252315890069,-3.202836432101651,0.001456939104978916,0.9221507010458616,1.0844214496240638,outputViewer0000000152_heading.xml,00000001529_lightTableData.bin
5,13,LN_TASP,ECF5R502,1.758510194288799,0.13887562943612725,0.27197780225951257,0.015632228849227763,0.5106138379029055,outputViewer0000000152_heading.xml,00000001529_lightTableData.bin
5,13,LN_TASP,ECF5R503,0.47034283552111666,-0.07455288007751384,-3.1362682718550725,0.0018186748402464774,0.9310415174417613,outputViewer0000000152_heading.xml,00000001529_lightTableData.bin
5,13,LN_TASP,ECF5R504,-0.7623539766012277,0.44624205218512436,0.31967442501016646,3.128182681389659,-0.07152714832388737,outputViewer0000000152_heading.xml,00000001529_lightTableData.bin
5,13,LN_TASP,ECF5R508_509,-0.09427993967284708,0.10800590244827599,-0.02411348235250942,-0.8729146975832893,0.38316500266190545,outputViewer0000000152_heading.xml,00000001529_lightTableData.bin
5,13,LN_TASP,ECF5R511_518,0.17512509644012303,0.5624521210379044,1.7779291118232063,0.07995121662660669,0.05590867621759613,outputViewer0000000152_heading.xml,00000001529_lightTableData.bin
5,13,LN_TASP,ECF5R512_513,1.0687181639835128,-1.4365342909053687,0.4737541068882955,-0.07260268552171566,-3.0322360693415225,outputViewer0000000152_heading.xml,00000001529_lightTableData.bin
5,13,LN_TASP,ECF5R517_521,-0.3296162501947221,0.7418422986809354,0.6500537363725604,1.5383343622947465,-0.0223515517856472,outputViewer0000000152_heading.xml,00000001529_lightTableData.bin
5,13,LN_TASP,ECF5R528,0.3858968248999061,0.4800364993771345,0.019503290662403035,0.8038905904043169,0.42187903045903064,outputViewer0000000152_heading.xml,00000001529_lightTableData.bin
5,13,LN_TASP,ECF5R533,0.47688191550643844,0.020128659753822428,0.835155446254808,0.4040627950368453,0.9106723335393737,outputViewer0000000152_heading.xml,00000001529_lightTableData.bin
5,13,LN_TASP,ECF5R539,0.032229558165498814,0.3019341530162074,0.0028157232737551687,0.1067436652778024,0.9150397002607806,outputViewer0000000152_heading.xml,00000001529_lightTableData.bin
5,14,LN_TASP,(Constant),0.00014342904218948773,,,-0.8013539989691476,0.20041978273919794,outputViewer0000000152_heading.xml,00000001529_lightTableData.bin
5,14,LN_TASP,LN_LANDRATIO,1.3318258923948052,10.265962787924892,0.8351104544278038,-0.07929264981694745,12.292940093725523,outputViewer0000000152_heading.xml,00000001529_lightTableData.bin
5,14,LN_TASP,LNSBLDSFINT,0.090450554833082,0.17949910025871607,4.746796014100133,2.77777413952215e-06,0.3762445504456984,outputViewer0000000152_heading.xml,00000001529_lightTableData.bin
5,14,LN_TASP,ARTERIAL,5.253979590155917,2.2692480285800443e-07,0.43810585069127933,2.2825534021563922,0.43659658084746983,outputViewer0000000152_heading.xml,00000001529_lightTableData.bin
5,14,LN_TASP,SINGLE_FAMILY1STORY,0.053297826489868805,18.76249119070712,0.14333119258083832,0.19233008889066347,0.07418368570922132,outputViewer0000000152_heading.xml,00000001529_lightTableData.bin
5,14,LN_TASP,HALF_DUPLEX2STORY,0.23408380953428326,0.08613000853409937,0.12115436593688131,2.717796195754562,0.006815137818743833,outputViewer0000000152_heading.xml,00000001529_lightTableData.bin
5,14,LN_TASP,ROW_HOUSE2STORY,-0.05278405368921285,-2.048396730554622,0.04109192221455702,0.8017901795610043,1.2472090897240964,outputViewer0000000152_heading.xml,00000001529_lightTableData.bin
5,14,LN_TASP,SMALLEST,0.035432924406553726,0.8331102116658985,1.2003213812496505,,,outputViewer0000000152_heading.xml,00000001529_lightTableData.bin
5,14,LN_TASP,SMALL,1.2001680169742697,0.07612663979098107,0.045582028723254994,0.0420802666088767,1.6701020538856106,outputViewer0000000152_heading.xml,00000001529_lightTableData.bin
5,14,LN_TASP,LARGEST,-0.770606383591304,0.4413341638308068,0.8821038923428017,1.1336533130401172,-0.36563918451156646,outputViewer0000000152_heading.xml,00000001529_lightTableData.bin
5,14,LN_TASP,TWO_BATHS,0.8632895071658987,1.1583599611709743,-0.17251579583509774,0.06629983580567907,-0.06481745915282416,outputViewer0000000152_heading.xml,00000001529_lightTableData.bin
5,14,LN_TASP,POWDER_ROOM,-0.013323798945843263,-0.3842121624261559,0.7010014898197774,0.44640688963189984,2.2401087958668926,outputViewer0000000152_heading.xml,00000001529_lightTableData.bin
5,14,LN_TASP,EXCELLENT,0.016252665326511196,0.8898389798241554,1.1237988250386761,-1.1533440383601297,0.4810547978840441,outputViewer0000000152_heading.xml,00000001529_lightTableData.bin
5,14,LN_TASP,GOOD,1.2866627954580825,-0.3181168750201168,0.22995448814005767,-0.035808124228180936,-1.3833905899951922,outputViewer0000000152_heading.xml,00000001529_lightTableData.bin
5,14,LN_TASP,POOR,1.0962029934281816,0.2735660114797601,0.18149060265516753,5.509927155291901,0.10257676324773606,outputViewer0000000152_heading.xml,00000001529_lightTableData.bin
5,14,LN_TASP,QBEST,0.09010231676303579,0.13139713386668314,0.05125371097019178,0.685725130461784,0.49323114622291975,outputViewer0000000152_heading.xml,00000001529_lightTableData.bin
5,14,LN_TASP,QABOVE_AVG,-0.06386711935810797,-2.6349154874406175,0.008690812018207376,0.9091117306935536,1.0999748064378276,outputViewer0000000152_heading.xml,00000001529_lightTableData.bin
5,14,LN_TASP,QBELOW_AVG,0.0014042342677833457,0.3972658081620212,2.5172063123845767,0.2380823141753622,0.07422028590114982,outputViewer0000000152_heading.xml,00000001529_lightTableData.bin
5,14,LN_TASP,EXT_BRICK,2.0160236175884463,0.30404321455676914,0.2171626142342709,0.08543067832964099,1.4000716266418356,outputViewer0000000152_heading.xml,00000001529_lightTableData.bin
5,14,LN_TASP,YB_PRE_1910,-0.25381482832914287,0.7997535224885551,0.43008402647493604,2.3251270413277645,-0.015267504674538983,outputViewer0000000152_heading.xml,00000001529_lightTableData.bin
5,14,LN_TASP,YB_1930_TO_1945,0.37066070687390457,2.697885104773706,0.2784854794791979,0.13366409354597836,0.0782494141549771,outputViewer0000000152_heading.xml,00000001529_lightTableData.bin
5,14,LN_TASP,YB_1946_TO_1960,1.7615345577805215,0.4945234138464449,0.08902825386337991,3.562085249066686,0.0004065501801337787,outputViewer0000000152_heading.xml,00000001529_lightTableData.bin
5,14,LN_TASP,YB_1961_TO_1990,0.08208581000473886,3.39494269607079,0.0007444650179191699,0.9026284206442755,1.1078755965674367,outputViewer0000000152_heading.xml,00000001529_lightTableData.bin
5,14,LN_TASP,CRAWL,1.7429410640162527e-15,0.8030957013952241,1.2451816119332884,0.683385245719072,0.08269084547908911,outputViewer0000000152_heading.xml,00000001529_lightTableData.bin
5,14,LN_TASP,SLAB,1.1504066947436087,0.690770371512917,0.07963183812625299,0.21450780813615786,8.674550126768757,outputViewer0000000152_heading.xml,00000001529_lightTableData.bin
5,14,LN_TASP,GARAGE,0.047564305094590434,-0.25175580407030124,-10.01945357069808,1.633292059869981e-21,0.8367477351892479,outputViewer0000000152_heading.xml,00000001529_lightTableData.bin
5,14,LN_TASP,FIREPLACE,-10.239480642982969,2.261488169143439e-22,0.8603245444370053,1.1623520524506226,-0.48653217498518003,outputViewer0000000152_heading.xml,00000001529_lightTableData.bin
5,14,LN_TASP,HOT_WATER,0.8741381600578411,1.1439839211845308,-0.4706109990770852,0.07569467325818674,-0.15244380902551707,outputViewer0000000152_heading.xml,00000001529_lightTableData.bin
5,14,LN_TASP,CENTRAL_AIR,-1.530589264214372,0.4774011693809939,-0.07735623974742314,-3.206086122912013,0.001440735194824131,outputViewer0000000152_heading.xml,00000001529_lightTableData.bin
5,14,LN_TASP,ECF5R502,0.6098691219359609,0.5703236429706566,1.7533903991622706,0.13477682170802335,0.2711875839878257,outputViewer0000000152_heading.xml,00000001529_lightTableData.bin
5,14,LN_TASP,ECF5R503,1.074065958677887,,,,,outputViewer0000000152_heading.xml,00000001529_lightTableData.bin
5,14,LN_TASP,ECF5R504,0.09888763165911893,-0.02939213241175005,-0.7233174374167701,0.4698541179104355,0.3219050879884926,outputViewer0000000152_heading.xml,00000001529_lightTableData.bin
5,14,LN_TASP,ECF5R508_509,0.6942460648279857,1.440411477518092,-0.08980930580349523,0.10764601370006137,-0.02297005193361837,outputViewer0000000152_heading.xml,00000001529_lightTableData.bin
5,14,LN_TASP,ECF5R511_518,0.04361110026511653,1.430032367703309,0.15338218019396607,0.5673883328800755,1.7624613374123825,outputViewer0000000152_heading.xml,00000001529_lightTableData.bin
5,14,LN_TASP,ECF5R512_513,0.0025596779561948167,0.9357173133069719,1.0686988321994844,-0.13959078646901274,0.06977835776119831,outputViewer0000000152_heading.xml,00000001529_lightTableData.bin
5,14,LN_TASP,ECF5R517_521,0.068423753540243,-0.009373214017475052,-0.3266636311102295,0.7440728522063507,0.650616174398626,outputViewer0000000152_heading.xml,00000001529_lightTableData.bin
5,14,LN_TASP,ECF5R528,0.9062760144845878,1.1034166015843576,0.3892710228766094,0.4794646933748537,0.019673823197645338,outputViewer0000000152_heading.xml,00000001529_lightTableData.bin
5,14,LN_TASP,ECF5R533,1.098089799339187,0.3999314069612857,0.4765493335500148,0.020212600808552677,0.8392235153956251,outputViewer0000000152_heading.xml,00000001529_lightTableData.bin
5,14,LN_TASP,ECF5R539,0.7732108035425926,1.2933083648318613,0.19671872466570597,0.17319960308943855,0.029589399272330674,outputViewer0000000152_heading.xml,00000001529_lightTableData.bin
5,15,LN_TASP,(Constant),,-3.9983777450349436,7.393517404468784e-05,,,outputViewer0000000152_heading.xml,00000001529_lightTableData.bin
5,15,LN_TASP,LN_LANDRATIO,2.914299611403201e-30,0.7627869854274274,1.310981989866608,9.802807357886925,0.5932568706056007,outputViewer0000000152_heading.xml,00000001529_lightTableData.bin
5,15,LN_TASP,LNSBLDSFINT,2.6578458048506017,0.4295434118358451,0.09033373532955812,0.1795798209356249,4.755071959205191,outputViewer0000000152_heading.xml,00000001529_lightTableData.bin
5,15,LN_TASP,ARTERIAL,0.08289604456433244,0.18252854926723375,5.2667963006201575,2.1228925652772467e-07,0.438175147495011,outputViewer0000000152_heading.xml,00000001529_lightTableData.bin
5,15,LN_TASP,SINGLE_FAMILY1STORY,0.7452354096415968,0.45651419720529895,0.05394462451023265,18.537528235279716,0.11861186957171507,outputViewer0000000152_heading.xml,00000001529_lightTableData.bin
5,15,LN_TASP,HALF_DUPLEX2STORY,0.26474460837546465,3.777225176128178,0.2243674889312336,0.08575091301085343,0.11612550612703813,outputViewer0000000152_heading.xml,00000001529_lightTableData.bin
5,15,LN_TASP,ROW_HOUSE2STORY,-0.13891266758827595,0.06845809852535016,-0.05219212602317017,-2.029163394552017,0.04301947980569109,outputViewer0000000152_heading.xml,00000001529_lightTableData.bin
5,15,LN_TASP,SMALL,0.09557943409857081,0.8344853887643481,1.1983433304694948,0.0748092969043755,0.04549102075449108,outputViewer0000000152_heading.xml,00000001529_lightTableData.bin
5,15,LN_TASP,LARGEST,0.48382419221846273,-0.018479466098076217,-0.7557273703801652,0.45019696814839594,0.8825396319328892,outputViewer0000000152_heading.xml,00000001529_lightTableData.bin
5,15,LN_TASP,TWO_BATHS,-2.6020546467223755,0.009554899701369772,0.864515606162712,1.1567171175065962,-1.116910393149749,outputViewer0000000152_heading.xml,00000001529_lightTableData.bin
5,15,LN_TASP,POWDER_ROOM,-0.13217128787836693,0.34372546347894495,-0.01332017635801729,-0.38452573906111887,0.7007688737325286,outputViewer0000000152_heading.xml,00000001529_lightTableData.bin
5,15,LN_TASP,EXCELLENT,-0.05829020236101141,-2.3975315149816625,0.01689692114225639,0.8900736100840081,1.1235025830117766,outputViewer0000000152_heading.xml,00000001529_lightTableData.bin
5,15,LN_TASP,GOOD,0.1672220136745245,0.7961756175154905,1.2560043010618118,-0.31703344757521623,0.2297083825780381,outputViewer0000000152_heading.xml,00000001529_lightTableData.bin
5,15,LN_TASP,POOR,0.09729223822303444,0.05675683271275681,1.054315998081854,0.2922929239177545,0.183117692975179,outputViewer0000000152_heading.xml,00000001529_lightTableData.bin
5,15,LN_TASP,QBEST,0.09469056889561146,10.560713824651508,0.10091783954492209,0.13010284143941256,0.05740600203849136,outputViewer0000000152_heading.xml,00000001529_lightTableData.bin
5,15,LN_TASP,QABOVE_AVG,-1.1260828748104978,0.472155387008059,-0.05691241855405295,-2.3849836426652424,0.017470325489686203,outputViewer0000000152_heading.xml,00000001529_lightTableData.bin
5,15,LN_TASP,QBELOW_AVG,0.11685185966719319,3.2077795347279014,0.0014301769805000562,0.3973003212923828,2.516987644880549,outputViewer0000000152_heading.xml,00000001529_lightTableData.bin
5,15,LN_TASP,EXT_BRICK,0.16217787883509352,0.14449952906963628,6.920437778853151,0.3029905182127836,0.21670172387762254,outputViewer0000000152_heading.xml,00000001529_lightTableData.bin
5,15,LN_TASP,YB_PRE_1910,0.06203842597616622,-0.00866756174409842,-0.24609755057944924,0.8057176970158846,0.4309220509050659,outputViewer0000000152_heading.xml,00000001529_lightTableData.bin
5,15,LN_TASP,YB_1930_TO_1945,2.0834726222371995,0.037749089915844206,0.3729794431242981,2.681112909664415,0.2637882273903015,outputViewer0000000152_heading.xml,00000001529_lightTableData.bin
5,15,LN_TASP,YB_1946_TO_1960,0.852297022828144,1.1732998863257071,1.757167406396791,0.49404645847325973,0.08880753729535501,outputViewer0000000152_heading.xml,00000001529_lightTableData.bin
5,15,LN_TASP,YB_1961_TO_1990,1.6609192849778829,0.47826240284517824,0.08394314099401172,3.472820098542329,0.0005624287711384776,outputViewer0000000152_heading.xml,00000001529_lightTableData.bin
5,15,LN_TASP,CRAWL,0.21221447418296893,8.264339803997853,1.5147163963387174e-15,0.8034447363755571,1.2446406762350937,outputViewer0000000152_heading.xml,00000001529_lightTableData.bin
5,15,LN_TASP,SLAB,6.672056562306103e-17,0.8704251515143014,1.1488638606780535,0.6941562212386069,0.07974372153290155,outputViewer0000000152_heading.xml,00000001529_lightTableData.bin
5,15,LN_TASP,GARAGE,1.195103324389434,-0.4765888115160953,0.04753787045051114,-0.25176661507390036,-10.025455641986396,outputViewer0000000152_heading.xml,00000001529_lightTableData.bin
5,15,LN_TASP,FIREPLACE,0.04721650251111123,-0.2570193757400546,-10.304282382429465,1.2923361760077551e-22,0.8622392556078908,outputViewer0000000152_heading.xml,00000001529_lightTableData.bin
5,15,LN_TASP,HOT_WATER,-6.217227432528568,1.127128425464985e-09,0.8761962660193964,1.141296806185959,-0.4674403656747708,outputViewer0000000152_heading.xml,00000001529_lightTableData.bin
5,15,LN_TASP,CENTRAL_AIR,0.9221561777531272,1.0844150092195257,-1.5300011044802833,0.4768560427907426,-0.07732651405519225,outputViewer0000000152_heading.xml,00000001529_lightTableData.bin
5,15,LN_TASP,ECF5R502,0.015170855599832897,0.4969874347716222,0.61943743340956,0.5724704185204058,1.746815150002995,outputViewer0000000152_heading.xml,00000001529_lightTableData.bin
5,15,LN_TASP,ECF5R504,3.1065057289052476,-0.08374875734486914,0.09578090951381447,-0.034414269586892664,-0.8743783888666254,outputViewer0000000152_heading.xml,00000001529_lightTableData.bin
5,15,LN_TASP,ECF5R508_509,-0.8343021976989756,0.40454282042787293,0.6978788651485602,1.4329134323148274,-0.0722193168115675,outputViewer0000000152_heading.xml,00000001529_lightTableData.bin
5,15,LN_TASP,ECF5R511_518,0.0780066912039684,0.05582361898952466,0.04255041730427056,1.3973778951630922,0.1629677651911823,outputViewer0000000152_heading.xml,00000001529_lightTableData.bin
5,15,LN_TASP,ECF5R512_513,-0.058824329124432924,-2.000488273838899,0.046045229821555185,0.6222310608402136,1.6071200281285796,outputViewer0000000152_heading.xml,00000001529_lightTableData.bin
5,15,LN_TASP,ECF5R517_521,1.5370045187153771,-0.0228087384210529,0.06830718142597991,-0.00956493708980056,-0.33391420850484455,outputViewer0000000152_heading.xml,00000001529_lightTableData.bin
5,15,LN_TASP,ECF5R528,0.8118867317145095,0.41727930715099426,0.9066745473093571,1.1029315899156924,,outputViewer0000000152_heading.xml,00000001529_lightTableData.bin
5,15,LN_TASP,ECF5R533,0.40177792309999216,0.9107021163376808,1.0980538883794668,0.3943879494816333,0.47621822088172994,outputViewer0000000152_heading.xml,00000001529_lightTableData.bin
5,15,LN_TASP,ECF5R539,1.1357920061983189,0.25664416034842985,0.7909884319042007,1.2642409922388265,0.19712201614481337,outputViewer0000000152_heading.xml,00000001529_lightTableData.bin
5,16,LN_TASP,(Constant),-0.8439469015594815,0.1988585742149051,,-4.243955307893508,2.6408757852226858e-05,outputViewer0000000152_heading.xml,00000001529_lightTableData.bin
5,16,LN_TASP,LN_LANDRATIO,-0.07958432507950769,16.52371484190339,1.3724997280801282e-48,0.7629512660012411,1.3106997059473695,outputViewer0000000152_heading.xml,00000001529_lightTableData.bin
5,16,LN_TASP,LNSBLDSFINT,2.6698803745000495e-06,0.37639507449245607,2.6567829064937527,0.42751409271923946,0.08856513965902758,outputViewer0000000152_heading.xml,00000001529_lightTableData.bin
5,16,LN_TASP,ARTERIAL,2.2821924194397307,0.42719328165785264,0.08226303081313276,0.1785972986924469,5.193016564491252,outputViewer0000000152_heading.xml,00000001529_lightTableData.bin
5,16,LN_TASP,SINGLE_FAMILY1STORY,0.16384809649150664,0.06138974702752589,0.7239136255566053,0.46948997448992125,0.07417613435091464,outputViewer0000000152_heading.xml,00000001529_lightTableData.bin
5,16,LN_TASP,HALF_DUPLEX2STORY,2.616502624325826,0.009169628394931652,0.2672836293357038,3.74134398910012,0.23542918264250978,outputViewer0000000152_heading.xml,00000001529_lightTableData.bin
5,16,LN_TASP,ROW_HOUSE2STORY,0.8034451332406897,1.2446400614395507,-0.14093052798403438,0.06828494701866884,-0.05295027447644685,outputViewer0000000152_heading.xml,00000001529_lightTableData.bin
5,16,LN_TASP,SMALL,0.041352083412614864,1.644484904133306,0.10075777668065918,0.8366083928535258,1.1953023762876365,outputViewer0000000152_heading.xml,00000001529_lightTableData.bin
5,16,LN_TASP,LARGEST,1.1330935901539692,0.07546051791703216,0.0453478061581626,0.04171205666125866,1.6640389979141093,outputViewer0000000152_heading.xml,00000001529_lightTableData.bin
5,16,LN_TASP,TWO_BATHS,0.6329467367725767,-0.056448839782780216,-1.7646198775665143,0.07830299667583422,0.5257580441136571,outputViewer0000000152_heading.xml,00000001529_lightTableData.bin
5,16,LN_TASP,POWDER_ROOM,0.44640724370670165,2.240107019089994,-0.13706697508410198,0.34235622124749926,-0.013813562009476569,outputViewer0000000152_heading.xml,00000001529_lightTableData.bin
5,16,LN_TASP,EXCELLENT,-1.1564485816116163,0.4810352274564472,-0.05844710650092872,-2.4040829353112625,0.016600000758394524,outputViewer0000000152_heading.xml,00000001529_lightTableData.bin
5,16,LN_TASP,GOOD,-0.035686170608031836,-1.3801561963787345,0.1682133181793275,0.7963328819818947,1.2557562580000758,outputViewer0000000152_heading.xml,00000001529_lightTableData.bin
5,16,LN_TASP,POOR,5.46096875595493,0.09282265497449427,0.09498174223706389,0.051359779091660805,0.9772683969390582,outputViewer0000000152_heading.xml,00000001529_lightTableData.bin
5,16,LN_TASP,QBEST,0.7756774443079201,0.4383363311789267,0.0964524306092752,10.367805079489997,0.09990983953080787,outputViewer0000000152_heading.xml,00000001529_lightTableData.bin
5,16,LN_TASP,QABOVE_AVG,0.9408257150778051,1.0628961177121963,-1.1625602252071972,0.47159939563360265,-0.058755989999777276,outputViewer0000000152_heading.xml,00000001529_lightTableData.bin
5,16,LN_TASP,QBELOW_AVG,0.22935636512630375,0.0733603930474849,0.11256912502864871,3.1264331555291065,0.0018802759005925684,outputViewer0000000152_heading.xml,00000001529_lightTableData.bin
5,16,LN_TASP,EXT_BRICK,0.08513488957845007,1.3981915454622351,0.16273971200090961,0.14479814631628848,6.906165758611711,outputViewer0000000152_heading.xml,00000001529_lightTableData.bin
5,16,LN_TASP,YB_PRE_1910,2.3206053110990705,0.3401259529900481,0.1703892356232651,0.09556927926779962,1.9961704255900012,outputViewer0000000152_heading.xml,00000001529_lightTableData.bin
5,16,LN_TASP,YB_1930_TO_1945,0.1331076483475274,0.07411975049066363,1.9817661168619214,0.048087559929428154,0.37637619759576857,outputViewer0000000152_heading.xml,00000001529_lightTableData.bin
5,16,LN_TASP,YB_1946_TO_1960,3.5566845511390257,0.0004146762735801501,0.852556569613291,1.1729426945282793,1.7658139802188155,outputViewer0000000152_heading.xml,00000001529_lightTableData.bin
5,16,LN_TASP,YB_1961_TO_1990,0.9052162887752149,1.10470835799147,1.6434391804468014,0.47891670487122145,0.08305969356070542,outputViewer0000000152_heading.xml,00000001529_lightTableData.bin
5,16,LN_TASP,CRAWL,0.6824002205861486,0.08261284286242018,0.2119085902149585,8.260219560808336,1.5536284057878404e-15,outputViewer0000000152_heading.xml,00000001529_lightTableData.bin
5,16,LN_TASP,SLAB,0.21555923019084938,8.704838548978483,5.2730434533538736e-17,0.8710172001400973,1.1480829538603332,outputViewer0000000152_heading.xml,00000001529_lightTableData.bin
5,16,LN_TASP,GARAGE,1.5394865013364038e-21,0.8367480541270402,1.1951028688597032,-0.4745137429751527,0.04743656765193988,outputViewer0000000152_heading.xml,00000001529_lightTableData.bin
5,16,LN_TASP,FIREPLACE,1.1597709029090608,-0.4716943254415569,0.0770947836777156,-0.1527947281450058,-6.118368882302229,outputViewer0000000152_heading.xml,00000001529_lightTableData.bin
5,16,LN_TASP,HOT_WATER,0.07558389491808468,-0.1514167539124402,-6.184391082007182,1.3644919566232702e-09,0.8782771937785726,outputViewer0000000152_heading.xml,00000001529_lightTableData.bin
5,16,LN_TASP,CENTRAL_AIR,-3.2085178066028814,0.0014286656802583357,0.9222579234103198,1.0842953740123003,-1.5320442886908643,outputViewer0000000152_heading.xml,00000001529_lightTableData.bin
5,16,LN_TASP,ECF5R502,0.14161674746148575,0.2701563580037458,0.015940776752478528,0.5242029042289732,0.6003915659554118,outputViewer0000000152_heading.xml,00000001529_lightTableData.bin
5,16,LN_TASP,ECF5R504,0.38236948587043607,0.3425679557885575,2.919128841744988,-0.08972422494229015,0.09485646964403922,outputViewer0000000152_heading.xml,00000001529_lightTableData.bin
5,16,LN_TASP,ECF5R508_509,0.10362831933472481,-0.018471153327939235,-0.6969071512034792,0.4862114088644285,0.7520163275112957,outputViewer0000000152_heading.xml,00000001529_lightTableData.bin
5,16,LN_TASP,ECF5R511_518,0.5685926469728085,1.7587283362245492,0.07909038786441507,0.055783971741190874,0.043141542814423006,outputViewer0000000152_heading.xml,00000001529_lightTableData.bin
5,16,LN_TASP,ECF5R512_513,-0.1399275955008847,0.06963087720073298,-0.05896626231246119,-2.0095624402016257,0.04507007641253588,outputViewer0000000152_heading.xml,00000001529_lightTableData.bin
5,16,LN_TASP,ECF5R517_521,0.7385981381083846,0.6514537473126408,1.5350283947635157,-0.022877306748609647,0.06823621539795573,outputViewer0000000152_heading.xml,00000001529_lightTableData.bin
5,16,LN_TASP,ECF5R533,0.019932433531902043,0.8281664417447409,0.40800292606682476,0.9109559172784427,1.0977479601730717,outputViewer0000000152_heading.xml,00000001529_lightTableData.bin
5,16,LN_TASP,ECF5R534,,,,0.19703039486192503,0.17341348669916445,outputViewer0000000152_heading.xml,00000001529_lightTableData.bin
5,16,LN_TASP,ECF5R539,0.17297728319248531,0.02965006026237479,1.1395832591812667,0.2550608453005754,0.7913002673542204,outputViewer0000000152_heading.xml,00000001529_lightTableData.bin
5,17,LN_TASP,(Constant),,,10.394061528313026,1.2515585434516565,0.1974255676551517,outputViewer0000000152_heading.xml,00000001529_lightTableData.bin
5,17,LN_TASP,LN_LANDRATIO,9.809614521338723,0.5930389512851393,-0.08100604293927365,16.541265122772955,1.0906395554291785e-48,outputViewer0000000152_heading.xml,00000001529_lightTableData.bin
5,17,LN_TASP,LNSBLDSFINT,0.17873142062604097,4.827114758302787,1.8957660129170803e-06,0.3907273254871788,2.5593295753071503,outputViewer0000000152_heading.xml,00000001529_lightTableData.bin
5,17,LN_TASP,ARTERIAL,3.09228280809517e-07,0.4448135883326821,2.2481327599463676,0.4310361866028891,0.08216994985852955,outputViewer0000000152_heading.xml,00000001529_lightTableData.bin
5,17,LN_TASP,SINGLE_FAMILY1STORY,13.481425107288157,0.11901307781670012,0.16368453840305097,0.06159739970810436,0.7270880864974953,outputViewer0000000152_heading.xml,00000001529_lightTableData.bin
5,17,LN_TASP,HALF_DUPLEX2STORY,0.0855051682189135,0.12185068844718222,2.753391257470604,0.006126109324186071,0.2694388197296063,outputViewer0000000152_heading.xml,00000001529_lightTableData.bin
5,17,LN_TASP,ROW_HOUSE2STORY,-2.0638593736552875,0.039592552257235895,0.8062111346752164,1.2403698696159187,-0.13946193863878795,outputViewer0000000152_heading.xml,00000001529_lightTableData.bin
5,17,LN_TASP,SMALL,0.07509157302543709,0.0454576786079534,0.04150811623455743,1.6519007420739444,0.09923423950713067,outputViewer0000000152_heading.xml,00000001529_lightTableData.bin
5,17,LN_TASP,LARGEST,0.09677978102407245,0.8390443962034748,1.191832046700771,0.07208027954426087,0.04512625719283591,outputViewer0000000152_heading.xml,00000001529_lightTableData.bin
5,17,LN_TASP,TWO_BATHS,1.902015596710152,-1.1319933912634934,0.6162993135733897,-0.057211137053168826,-1.8367591303972695,outputViewer0000000152_heading.xml,00000001529_lightTableData.bin
5,17,LN_TASP,POWDER_ROOM,-0.40036361712560287,0.6890766263959905,0.4490305291865103,2.2270200687950057,-0.16431313896983216,outputViewer0000000152_heading.xml,00000001529_lightTableData.bin
5,17,LN_TASP,EXCELLENT,0.8901113721371007,1.1234549195782813,-1.2326265180661726,0.4766836485076996,-0.06229715226671248,outputViewer0000000152_heading.xml,00000001529_lightTableData.bin
5,17,LN_TASP,GOOD,-0.32107919946323366,0.22938276631349888,-0.03614157174383567,-1.3997529309783137,0.16226428694496128,outputViewer0000000152_heading.xml,00000001529_lightTableData.bin
5,17,LN_TASP,POOR,0.3289499536156133,0.19180993465040086,5.213494294873898,0.09707155835280795,0.09462364080612441,outputViewer0000000152_heading.xml,00000001529_lightTableData.bin
5,17,LN_TASP,QBEST,0.130022523677011,0.05683261232735627,0.768404094193664,0.4426388929996832,0.0964643530322971,outputViewer0000000152_heading.xml,00000001529_lightTableData.bin
5,17,LN_TASP,QABOVE_AVG,-2.465143585786991,0.014046983281080148,0.9442873267498884,1.058999704509291,0.226011986301554,outputViewer0000000152_heading.xml,00000001529_lightTableData.bin
5,17,LN_TASP,QBELOW_AVG,0.4063377643736363,2.4610067969967924,0.207378551404764,0.06875198501218482,0.10178231621558637,outputViewer0000000152_heading.xml,00000001529_lightTableData.bin
5,17,LN_TASP,EXT_BRICK,0.3049916153401787,0.21579434977701548,0.08569716190294867,1.4133438417425317,0.15823990103263164,outputViewer0000000152_heading.xml,00000001529_lightTableData.bin
5,17,LN_TASP,YB_PRE_1910,0.046509565882069816,0.2327239043611647,4.296937191497518,0.34043294317558187,0.1702212301727628,outputViewer0000000152_heading.xml,00000001529_lightTableData.bin
5,17,LN_TASP,YB_1930_TO_1945,2.656916155665107,0.2759794571670412,0.13299127903572813,0.07754526692923203,2.075169583810825,outputViewer0000000152_heading.xml,00000001529_lightTableData.bin
5,17,LN_TASP,YB_1946_TO_1960,0.49334577084711234,0.08924453659569548,3.579262425188683,0.0003812601948947721,0.8535890276055974,outputViewer0000000152_heading.xml,00000001529_lightTableData.bin
5,17,LN_TASP,YB_1961_TO_1990,3.4315762297093286,0.0006527246999210593,0.905691817398215,1.1041283368030248,1.6121778729178653,outputViewer0000000152_heading.xml,00000001529_lightTableData.bin
5,17,LN_TASP,CRAWL,0.8037912667396082,1.244104086943202,0.6808925452466309,0.08251950333885118,0.21144040549569704,outputViewer0000000152_heading.xml,00000001529_lightTableData.bin
5,17,LN_TASP,SLAB,0.6940748127629467,0.07986442416948794,0.21553395007693926,8.690663208063507,5.841627543626125e-17,outputViewer0000000152_heading.xml,00000001529_lightTableData.bin
5,17,LN_TASP,GARAGE,-0.2506704227798817,-10.003121356857863,1.8366292611239158e-21,0.8395489771994512,1.1911157385192437,outputViewer0000000152_heading.xml,00000001529_lightTableData.bin
5,17,LN_TASP,FIREPLACE,2.0501965112831587e-09,0.862676975467951,1.1591824384295866,-0.47173430600630967,0.07700970488575869,outputViewer0000000152_heading.xml,00000001529_lightTableData.bin
5,17,LN_TASP,HOT_WATER,1.1385926983914325,-0.46754050803695635,0.0755690849971067,-0.15144919276993887,-6.186928266431399,outputViewer0000000152_heading.xml,00000001529_lightTableData.bin
5,17,LN_TASP,CENTRAL_AIR,0.4762240139109372,-0.07742977693004521,-3.217066430794028,0.0013874917854967337,0.9227457756538173,outputViewer0000000152_heading.xml,00000001529_lightTableData.bin
5,17,LN_TASP,ECF5R502,0.5757287944882589,1.7369289317704841,0.13571302770985105,0.26968516651495755,0.015276237563032724,outputViewer0000000152_heading.xml,00000001529_lightTableData.bin
5,17,LN_TASP,ECF5R504,-0.036869725158114784,-0.9458946266816753,0.3446989232524048,0.3486867129413144,2.8679039461085076,outputViewer0000000152_heading.xml,00000001529_lightTableData.bin
5,17,LN_TASP,ECF5R508_509,1.3297583621746292,-0.08805007186397149,0.09345558921985009,-0.0361817775730571,-0.9421595069807718,outputViewer0000000152_heading.xml,00000001529_lightTableData.bin
5,17,LN_TASP,ECF5R511_518,1.4177977185158859,0.15691957834020864,0.5689376496435192,1.7576618468237646,0.07766481262612278,outputViewer0000000152_heading.xml,00000001529_lightTableData.bin
5,17,LN_TASP,ECF5R512_513,0.6235059791846072,1.6038338578689408,-0.140000037654102,0.0695524690826968,-0.05899678983631235,outputViewer0000000152_heading.xml,00000001529_lightTableData.bin
5,17,LN_TASP,ECF5R517_521,-0.009593691496437436,-0.33526634815821016,0.7375783568151062,0.6514645863474987,1.5350028550386752,outputViewer0000000152_heading.xml,00000001529_lightTableData.bin
5,17,LN_TASP,ECF5R533,0.3990432283624183,0.47595826148942577,0.020167712112258453,0.8383996258698909,0.4022379828679651,outputViewer0000000152_heading.xml,00000001529_lightTableData.bin
5,17,LN_TASP,ECF5R534,0.029636279069324492,1.1361884165545375,0.2564797577714271,0.790764193126342,1.2645994958957731,outputViewer0000000152_heading.xml,00000001529_lightTableData.bin
5,17,LN_TASP,ECF5R539,1.2637427804031771,0.19688971315482776,0.17278921396279365,0.029615118464462457,1.1394791876142432,outputViewer0000000152_heading.xml,00000001529_lightTableData.bin
5,18,LN_TASP,(Constant),8.304894391633797,1.1708956878070587e-15,1.1411172131555613e-05,0.9070139641250257,10.388620332498986,outputViewer0000000152_heading.xml,00000001529_lightTableData.bin
5,18,LN_TASP,LN_LANDRATIO,0.7665592658757279,1.30453057515075,9.8450367242463,0.5916289884138528,-0.08257905624395794,outputViewer0000000152_heading.xml,00000001529_lightTableData.bin
5,18,LN_TASP,LNSBLDSFINT,0.4286016277082066,0.08827884885865236,0.1791860879150706,4.855088543286987,1.657119400183728e-06,outputViewer0000000152_heading.xml,00000001529_lightTableData.bin
5,18,LN_TASP,ARTERIAL,0.1802039073910946,5.245666905541454,2.3618988838711078e-07,0.44580455556646587,2.243135444700291,outputViewer0000000152_heading.xml,00000001529_lightTableData.bin
5,18,LN_TASP,SINGLE_FAMILY1STORY,0.4675442842912536,0.07418009133527574,13.480705968401228,0.12079074636636064,0.16351391028014378,outputViewer0000000152_heading.xml,00000001529_lightTableData.bin
5,18,LN_TASP,HALF_DUPLEX2STORY,3.7114176828845373,0.22028054403822256,0.08494812533626309,0.11401023289170911,2.5931183668415585,outputViewer0000000152_heading.xml,00000001529_lightTableData.bin
5,18,LN_TASP,ROW_HOUSE2STORY,0.06815598413718578,-0.05239849758299199,-2.046217076963867,0.04130301689397843,0.8078959339043837,outputViewer0000000152_heading.xml,00000001529_lightTableData.bin
5,18,LN_TASP,SMALL,0.8366952488113741,1.1951782939136082,0.07404305674741662,0.04540753249776227,0.04092853141846686,outputViewer0000000152_heading.xml,00000001529_lightTableData.bin
5,18,LN_TASP,LARGEST,0.039843573666103214,1.5973024138971599,0.11087761062745835,0.8466135195057246,1.1811765072967728,outputViewer0000000152_heading.xml,00000001529_lightTableData.bin
5,18,LN_TASP,TWO_BATHS,0.06690045409184903,0.5533349076325895,1.8072237738957055,-1.173010308158693,0.5069343451543918,outputViewer0000000152_heading.xml,00000001529_lightTableData.bin
5,18,LN_TASP,POWDER_ROOM,0.32362668192061084,-0.01655942091622608,-0.5077243260496672,0.6118921703357063,0.501473554016643,outputViewer0000000152_heading.xml,00000001529_lightTableData.bin
5,18,LN_TASP,EXCELLENT,-2.585837634508797,0.010014094723124691,0.9070920585852051,1.1024239387121344,-1.2616304638650788,outputViewer0000000152_heading.xml,00000001529_lightTableData.bin
5,18,LN_TASP,GOOD,0.7972983443223202,1.2542356410509923,-0.31381257280604485,0.2287415016621077,-0.03532361994532145,outputViewer0000000152_heading.xml,00000001529_lightTableData.bin
5,18,LN_TASP,POOR,0.05371074329271673,1.025870041839746,0.3054908279415942,0.19298324066086975,5.181797116555339,outputViewer0000000152_heading.xml,00000001529_lightTableData.bin
5,18,LN_TASP,QBEST,10.366523680153552,0.10242048704515617,0.12991999075405894,0.058260766526619094,0.788335085699322,outputViewer0000000152_heading.xml,00000001529_lightTableData.bin
5,18,LN_TASP,QABOVE_AVG,0.10516895434589711,0.11092768901330595,2.149037115632131,0.0321618297072509,0.20193032024421428,outputViewer0000000152_heading.xml,00000001529_lightTableData.bin
5,18,LN_TASP,QBELOW_AVG,3.0163282030040377,0.0026984513062569063,0.46237900741878213,2.1627279438624862,0.20765262178410965,outputViewer0000000152_heading.xml,00000001529_lightTableData.bin
5,18,LN_TASP,EXT_BRICK,0.1457012021549895,6.863361353300648,0.30791611464066737,0.2149944878550748,0.08651889364058842,outputViewer0000000152_heading.xml,00000001529_lightTableData.bin
5,18,LN_TASP,YB_PRE_1910,0.0956555379920041,1.9999440894068614,0.04609764445596299,0.23273062542905057,4.296813099506994,outputViewer0000000152_heading.xml,00000001529_lightTableData.bin
5,18,LN_TASP,YB_1930_TO_1945,0.03851308601584405,0.37789998933394786,2.6462027738145983,0.28423684742284183,0.13301670074421218,outputViewer0000000152_heading.xml,00000001529_lightTableData.bin
5,18,LN_TASP,YB_1946_TO_1960,1.1715239625386236,1.7472737964551301,0.4913564268260431,0.08830751257905241,3.556021049204114,outputViewer0000000152_heading.xml,00000001529_lightTableData.bin
5,18,LN_TASP,YB_1961_TO_1990,0.47924864678855034,0.08147974180188557,3.363969588064743,0.000830610481062481,0.9072532943690538,outputViewer0000000152_heading.xml,00000001529_lightTableData.bin
5,18,LN_TASP,CRAWL,8.25129233328842,1.6504553756383494e-15,0.8045136860691976,1.2429869339898194,0.6829868075585265,outputViewer0000000152_heading.xml,00000001529_lightTableData.bin
5,18,LN_TASP,SLAB,0.8710175718286327,1.1480824639399396,0.6890162863154986,0.07981847714611148,0.21396310473471028,outputViewer0000000152_heading.xml,00000001529_lightTableData.bin
5,18,LN_TASP,GARAGE,-0.47539570107038115,0.04740406705047466,-0.2511363330129951,-10.028584690089813,1.4725478400764698e-21,outputViewer0000000152_heading.xml,00000001529_lightTableData.bin
5,18,LN_TASP,FIREPLACE,-0.15280767894638922,-6.1256474973655815,1.9622996787475625e-09,0.8626973375459196,1.1591550784712745,outputViewer0000000152_heading.xml,00000001529_lightTableData.bin
5,18,LN_TASP,HOT_WATER,1.3422184420264926e-09,0.878279078513221,1.1385902550392435,-0.4671157853494227,0.07555657410702198,outputViewer0000000152_heading.xml,00000001529_lightTableData.bin
5,18,LN_TASP,CENTRAL_AIR,1.0837221110998245,-1.5272677378719814,0.475337929908598,-0.07718836924546897,-3.213014661307709,outputViewer0000000152_heading.xml,00000001529_lightTableData.bin
5,18,LN_TASP,ECF5R502,0.5032276319221436,0.615046161635937,0.5768040682994992,1.7336909619034813,-1.5237086654536314,outputViewer0000000152_heading.xml,00000001529_lightTableData.bin
5,18,LN_TASP,ECF5R504,-0.08231852445160288,0.09390564186913698,-0.0338265543547941,-0.8766089322547689,0.38115564524635637,outputViewer0000000152_heading.xml,00000001529_lightTableData.bin
5,18,LN_TASP,ECF5R508_509,0.3466023076795436,0.357809464564256,2.7947835343534306,-0.08603443539083437,0.09337433935506338,outputViewer0000000152_heading.xml,00000001529_lightTableData.bin
5,18,LN_TASP,ECF5R510,,0.07792516601805383,0.05749361943726106,0.042505947648809814,1.3553706790557576,outputViewer0000000152_heading.xml,00000001529_lightTableData.bin
5,18,LN_TASP,ECF5R511_518,0.0557438417121855,0.04236393232547964,1.3932447108170047,0.16421000251028392,0.569439845643553,outputViewer0000000152_heading.xml,00000001529_lightTableData.bin
5,18,LN_TASP,ECF5R512_513,-2.0128694135594833,0.04471822979493936,0.6235550353529935,1.603707681446116,-0.13970650409673543,outputViewer0000000152_heading.xml,00000001529_lightTableData.bin
5,18,LN_TASP,ECF5R517_521,-0.13841980687337668,0.06923205414607521,-0.05833087184924964,-1.9993601024941385,0.04616098819727085,outputViewer0000000152_heading.xml,00000001529_lightTableData.bin
5,18,LN_TASP,ECF5R533,0.9111083643620624,1.0975642844637667,0.4143839976461377,0.4753666853905771,0.020943037181084423,outputViewer0000000152_heading.xml,00000001529_lightTableData.bin
5,18,LN_TASP,ECF5R539,0.2551028609529303,0.791341369178685,1.2636771423158086,0.19495617440427257,0.17243260072210864,outputViewer0000000152_heading.xml,00000001529_lightTableData.bin
5,19,LN_TASP,(Constant),1.2491547673130554,0.019981428221760664,8.316519781487937,1.0701648963627443e-15,0.5445398805134084,outputViewer0000000152_heading.xml,00000001529_lightTableData.bin
5,19,LN_TASP,LN_LANDRATIO,16.64055838548526,3.679760539609342e-49,0.7703047642715121,1.2981874790112637,9.896613723990521,outputViewer0000000152_heading.xml,00000001529_lightTableData.bin
5,19,LN_TASP,LNSBLDSFINT,0.39243140707782426,2.5482160244164325,0.4295106522121984,0.08811063628528033,0.1795661250734925,outputViewer0000000152_heading.xml,00000001529_lightTableData.bin
5,19,LN_TASP,ARTERIAL,0.4155974823488513,0.0811093915066439,0.17374942649574399,5.123913206953458,4.3773844573577975e-07,outputViewer0000000152_heading.xml,00000001529_lightTableData.bin
5,19,LN_TASP,SINGLE_FAMILY1STORY,0.06251746464727527,0.7387184745286395,0.4604563505156283,0.07421426120342406,13.474499156691229,outputViewer0000000152_heading.xml,00000001529_lightTableData.bin
5,19,LN_TASP,HALF_DUPLEX2STORY,0.0098062713914719,0.2735994599821164,3.65497797424514,0.2397854807039881,0.08420050284991035,outputViewer0000000152_heading.xml,00000001529_lightTableData.bin
5,19,LN_TASP,ROW_HOUSE2STORY,1.2377831822561842,-0.13978991471029611,0.06810397905077653,-0.05252172441862856,-2.0525954086481852,outputViewer0000000152_heading.xml,00000001529_lightTableData.bin
5,19,LN_TASP,SMALL,1.6306337885914752,0.10364764134743354,0.837612797902031,1.1938690556122116,,outputViewer0000000152_heading.xml,00000001529_lightTableData.bin
5,19,LN_TASP,LARGE,,,-0.399708950339227,0.4924517704001536,-0.020201357813327353,outputViewer0000000152_heading.xml,00000001529_lightTableData.bin
5,19,LN_TASP,LARGEST,0.06521140299979969,0.044402326272825414,0.036046687883570225,1.4686483451140622,0.142602886685585,outputViewer0000000152_heading.xml,00000001529_lightTableData.bin
5,19,LN_TASP,TWO_BATHS,-0.05928413895591887,-2.313929445442173,0.021117256711273586,0.8160627303197643,1.2253959932812544,outputViewer0000000152_heading.xml,00000001529_lightTableData.bin
5,19,LN_TASP,POWDER_ROOM,1.9941231037814846,-0.16425043974314277,0.3233121973983733,-0.01655310210999804,-0.508024259724292,outputViewer0000000152_heading.xml,00000001529_lightTableData.bin
5,19,LN_TASP,EXCELLENT,0.47680521858440605,-0.0637630165826974,-2.646008086091742,0.0084172950306554,0.9087091638484126,outputViewer0000000152_heading.xml,00000001529_lightTableData.bin
5,19,LN_TASP,GOOD,-1.3719092098538481,0.17076185153234918,0.8004705440161473,1.2492652071652344,-0.2905610498678678,outputViewer0000000152_heading.xml,00000001529_lightTableData.bin
5,19,LN_TASP,POOR,0.1044222287125064,0.0937867976030501,0.05777794871744272,1.1134000880856436,0.26611557714538026,outputViewer0000000152_heading.xml,00000001529_lightTableData.bin
5,19,LN_TASP,QBEST,0.43090329574423225,0.09652736956060022,10.359756041753489,0.046869465317703016,0.054465561630165193,outputViewer0000000152_heading.xml,00000001529_lightTableData.bin
5,19,LN_TASP,QABOVE_AVG,4.952203308500681,0.22517764897910186,0.10476359232242316,0.1105181925412309,2.149388389490208,outputViewer0000000152_heading.xml,00000001529_lightTableData.bin
5,19,LN_TASP,QBELOW_AVG,0.06873791981339712,0.10191683117784703,3.0209325849229125,0.002658238723750783,0.4623879899929855,outputViewer0000000152_heading.xml,00000001529_lightTableData.bin
5,19,LN_TASP,EXT_BRICK,1.4322046937697765,0.15277186140781002,0.14647594036218825,6.827059771914207,,outputViewer0000000152_heading.xml,00000001529_lightTableData.bin
5,19,LN_TASP,YB_PRE_1910,0.33203604125494257,0.16927320639500523,0.09329615948065191,1.961539267355309,0.05042149216566971,outputViewer0000000152_heading.xml,00000001529_lightTableData.bin
5,19,LN_TASP,YB_1930_TO_1945,0.07986544517038763,2.13685083025343,0.03312360359885129,0.3786071377039528,2.6412602944161545,outputViewer0000000152_heading.xml,00000001529_lightTableData.bin
5,19,LN_TASP,YB_1946_TO_1960,0.00041552017373422965,0.8590590639802558,1.1640643140027256,1.7636865959076051,0.49016584793449713,outputViewer0000000152_heading.xml,00000001529_lightTableData.bin
5,19,LN_TASP,YB_1961_TO_1990,1.1022280174749286,1.6150451031674677,0.4800819544635505,0.08162465210263378,3.3641029164950367,outputViewer0000000152_heading.xml,00000001529_lightTableData.bin
5,19,LN_TASP,CRAWL,0.0824189523109787,0.21209074551708937,8.28676886089886,1.267666847938922e-15,0.8055820245427918,outputViewer0000000152_heading.xml,00000001529_lightTableData.bin
5,19,LN_TASP,SLAB,8.632290554156048,9.045321257228422e-17,0.8731690511102878,1.1452536009246308,-0.4758458934981998,outputViewer0000000152_heading.xml,00000001529_lightTableData.bin
5,19,LN_TASP,GARAGE,0.8400162121731193,1.1904532144838051,-0.47400734773383996,0.04736341216954254,-0.25040291038195267,outputViewer0000000152_heading.xml,00000001529_lightTableData.bin
5,19,LN_TASP,FIREPLACE,-0.4713112775608257,0.07684160853567021,-0.1526706484314157,-6.133542575986563,1.871370859782052e-09,outputViewer0000000152_heading.xml,00000001529_lightTableData.bin
5,19,LN_TASP,HOT_WATER,-0.15131161344350122,-6.182331463146772,1.3766726207019805e-09,0.878311257042711,1.1385485407155285,outputViewer0000000152_heading.xml,00000001529_lightTableData.bin
5,19,LN_TASP,CENTRAL_AIR,0.0014065605236886383,0.9242810843356153,1.0819219574517338,-1.5241843905761316,0.47478720952424003,outputViewer0000000152_heading.xml,00000001529_lightTableData.bin
5,19,LN_TASP,ECF5R502,0.4740063489247172,-0.07700849312474257,-3.2145321869847576,0.0013986942660264086,0.9246626715748837,outputViewer0000000152_heading.xml,00000001529_lightTableData.bin
5,19,LN_TASP,ECF5R504,0.3552658678372911,2.8147933436093333,-0.08706250094268579,0.09351827681575574,-0.03577596221532769,outputViewer0000000152_heading.xml,00000001529_lightTableData.bin
5,19,LN_TASP,ECF5R508_509,-0.03535350669268966,-0.9213927079438984,0.3573242458799537,0.3581011328766285,2.7925072226580077,outputViewer0000000152_heading.xml,00000001529_lightTableData.bin
5,19,LN_TASP,ECF5R510,0.17597637113296757,0.5470290608479468,1.8280564444782976,0.07748930937744652,0.05728582955133707,outputViewer0000000152_heading.xml,00000001529_lightTableData.bin
5,19,LN_TASP,ECF5R511_518,1.7561117432340003,0.08160409977932415,0.0555625951136196,0.0445127007152552,1.4686876956062336,outputViewer0000000152_heading.xml,00000001529_lightTableData.bin
5,19,LN_TASP,ECF5R512_513,0.06946083160476348,-0.058873093172482543,-2.0112990424830253,0.044883101521114195,0.6238750381657331,outputViewer0000000152_heading.xml,00000001529_lightTableData.bin
5,19,LN_TASP,ECF5R517_521,0.6254940344629136,1.5987362706962658,-0.13691062984871688,0.06911162297362528,-0.0576948963078028,outputViewer0000000152_heading.xml,00000001529_lightTableData.bin
5,19,LN_TASP,ECF5R533,0.871714426739152,0.38381403814770565,0.9126339318976384,1.0957295855970437,0.42952631505733024,outputViewer0000000152_heading.xml,00000001529_lightTableData.bin
5,19,LN_TASP,ECF5R539,0.02932428570212159,1.130622478509518,0.25880832872646936,0.7929809040170002,1.261064415213915,outputViewer0000000152_heading.xml,00000001529_lightTableData.bin
5,20,LN_TASP,(Constant),1.8364127877230412,10.389372541498496,1.2477807921633273,0.01994191183601033,8.326280230268672,outputViewer0000000152_heading.xml,00000001529_lightTableData.bin
5,20,LN_TASP,LN_LANDRATIO,0.5889289689839411,-0.0822128080179374,16.80442675636216,6.277942087918051e-50,0.7704896210618416,outputViewer0000000152_heading.xml,00000001529_lightTableData.bin
5,20,LN_TASP,LNSBLDSFINT,4.87467427679843,1.5072356960110426e-06,0.39311965996054854,2.543754744039906,0.4275502759072094,outputViewer0000000152_heading.xml,00000001529_lightTableData.bin
5,20,LN_TASP,ARTERIAL,0.4578698216926703,2.1840268841112143,0.4198924556147817,0.08114761926459697,0.17554503203587468,outputViewer0000000152_heading.xml,00000001529_lightTableData.bin
5,20,LN_TASP,SINGLE_FAMILY1STORY,0.13289724842742395,0.1616028104122745,0.06878340667820781,0.8223696610744696,0.41129353851561445,outputViewer0000000152_heading.xml,00000001529_lightTableData.bin
5,20,LN_TASP,HALF_DUPLEX2STORY,0.1241053703515844,2.847791552164625,0.004594049517230513,0.27938882827270173,3.5792411821990777,outputViewer0000000152_heading.xml,00000001529_lightTableData.bin
5,20,LN_TASP,ROW_HOUSE2STORY,0.04067583067860552,0.8079527773721152,1.2376960980968748,-0.14509382862463288,0.06749884701962383,outputViewer0000000152_heading.xml,00000001529_lightTableData.bin
5,20,LN_TASP,LARGE,-0.8116712627805842,0.41740751148180655,0.8685460513724602,1.1513494286455148,-0.39932167142049246,outputViewer0000000152_heading.xml,00000001529_lightTableData.bin
5,20,LN_TASP,LARGEST,0.8739578474269986,1.1442199448681416,0.0643281671277517,0.044382935639505745,0.035558464561532756,outputViewer0000000152_heading.xml,00000001529_lightTableData.bin
5,20,LN_TASP,TWO_BATHS,-1.1586694090784362,0.500526849645493,-0.05855934749593476,-2.3148996100790282,0.021062614543059188,outputViewer0000000152_heading.xml,00000001529_lightTableData.bin
5,20,LN_TASP,POWDER_ROOM,0.6116814439460656,0.5014737214739025,1.9941224378834008,-0.1666681003401294,0.3230142884944507,outputViewer0000000152_heading.xml,00000001529_lightTableData.bin
5,20,LN_TASP,EXCELLENT,1.1004621057907766,-1.2671953224767525,0.4773265996648957,-0.06404426547617248,-2.6547762545946094,outputViewer0000000152_heading.xml,00000001529_lightTableData.bin
5,20,LN_TASP,GOOD,0.2231608859014269,-0.03270636356176118,-1.3020249883584547,0.19355943103594836,0.8395833174805111,outputViewer0000000152_heading.xml,00000001529_lightTableData.bin
5,20,LN_TASP,POOR,0.1961750261687006,5.097488806450065,0.10711435082233021,0.09365514727207741,0.059267529002409995,outputViewer0000000152_heading.xml,00000001529_lightTableData.bin
5,20,LN_TASP,QBEST,0.02593338216325459,0.8605339578788965,0.38993824235735053,0.5800229502817307,1.724069710542103,outputViewer0000000152_heading.xml,00000001529_lightTableData.bin
5,20,LN_TASP,QABOVE_AVG,0.03213265429761595,0.20305190234839549,4.92484920571788,0.22583491003809547,0.10449993868817344,outputViewer0000000152_heading.xml,00000001529_lightTableData.bin
5,20,LN_TASP,QBELOW_AVG,2.1626859296565426,0.2039992670308091,0.06861511941908822,0.10012374840130485,2.973094979035451,outputViewer0000000152_heading.xml,00000001529_lightTableData.bin
5,20,LN_TASP,YB_PRE_1910,0.23496254749644843,4.255997437272915,0.3436636781697771,0.1675523117115983,0.09656331645520633,outputViewer0000000152_heading.xml,00000001529_lightTableData.bin
5,20,LN_TASP,YB_1930_TO_1945,0.2744642129690093,0.13309225441896932,0.07711951054502321,2.062210262852761,0.03973328924286311,outputViewer0000000152_heading.xml,00000001529_lightTableData.bin
5,20,LN_TASP,YB_1946_TO_1960,0.08913701823354536,3.598142553871468,0.00035518039764087056,0.8619811167122057,1.1601182213993622,outputViewer0000000152_heading.xml,00000001529_lightTableData.bin
5,20,LN_TASP,YB_1961_TO_1990,0.0008300844963231878,0.9072655041119025,1.1022131839773548,1.601676379186751,0.48073238793451273,outputViewer0000000152_heading.xml,00000001529_lightTableData.bin
5,20,LN_TASP,CRAWL,1.2413385223777182,0.6849814910185942,0.08233859917719041,0.21271016290178038,8.319081182624114,outputViewer0000000152_heading.xml,00000001529_lightTableData.bin
5,20,LN_TASP,SLAB,0.04840860579845395,-0.2513741552634236,-9.829778933922471,8.549501425634768e-21,0.8226969472061092,outputViewer0000000152_heading.xml,00000001529_lightTableData.bin
5,20,LN_TASP,GARAGE,-10.007880049627307,1.7335316322603238e-21,0.8409903576084553,1.1890742752910084,-0.4735071268891922,outputViewer0000000152_heading.xml,00000001529_lightTableData.bin
5,20,LN_TASP,FIREPLACE,0.8645936072640493,1.1566127618783066,-0.47055153835053326,0.07665193431331406,-0.1524245480654869,outputViewer0000000152_heading.xml,00000001529_lightTableData.bin
5,20,LN_TASP,HOT_WATER,-0.46325404578709617,0.07545451424123932,-0.15006069009173068,-6.139513989925162,1.7651590257168211e-09,outputViewer0000000152_heading.xml,00000001529_lightTableData.bin
5,20,LN_TASP,CENTRAL_AIR,-0.077032536352727,-3.2102473697710576,0.0014196584035699763,0.9246272043295728,1.0815169565826028,outputViewer0000000152_heading.xml,00000001529_lightTableData.bin
5,20,LN_TASP,ECF5R502,1.0814754728844,-1.5171581906014893,0.4734012922546973,-0.07667743102012116,-3.2048036526804293,outputViewer0000000152_heading.xml,00000001529_lightTableData.bin
5,20,LN_TASP,ECF5R504,-0.9309677627423703,0.35235644839917224,0.35772730737402747,2.7954253963464804,,outputViewer0000000152_heading.xml,00000001529_lightTableData.bin
5,20,LN_TASP,ECF5R508_509,-0.09914302623122577,0.09184442277402213,-0.04074012487530726,-1.0794670295349498,0.28093917334232554,outputViewer0000000152_heading.xml,00000001529_lightTableData.bin
5,20,LN_TASP,ECF5R510,0.04226820032667068,1.3526784893287436,0.17683313716635343,0.5498021911628415,1.8188359669592844,outputViewer0000000152_heading.xml,00000001529_lightTableData.bin
5,20,LN_TASP,ECF5R511_518,0.14259076800639248,0.5729376004536646,1.7453907706671337,0.0800045680680805,0.055527708092306324,outputViewer0000000152_heading.xml,00000001529_lightTableData.bin
5,20,LN_TASP,ECF5R512_513,1.6028850952910683,-0.13959330697008568,0.06938772287145248,-0.05882539127751926,-2.011786829043171,outputViewer0000000152_heading.xml,00000001529_lightTableData.bin
5,20,LN_TASP,ECF5R517_521,-1.9810073032283644,0.04818816031665113,0.6266564599630958,1.5957706716354454,-0.13916639807581116,outputViewer0000000152_heading.xml,00000001529_lightTableData.bin
5,20,LN_TASP,ECF5R531_537,,-0.057389886867676265,0.38744860285322774,-0.005013845964059039,-0.1481225805049981,outputViewer0000000152_heading.xml,00000001529_lightTableData.bin
5,20,LN_TASP,ECF5R533,0.4749086184458112,0.02170833245877803,0.9044399245964426,0.36622950746730487,0.9138861595243832,outputViewer0000000152_heading.xml,00000001529_lightTableData.bin
5,20,LN_TASP,ECF5R539,0.1917449720425056,0.17199910614179145,0.028841273477494562,1.1148021425439048,0.26552112689787133,outputViewer0000000152_heading.xml,00000001529_lightTableData.bin
